<?xml version="1.0" encoding="UTF-8"?>
<root>	<sentences sloka="2">
		<sanskrit></sanskrit>
		<indonesian></indonesian>
	</sentences>	<sentences sloka="3">
		<sanskrit></sanskrit>
		<indonesian></indonesian>
	</sentences>	<sentences sloka="4">
		<sanskrit></sanskrit>
		<indonesian>Dikatakan bahwa seseorang sudah maju dalam yoga apabila dia tidak bertindak untuk kepuasan indera-indera atau menjadi sibuk dalam kegiatan untuk membuahkan hasil setelah meninggalkan segala keinginan material.</indonesian>
	</sentences>	<sentences sloka="5">
		<sanskrit></sanskrit>
		<indonesian>Seseorang harus menyelamatkan diri dengan bantuan pikirannya, dan tidak menyebabkan Diri-Nya merosot. Pikiran adalah kawan bagi roh yang terikat, dan pikiran juga musuhnya.</indonesian>
	</sentences>	<sentences sloka="6">
		<sanskrit></sanskrit>
		<indonesian>Pikiran adalah kawan yang paling baik bagi orang yang sudah menaklukkan pikiran; tetapi bagi orang yang gagal mengendalikan pikiran, maka pikirannya akan tetap sebagai musuh yang paling besar.</indonesian>
	</sentences>	<sentences sloka="7">
		<sanskrit></sanskrit>
		<indonesian>Orang yang sudah menaklukkan pikiran sudah mencapai kepada Roh Yang Utama, sebab dia sudah mencapai ketenangan. Bagi orang seperti itu, suka dan duka, panas dan dingin, penghormatan dan penghinaan semua sama.</indonesian>
	</sentences>	<sentences sloka="8">
		<sanskrit></sanskrit>
		<indonesian>Dikatakan bahwa seseorang sudah mantap dalam keinsafan diri dan dia disebut seorang yogi (atau ahli kebatinan) apabila ia puas sepenuhnya atas dasar pengetahuan yang telah diperoleh dan keinsafan. Orang seperti itu mantap dalam kerohanian dan sudah mengendalikan diri. Dia melihat segala sesuatu—baik batu kerikil, batu maupun emas—sebagai hal yang sama.</indonesian>
	</sentences>	<sentences sloka="9">
		<sanskrit></sanskrit>
		<indonesian>Seseorang dianggap lebih maju lagi apabila dia memandang orang jujur yang mengharapkan kesejahteraan, penolong yang penuh kasih sayang, orang netral, perantara, orang iri, kawan dan musuh, orang saleh dan orang yang berdosa dengan sikap pikiran yang sama.</indonesian>
	</sentences>	<sentences sloka="10">
		<sanskrit></sanskrit>
		<indonesian>Seorang rohaniawan seharusnya selalu menjadikan badannya, pikiran dan Diri-Nya tekun dalam hubungan dengan Yang Mahakuasa. Hendaknya dia hidup sendirian di tempat yang sunyi dan selalu mengendalikan pikirannya dengan hati-hati. Seharusnya dia bebas dari keinginan dan rasa memiliki sesuatu.</indonesian>
	</sentences>	<sentences sloka="11-12">
		<sanskrit></sanskrit>
		<indonesian>Untuk berlatih yoga, seseorang harus pergi ke tempat sunyi dan menaruh rumput kusa di atas tanah, kemudian menutupi rumput kusa itu dengan kulit rusa dan kain yang lunak. Tempat duduk itu hendaknya tidak terlalu tinggi ataupun terlalu rendah, dan sebaiknya terletak di tempat suci. Kemudian yogi harus duduk di atas tempat duduk itu dengan teguh sekali dan berlatih yoga untuk menyucikan hatinya dengan mengendalikan pikiran, indera-indera dan kegiatannya dan memusatkan pikiran pada satu titik.</indonesian>
	</sentences>	<sentences sloka="13-14">
		<sanskrit></sanskrit>
		<indonesian>Seseorang harus menjaga badan, leher dan kepalanya tegak dalam garis lurus dan memandang ujung hidung dengan mantap. Seperti itu, dengan pikiran yang tidak goyah dan sudah ditaklukkan, bebas dari rasa takut, bebas sepenuhnya dari hubungan suami-isteri, hendaknya ia bersemadi kepada-Ku di dalam hati dan menjadikan Aku sebagai tujuan hidup yang tertinggi.</indonesian>
	</sentences>	<sentences sloka="15">
		<sanskrit></sanskrit>
		<indonesian>Dengan berlatih mengendalikan badan, pikiran dan kegiatan senantiasa seperti itu, seorang ahli kebatinan yang melampaui keduniawian dengan pikiran yang teratur mencapai kerajaan Tuhan [atau tempat tinggal Krishna] dengan cara menghentikan kehidupan material.</indonesian>
	</sentences>	<sentences sloka="16">
		<sanskrit></sanskrit>
		<indonesian>Wahai Arjuna, tidak mungkin seseorang menjadi yogi kalau dia makan terlalu banyak, makan terlalu sedikit, tidur terlalu banyak atau tidak tidur secukupnya.</indonesian>
	</sentences>	<sentences sloka="17">
		<sanskrit></sanskrit>
		<indonesian>Orang yang teratur dalam kebiasaan makan, tidur, berekreasi dan bekerja dapat menghilangkan segala rasa sakit material dengan berlatih sistem yoga.</indonesian>
	</sentences>	<sentences sloka="18">
		<sanskrit></sanskrit>
		<indonesian>Apabila seorang yogi mendisiplinkan kegiatan pikirannya dan menjadi mantap dalam kerohanian yang melampaui hal-hal duniawi—bebas dari segala keinginan material—dikatakan bahwa dia sudah mantap dengan baik dalam yoga.</indonesian>
	</sentences>	<sentences sloka="19">
		<sanskrit></sanskrit>
		<indonesian>Ibarat lampu di tempat yang tidak ada angin tidak bergoyang, seorang rohaniawan yang pikirannya terkendalikan selalu mantap dalam semadinya pada sang diri yang rohani dan melampaui hal-hal duniawi.</indonesian>
	</sentences>	<sentences sloka="20-23">
		<sanskrit></sanskrit>
		<indonesian>Pada tingkat kesempurnaan yang disebut semadi atau samadhi, pikiran seseorang terkekang sepenuhnya dari kegiatan pikiran yang bersifat material melalui latihan yoga. Ciri kesempurnaan itu ialah bahwa seseorang sanggup melihat sang diri dengan pikiran yang murni ia menikmati dan riang dalam sang diri. Dalam keadaan riang itu, seseorang berada dalam kebahagiaan rohani yang tidak terhingga, yang diinsafi melalui indera-indera rohani. Setelah menjadi mantap seperti itu, seseorang tidak pernah menyimpang dari kebenaran, dan setelah mencapai kedudukan ini, dia berpikir tidak ada keuntungan yang lebih besar lagi. Kalau ia sudah mantap dalam kedudukan seperti itu, ia tidak pernah tergoyahkan, bahkan di tengah-tengah kesulitan yang paling besar sekalipun. Ini memang kebebasan yang sejati dari segala kesengsaraan yang berasal dari hubungan material.</indonesian>
	</sentences>	<sentences sloka="24">
		<sanskrit></sanskrit>
		<indonesian>Hendaknya seseorang menekuni latihan yoga dengan ketabahan hati dan keyakinan dan jangan disesatkan dari jalan itu. Hendaknya ia meninggalkan segala keinginan meterial yang dilahirkan dari angan-angan tanpa terkecuali, dan dengan demikian mengendalikan segala indera di segala sisi melalui pikiran.</indonesian>
	</sentences>	<sentences sloka="25">
		<sanskrit></sanskrit>
		<indonesian>Berangsur-angsur, selangkah demi selangkah, seseorang harus mantap dalam semadi dengan menggunakan kecerdasan yang diperkokoh oleh keyakinan penuh, dan dengan demikian pikiran harus dipusatkan hanya kepada sang diri dan tidak memikirkan sesuatu selain itu.</indonesian>
	</sentences>	<sentences sloka="26">
		<sanskrit></sanskrit>
		<indonesian>Dari manapun pikiran mengembara karena sifatnya yang berkedip-kedip dan tidak mantap, seseorang dengan pasti harus menarik pikirannya dan membawanya kembali di bawah pengendalian sang diri.</indonesian>
	</sentences>	<sentences sloka="27">
		<sanskrit></sanskrit>
		<indonesian>Seorang yogi yang pikirannya sudah dipusatkan pada-Ku pasti mencapai kesempurnaan tertinggi kebahagiaan rohani. Dia berada di atas pengaruh sifat nafsu, dia menginsafi persamaan sifat antara Diri-Nya dan Yang Mahakuasa, dan dengan demikian dia dibebaskan dari segala reaksi perbuatan dari dahulu.</indonesian>
	</sentences>	<sentences sloka="28">
		<sanskrit></sanskrit>
		<indonesian>Dengan demikian, seorang yogi yang sudah mengendalikan diri dan senantiasa menekuni latihan yoga dibebaskan dari segala pengaruh material dan mencapai tingkat tertinggi kebahagiaan yang sempurna dalam cinta-bhakti rohani kepada Tuhan.</indonesian>
	</sentences>	<sentences sloka="29">
		<sanskrit></sanskrit>
		<indonesian>Seorang yogi yang sejati melihat Aku bersemayam di dalam semua makhluk hidup, dan dia juga melihat setiap makhluk hidup di dalam Diri-Ku. Memang, orang yang sudah insaf akan Diri-Nya melihat Aku, Tuhan Yang Maha Esa yang sama di mana-mana.</indonesian>
	</sentences>	<sentences sloka="30">
		<sanskrit></sanskrit>
		<indonesian>Aku tidak pernah hilang bagi orang yang melihat Aku di mana-mana dan melihat segala sesuatu berada di dalam Diri-Ku, dan diapun tidak pernah hilang bagi-Ku.</indonesian>
	</sentences>	<sentences sloka="31">
		<sanskrit></sanskrit>
		<indonesian>Seorang yogi seperti itu, yang menekuni pengabdian yang patut dihormati kepada Roh Yang Utama, dengan mengetahui bahwa Aku dan Roh Yang Utama adalah satu, selalu tetap di dalam Diri-Ku dalam segala keadaan.</indonesian>
	</sentences>	<sentences sloka="32">
		<sanskrit></sanskrit>
		<indonesian>Orang yang melihat persamaan sejati semua makhluk hidup, baik yang dalam suka maupun dalam dukanya, menurut perbandingan dengan Diri-Nya sendiri, adalah yogi yang sempurna, wahai Arjuna.</indonesian>
	</sentences>	<sentences sloka="33">
		<sanskrit></sanskrit>
		<indonesian>Arjuna berkata: O Madhusūdana, sistem yoga yang sudah Anda ringkas kelihatannya kurang praktis dan hamba tidak tahan melaksanakannya, sebab pikiran gelisah dan tidak mantap.</indonesian>
	</sentences>	<sentences sloka="34">
		<sanskrit></sanskrit>
		<indonesian>Sebab pikiran gelisah, bergelora, keras dan kuat sekali, o Krishna, dan hamba pikir menaklukkan pikiran lebih sulit daripada mengendalikan angin.</indonesian>
	</sentences>	<sentences sloka="35">
		<sanskrit></sanskrit>
		<indonesian>Sri Krishna bersabda: Wahai putera Kuntī yang berlengan perkasa, tentu saja sulit mengendalikan pikiran yang gelisah, tetapi hal ini dimungkinkan dengan latihan yang cocok dan ketidakterikatan.</indonesian>
	</sentences>	<sentences sloka="36">
		<sanskrit></sanskrit>
		<indonesian>Keinsafan diri adalah pekerjaan yang sulit bagi orang yang pikirannya tidak terkendali. Tetapi orang yang pikirannya terkendali yang berusaha dengan cara yang cocok terjamin akan mencapai sukses. Itulah pendapat-Ku.</indonesian>
	</sentences>	<sentences sloka="37">
		<sanskrit></sanskrit>
		<indonesian>Arjuna berkata: O Krishna, bagaimana nasib seorang rohaniawan yang tidak mencapai sukses, yang mulai mengikuti proses keinsafan diri pada permulaan dengan kepercayaan, tetapi kemudian berhenti karena pikiran yang duniawi dan dengan demikian tidak mencapai kesempurnaan dalam kebatinan?</indonesian>
	</sentences>	<sentences sloka="38">
		<sanskrit></sanskrit>
		<indonesian>O Krishna yang berlengan perkasa, bukankah orang seperti itu yang telah dibingungkan hingga menyimpang dari jalan kerohanian jatuh dari sukses rohani maupun sukses material hingga Diri-Nya musnah, bagaikan awan yang diobrak-abrik, tanpa kedudukan di lingkungan manapun?</indonesian>
	</sentences>	<sentences sloka="39">
		<sanskrit></sanskrit>
		<indonesian>Inilah keragu-raguan hamba, o Krishna, dan hamba memohon agar Anda menghilangkan keragu-raguan ini sepenuhnya. Selain Anda, tiada seorangpun yang dapat ditemukan untuk membinasakan keragu-raguan ini.</indonesian>
	</sentences>	<sentences sloka="40">
		<sanskrit></sanskrit>
		<indonesian>Kepribadian Tuhan Yang Maha Esa bersabda: Putera Pṛthā, seorang rohaniwan yang sibuk dalam kegiatan yang mujur tidak mengalami kemusnahan baik di dunia ini maupun di dunia rohani; orang yang berbuat baik tidak pernah dikuasai oleh kejahatan, wahai kawan-Ku.</indonesian>
	</sentences>	<sentences sloka="41">
		<sanskrit></sanskrit>
		<indonesian>Sesudah seorang yogi yang tidak mencapai sukses menikmati selama bertahun-tahun di planet-planet makhluk yang saleh, ia dilahirkan dalam keluarga orang saleh atau dalam keluarga bangsawan yang kaya.</indonesian>
	</sentences>	<sentences sloka="42">
		<sanskrit></sanskrit>
		<indonesian>Atau [kalau dia belum mencapai sukses sesudah lama berlatih yoga] dia dilahirkan dalam keluarga rohaniwan yang pasti memiliki kebijaksanaan yang tinggi. Memang, jarang sekali seseorang dilahirkan dalam keadaan seperti itu di dunia ini.</indonesian>
	</sentences>	<sentences sloka="43">
		<sanskrit></sanskrit>
		<indonesian>Sesudah dilahirkan seperti itu, sekali lagi dia menghidupkan kesadaran suci dari penjelmaannya yang dahulu, dan dia berusaha maju lebih lanjut untuk mencapai sukses yang lengkap, wahai putera Kuru.</indonesian>
	</sentences>	<sentences sloka="44">
		<sanskrit></sanskrit>
		<indonesian>Berkat kesadaran suci dari penjelmaan sebelumnya, dengan sendirinya dia tertarik kepada prinsip-prinsip yoga—kendatipun tanpa diupayakan. Seorang rohaniwan yang ingin menemukan jawaban seperti itu selalu berada di atas prinsip-prinsip ritual dari Kitab Suci.</indonesian>
	</sentences>	<sentences sloka="45">
		<sanskrit></sanskrit>
		<indonesian>Apabila seorang yogi tekun dengan usaha yang tulus ikhlas untuk maju lebih lanjut, dengan disucikan dari segala pencemaran, akhirnya ia mencapai kesempurnaan sesudah melatihnya selama banyak penjelmaan, dan ia mencapai tujuan tertinggi.</indonesian>
	</sentences>	<sentences sloka="46">
		<sanskrit></sanskrit>
		<indonesian>Seorang yogi lebih mulia daripada orang yang bertapa, lebih mulia daripada orang yang mempelajari filsafat berdasarkan percobaan dan lebih mulia daripada orang yang bekerja dengan maksud mendapatkan hasil atau pahala. Karena itu, dalam segala keadaan, jadilah seorang yogi, wahai Arjuna.</indonesian>
	</sentences>	<sentences sloka="47">
		<sanskrit></sanskrit>
		<indonesian>Di antara semua yogi, orang yang mempunyai keyakinan yang kuat dan selalu tinggal di dalam Diri-Ku, berpikir tentang Aku di dalam Diri-Nya, dan mengabdikan diri kepada-Ku dalam cinta bhakti rohani sudah bersatu dengan-Ku dalam yoga dengan cara yang paling dekat, dan dialah yang paling tinggi diantara semuanya. Itulah pendapat-Ku.</indonesian>
	</sentences></root>