<?xml version="1.0" encoding="UTF-8"?>
<root>	<sentences sloka="2">
		<sanskrit></sanskrit>
		<indonesian>Sekarang Aku akan menyatakan pengetahuan ini kepadamu secara keseluruhan, baik yang dapat dilihat maupun yang tidak dapat dilihat. Dengan menguasai pengetahuan ini, tidak akan ada hal lain lagi yang belum engkau ketahui.</indonesian>
	</sentences>	<sentences sloka="4">
		<sanskrit></sanskrit>
		<indonesian>Tanah, air, api, udara, angkasa, pikiran, kecerdasan dan keakuan yang palsu—secara keseluruhan delapan unsur ini merupakan tenaga-tenaga material yang terpisah dari Diri-Ku.</indonesian>
	</sentences>	<sentences sloka="5">
		<sanskrit></sanskrit>
		<indonesian>Wahai Arjuna yang berlengan perkasa, di samping tenaga-tenaga tersebut, ada pula tenaga-Ku yang lain yang bersifat utama, terdiri dari para makhluk hidup yang menggunakan sumber-sumber alam material yang rendah tersebut.</indonesian>
	</sentences>	<sentences sloka="6">
		<sanskrit></sanskrit>
		<indonesian>Semua makhluk yang diciptakan bersumber dari kedua alam tersebut. Ketahuilah dengan pasti bahwa Aku adalah sumber perwujudan dan peleburan segala sesuatu di dunia ini, baik yang bersifat material maupun yang bersifat rohani.</indonesian>
	</sentences>	<sentences sloka="7">
		<sanskrit></sanskrit>
		<indonesian>Wahai perebut kekayaan, tidak ada kebenaran yang lebih tinggi dari pada-Ku. Segala sesuatu bersandar kepada-Ku, bagaikan mutiara diikat pada seutas tali.</indonesian>
	</sentences>	<sentences sloka="8">
		<sanskrit></sanskrit>
		<indonesian>Wahai putera Kuntī  (Arjuna), Aku adalah rasa air, cahaya matahari dan bulan, suku kata om dalam mantra-mantra Veda; Aku adalah suara di angkasa dan kesanggupan dalam manusia.</indonesian>
	</sentences>	<sentences sloka="9">
		<sanskrit></sanskrit>
		<indonesian>Aku adalah harum yang asli dari tanah, dan Aku adalah panas dalam api. Aku adalah nyawa segala sesuatu yang hidup, dan Aku adalah pertapaan semua orang yang bertapa.</indonesian>
	</sentences>	<sentences sloka="10">
		<sanskrit></sanskrit>
		<indonesian>Wahai putera Pṛthā, ketahuilah bahwa Aku adalah benih asli segala kehidupan, kecerdasan orang yang cerdas, dan kewibawaan orang yang perkasa.</indonesian>
	</sentences>	<sentences sloka="11">
		<sanskrit></sanskrit>
		<indonesian>Aku adalah kekuatan orang yang kuat, bebas dari nafsu dan keinginan. Aku adalah hubungan suami isteri yang tidak bertentangan dengan prinsip-prinsip keagamaan, wahai prabhu dari keluarga Bhārata  [Arjuna].</indonesian>
	</sentences>	<sentences sloka="12">
		<sanskrit></sanskrit>
		<indonesian>Ketahuilah bahwa segala keadaan hidup; baik kebaikan, nafsu maupun kebodohan—diwujudkan oleh tenaga-Ku. Menurut suatu pengertian, Aku adalah segala sesuatu, tetapi Aku bebas. Aku tidak berada di bawah pengaruh sifat-sifat alam material, sebaliknya sifat-sifat alam berada di dalam Diri-Ku.</indonesian>
	</sentences>	<sentences sloka="13">
		<sanskrit></sanskrit>
		<indonesian>Dikhayalkan oleh tiga sifat [kebaikan, nafsu dan kebodohan], seluruh dunia tidak mengenal Diri-Ku, yang berada di atas sifat-sifat alam dan tidak dapat dimusnahkan.</indonesian>
	</sentences>	<sentences sloka="14">
		<sanskrit></sanskrit>
		<indonesian>Tenaga rohani-Ku, terdiri dari tiga sifat alam material, sulit diatasi. Tetapi orang yang sudah menyerahkan diri kepada-Ku dengan mudah sekali dapat menyeberang melampaui tenaga itu.</indonesian>
	</sentences>	<sentences sloka="15">
		<sanskrit></sanskrit>
		<indonesian>Orang jahat yang bodoh secara kasar, manusia yang paling rendah, yang kehilangan pengetahuannya akibat khayalan, dan yang ikut dalam sifat orang jahat yang tidak percaya kepada Tuhan tidak menyerahkan diri kepada-Ku.</indonesian>
	</sentences>	<sentences sloka="16">
		<sanskrit></sanskrit>
		<indonesian>O yang paling baik di antara para Bhārata, empat jenis orang saleh mulai berbhakti kepada-Ku—orang yang berdukacita, orang yang menginginkan kekayaan, orang yang ingin tahu, dan orang yang mencari pengetahuan tentang Yang Mutlak.</indonesian>
	</sentences>	<sentences sloka="17">
		<sanskrit></sanskrit>
		<indonesian>Di antara orang tersebut, orang yang memiliki pengetahuan sepenuhnya dan selalu tekun dalam bhakti yang murni adalah yang paling baik. Sebab dia sangat mencintai-Ku dan Aku sangat mencintainya.</indonesian>
	</sentences>	<sentences sloka="18">
		<sanskrit></sanskrit>
		<indonesian>Semua penyembah tersebut tentu saja roh yang murah hati, tetapi orang yang mantap dalam pengetahuan tentang-Ku Aku anggap seperti Diri-Ku Sendiri. Oleh karena dia tekun dalam bhakti rohani kepada-Ku, dia pasti mencapai kepada-Ku, tujuan tertinggi yang paling sempurna.</indonesian>
	</sentences>	<sentences sloka="19">
		<sanskrit></sanskrit>
		<indonesian>Sesudah dilahirkan dan meninggal berulangkali, orang yang sungguh-sungguh memiliki pengetahuan menyerahkan diri kepada-Ku, dengan mengenal-Ku sebagai sebab segala sebab dan sebab segala sesuatu yang ada. Roh yang mulia seperti itu jarang sekali ditemukan.</indonesian>
	</sentences>	<sentences sloka="20">
		<sanskrit></sanskrit>
		<indonesian>Orang yang kecerdasannya sudah dicuri oleh keinginan duniawi menyerahkan diri kepada para dewa dan mengikuti aturan dan peraturan sembahyang tertentu menurut sifatnya masing-masing.</indonesian>
	</sentences>	<sentences sloka="21">
		<sanskrit></sanskrit>
		<indonesian>Aku bersemayam di dalam hati semua orang sebagai Roh Yang Utama. Begitu seseorang menyembah dewa tertentu, Aku menjadikan kepercayaannya mantap supaya ia dapat menyerahkan diri kepada dewa itu.</indonesian>
	</sentences>	<sentences sloka="22">
		<sanskrit></sanskrit>
		<indonesian>Setelah diberi kepercayaan seperti itu, dia berusaha menyembah dewa tertentu dan memperoleh apa yang diinginkannya. Tetapi sebenarnya hanya Aku Sendiri yang menganugerahkan berkat-berkat itu.</indonesian>
	</sentences>	<sentences sloka="23">
		<sanskrit></sanskrit>
		<indonesian>Orang yang kurang cerdas menyembah para dewa, dan hasilnya terbatas dan sementara. Orang yang menyembah para dewa pergi ke planet-planet dewa, tetapi para penyembah-Ku akhirnya mencapai planet-Ku yang paling tinggi.</indonesian>
	</sentences>	<sentences sloka="24">
		<sanskrit></sanskrit>
		<indonesian>Orang yang kurang cerdas, tidak mengenal Diri-Ku secara sempurna, menganggap bahwa dahulu Aku, Kepribadian Tuhan Yang Maha Esa, Krishna, tidak bersifat pribadi dan sekarang Aku sudah berwujud dalam kepribadian ini. Oleh karena pengetahuan mereka sangat kurang, mereka tidak mengenal sifat-Ku yang lebih tinggi, yang tidak dapat dimusnahkan dan bersifat Mahakuasa.</indonesian>
	</sentences>	<sentences sloka="25">
		<sanskrit></sanskrit>
		<indonesian>Aku tidak pernah terwujud kepada orang yang bodoh dan kurang cerdas. Bagi mereka, aku ditutupi oleh kekuatan dalam dari Diri-Ku. Karena itu, mereka tidak mengetahui bahwa Aku tidak dilahirkan dan tidak pernah gagal.</indonesian>
	</sentences>	<sentences sloka="26">
		<sanskrit></sanskrit>
		<indonesian>Wahai Arjuna, sebagai Kepribadian Tuhan Yang Maha Esa, Aku mengetahui segala sesuatu yang terjadi pada masa lampau, segala sesuatu yang sedang terjadi sekarang, dan segala sesuatu yang akan terjadi pada masa yang akan datang. Aku juga mengenal semua makhluk hidup, namun tiada seorangpun yang mengenal Diri-Ku.</indonesian>
	</sentences>	<sentences sloka="27">
		<sanskrit></sanskrit>
		<indonesian>Wahai prabhu dari keluarga Bhārata, wahai penakluk musuh, semua makhluk hidup dilahirkan ke dalam khayalan, dan dibingungkan oleh hal-hal relatif yang timbul dari keinginan dan rasa benci.</indonesian>
	</sentences>	<sentences sloka="28">
		<sanskrit></sanskrit>
		<indonesian>Orang yang sudah bertindak dengan cara yang saleh dalam penjelmaan-penjelmaan yang lalu dan dalam hidup ini dan dosanya sudah dihilangkan sepenuhnya, dibebaskan dari hal-hal relatif berupa khayalan, dan mereka menekuni bhakti kepada-Ku dengan ketabahan hati.</indonesian>
	</sentences>	<sentences sloka="29">
		<sanskrit></sanskrit>
		<indonesian>Orang cerdas yang sedang berusaha mencapai pembebasan dari usia tua dan kematian berlindung kepada-Ku dalam bhakti. Mereka sungguh-sungguh Brahman karena mereka mengetahui sepenuhnya segala sesuatu tentang kegiatan rohani yang melampaui hal-hal duniawi.</indonesian>
	</sentences>	<sentences sloka="30">
		<sanskrit></sanskrit>
		<indonesian>Orang yang sadar kepada-Ku sepenuhnya, yang mengenal Diri-Ku, Yang Mahakuasa, sebagai prinsip yang mengendalikan manifestasi material, para dewa dan segala cara korban suci, dapat mengerti dan mengenal Diri-Ku, Kepribadian Tuhan Yang Maha Esa, bahkan pada saat meninggal dunia sekalipun.</indonesian>
	</sentences></root>