<?xml version="1.0" encoding="UTF-8"?>
<root>	<sentences sloka="4">
		<sanskrit></sanskrit>
		<indonesian>Sikap bangga, sikap sombong, sikap tak peduli, amarah, sikap kasar, dan kebodohan—sifat-sifat ini dimiliki oleh orang yang bersifat jahat, wahai putera Pṛthā.</indonesian>
	</sentences>	<sentences sloka="5">
		<sanskrit></sanskrit>
		<indonesian>Sifat rohani menguntungkan untuk pembebasan, sedangkan sifat jahat mengakibatkan ikatan. Wahai putera Pāṇḍu, jangan khawatir, sebab engkau dilahirkan dengan sifat-sifat suci.</indonesian>
	</sentences>	<sentences sloka="6">
		<sanskrit></sanskrit>
		<indonesian>Wahai putera Pṛthā, di dunia ini ada dua jenis makhluk yang diciptakan. Yang satu disebut suci dan yang lain jahat. Aku sudah menerangkan sifat-sifat suci kepadamu secara panjang lebar. Sekarang dengarlah dari-Ku tentang sifat-sifat jahat.</indonesian>
	</sentences>	<sentences sloka="7">
		<sanskrit></sanskrit>
		<indonesian>Orang jahat tidak mengetahui apa yang harus dilakukan dan apa yang tidak seharusnya. Kebersihan, tingkah laku yang pantas dan kebenaran tidak dapat ditemukan dalam diri mereka.</indonesian>
	</sentences>	<sentences sloka="8">
		<sanskrit></sanskrit>
		<indonesian>Mereka mengatakan bahwa dunia ini tidak nyata, tidak ada dasarnya dan tidak ada Tuhan yang mengendalikan. Mereka mengatakan bahwa dunia ini dihasilkan dari keinginan untuk hubungan kelamin, dan tidak ada sebabnya selain nafsu birahi.</indonesian>
	</sentences>	<sentences sloka="9">
		<sanskrit></sanskrit>
		<indonesian>Dengan mengikuti kesimpulan-kesimpulan seperti itu, orang-orang jahat, yang sudah kehilangan Diri-Nya dan tidak memiliki kecerdasan sama sekali, menekuni pekerjaan yang tidak menguntungkan dan mengerikan dimaksudkan untuk menghancurkan dunia.</indonesian>
	</sentences>	<sentences sloka="10">
		<sanskrit></sanskrit>
		<indonesian>Dengan berlindung kepada hawa nafsu yang tidak dapat dipuaskan, terlena dalam rasa sombong dan kemasyhuran yang palsu, orang jahat yang berkhayal seperti itu selalu bertekad melakukan pekerjaan yang tidak bersih, sebab mereka tertarik kepada hal-hal yang tidak kekal.</indonesian>
	</sentences>	<sentences sloka="11-12">
		<sanskrit></sanskrit>
		<indonesian>Mereka percaya bahwa memuaskan indera-indera adalah kebutuhan utama peradaban manusia. Karena itu, sampai akhir hidupnya, kecemasan mereka tidak dapat diukur. Mereka diikat oleh jaringan beratus-ratus ribu keinginan dan terikat dalam hawa nafsu dan amarah. Mereka mendapat uang untuk kepuasan indera-indera dengan cara-cara yang melanggar hukum.</indonesian>
	</sentences>	<sentences sloka="13-15">
		<sanskrit></sanskrit>
		<indonesian>Orang jahat berpikir: Sekian banyak kekayaan kumiliki hari ini, dan aku akan memperoleh kekayaan lebih banyak lagi menurut rencanaku. Sekian banyak kumiliki sekarang, dan jumlah itu bertambah semakin banyak pada masa yang akan datang. Dia musuhku, dan dia sudah kubunuh, dan musuh-musuhku yang lain juga akan terbunuh. Akulah penguasa segala sesuatu. Akulah yang menikmati. Aku sempurna, perkasa dan bahagia. Aku manusia yang paling kaya, diiringi oleh keluarga yang bersifat bangsawan. Tiada seorang pun yang seperkasa dan sebahagia diriku. Aku akan melakukan korban suci, dan memberi sumbangan, dan dengan demikian aku akan menikmati.&quot; Dengan cara seperti inilah, mereka dikhayalkan oleh kebodohan.</indonesian>
	</sentences>	<sentences sloka="16">
		<sanskrit></sanskrit>
		<indonesian>Dibingungkan oleh berbagai kecemasan seperti itu dan diikat oleh jala khayalan, ikatan mereka terhadap kenikmatan indera-indera menjadi terlalu keras dan mereka jatuh ke dalam neraka.</indonesian>
	</sentences>	<sentences sloka="17">
		<sanskrit></sanskrit>
		<indonesian>Malas dalam diri sendiri dan selalu kurang sopan, berkhayal karena kekayaan dan penghormatan palsu, kadang-kadang mereka melakukan korban suci secara bangga hanya dalam nama saja, tanpa mengikuti aturan dan peraturan sama sekali.</indonesian>
	</sentences>	<sentences sloka="18">
		<sanskrit></sanskrit>
		<indonesian>Orang jahat dibingungkan oleh keakuan palsu, kekuatan, rasa bangga, hawa nafsu dan amarah sehingga mereka menjadi iri terhadap Kepribadian Tuhan Yang Maha Esa, yang bersemayam di dalam badan mereka sendiri dan juga di dalam badan orang lain, dan mereka menghina dharma yang sejati.</indonesian>
	</sentences>	<sentences sloka="19">
		<sanskrit></sanskrit>
		<indonesian>Orang yang iri dan nakal, manusia yang paling rendah, untuk selamanya Kubuang ke dalam lautan kehidupan material, di dalam berbagai jenis kehidupan yang jahat.</indonesian>
	</sentences>	<sentences sloka="20">
		<sanskrit></sanskrit>
		<indonesian>Setelah dilahirkan berulang kali di tengah-tengah jenis-jenis kehidupan yang jahat, orang seperti itu tidak pernah dapat mendekati-Ku, wahai putera Kuntī . Berangsur-angsur mereka merosot hingga mencapai jenis kehidupan yang paling menjijikkan.</indonesian>
	</sentences>	<sentences sloka="21">
		<sanskrit></sanskrit>
		<indonesian>Ada tiga pintu gerbang menuju neraka tersebut—hawa nafsu, amarah dan loba. Setiap orang waras harus meninggalkan tiga sifat ini, sebab tiga sifat ini menyebabkan sang roh merosot.</indonesian>
	</sentences>	<sentences sloka="22">
		<sanskrit></sanskrit>
		<indonesian>Orang yang sudah bebas dari tiga gerbang neraka tersebut melakukan perbuatan yang menguntungkan untuk keinsafan diri dan dengan demikian berangsur-angsur ia mencapai tujuan yang paling utama, wahai putera Kuntī.</indonesian>
	</sentences>	<sentences sloka="23">
		<sanskrit></sanskrit>
		<indonesian>Orang yang meninggalkan aturan Kitab Suci dan bertindak menurut kehendak sendiri tidak mencapai kesempurnaan, kebahagiaan maupun tujuan tertinggi.</indonesian>
	</sentences>	<sentences sloka="24">
		<sanskrit></sanskrit>
		<indonesian>Karena itu, seharusnya seseorang mengerti apa itu kewajiban dan apa yang bukan kewajiban menurut peraturan Kitab Suci. Dengan mengetahui aturan dan peraturan tersebut, hendaknya ia bertindak dengan cara supaya berangsur-angsur Diri-Nya maju ke tingkat yang lebih tinggi.</indonesian>
	</sentences></root>