<?xml version="1.0" encoding="UTF-8"?>
<root>	<sentences sloka="2">
		<sanskrit></sanskrit>
		<indonesian></indonesian>
	</sentences>	<sentences sloka="3">
		<sanskrit></sanskrit>
		<indonesian>Beberapa orang bijaksana menyatakan bahwa segala jenis kegiatan yang dimaksudkan untuk membuahkan hasil atau pahala hendaknya ditinggalkan sebagai kegiatan yang salah, namun resi-resi lain yakin bahwa perbuatan korban suci, kedermawanan dan pertapaan hendaknya tidak pernah ditinggalkan.</indonesian>
	</sentences>	<sentences sloka="4">
		<sanskrit></sanskrit>
		<indonesian>Wahai yang paling baik di antara para Bhārata, sekarang dengarlah keputusan-Ku tentang pelepasan ikatan. Wahai manusia yang sekuat harimau, dalam Kitab Suci dinyatakan bahwa ada tiga jenis pelepasan ikatan.</indonesian>
	</sentences>	<sentences sloka="5">
		<sanskrit></sanskrit>
		<indonesian>Perbuatan korban suci, kedermawanan dan pertapaan tidak boleh ditinggalkan; kegiatan itu harus dilakukan. Roh-roh yang mulia sekali pun disucikan oleh korban suci, kedermawanan dan pertapaan.</indonesian>
	</sentences>	<sentences sloka="6">
		<sanskrit></sanskrit>
		<indonesian>Segala kegiatan tersebut harus dilakukan tanpa ikatan maupun harapan untuk mendapat hasil. Kegiatan tersebut harus dilakukan sebagai kewajiban, wahai putera Pṛthā. Itulah pendapat-Ku yang terakhir.</indonesian>
	</sentences>	<sentences sloka="7">
		<sanskrit></sanskrit>
		<indonesian>Tugas kewajiban hendaknya tidak pernah ditinggalkan. Kalau seseorang meninggalkan tugas kewajiban yang telah ditetapkan karena khayalan, dikatakan bahwa pelepasan ikatan seperti itu bersifat kebodohan.</indonesian>
	</sentences>	<sentences sloka="8">
		<sanskrit></sanskrit>
		<indonesian>Siapapun yang meninggalkan tugas kewajiban yang sudah ditetapkan karena terasa sulit atau karena takut pada hal-hal yang tidak menyenangkan badan dikatakan telah melepaskan ikatan dalam sifat nafsu. Perbuatan seperti itu tidak membawa seseorang sampai kemajuan pelepasan ikatan.</indonesian>
	</sentences>	<sentences sloka="9">
		<sanskrit></sanskrit>
		<indonesian>Wahai Arjuna, bila seseorang melakukan tugas kewajibannya yang telah ditetapkan hanya karena kewajiban itu patut dilakukan, dan melepaskan ikatan terhadap segala pergaulan duniawi dan segala ikatan terhadap hasil, maka pelepasan ikatannya bersifat kebaikan.</indonesian>
	</sentences>	<sentences sloka="10">
		<sanskrit></sanskrit>
		<indonesian>Orang cerdas yang melepaskan ikatan dan mantap dalam sifat kebaikan, yang tidak membenci pekerjaan yang tidak menguntungkan maupun terikat pada pekerjaan yang menguntungkan, tidak ragu-ragu sama sekali tentang pekerjaan.</indonesian>
	</sentences>	<sentences sloka="11">
		<sanskrit></sanskrit>
		<indonesian>Memang tidak mungkin makhluk di dalam badan meninggalkan segala kegiatan. Tetapi orang yang melepaskan ikatan terhadap hasil perbuatan disebut orang yang serius melepaskan ikatan.</indonesian>
	</sentences>	<sentences sloka="12">
		<sanskrit></sanskrit>
		<indonesian>Tiga hasil perbuatan—yang diinginkan, yang tidak diinginkan dan campuran—diberikan kepada orang yang belum melepaskan ikatan sesudah ia meninggal. Tetapi tidak ada hasil seperti itu yang harus diderita atau dinikmati oleh orang yang berada pada tingkatan hidup untuk melepaskan ikatan.</indonesian>
	</sentences>	<sentences sloka="13">
		<sanskrit></sanskrit>
		<indonesian>Wahai Arjuna yang berlengan perkasa, menurut Vedanta, ada lima sebab untuk tercapainya segala perbuatan. Sekarang pelajarilah hal-hal ini dari-Ku.</indonesian>
	</sentences>	<sentences sloka="14">
		<sanskrit></sanskrit>
		<indonesian>Tempat perbuatan [badan], pelaku, berbagai indera, aneka jenis usaha, dan akhirnya Roh Yang Utama—inilah lima unsur perbuatan.</indonesian>
	</sentences>	<sentences sloka="15">
		<sanskrit></sanskrit>
		<indonesian>Perbuatan benar maupun salah manapun yang dilakukan seseorang dengan badan, pikiran maupun kata-kata disebabkan oleh lima unsur tersebut.</indonesian>
	</sentences>	<sentences sloka="16">
		<sanskrit></sanskrit>
		<indonesian>Karena itu, orang yang menganggap Diri-Nya satu-satunya pelaku, tanpa mempertimbangkan lima unsur tersebut, tentu tidak begitu cerdas dan tidak dapat melihat hal-hal dengan sebenarnya.</indonesian>
	</sentences>	<sentences sloka="17">
		<sanskrit></sanskrit>
		<indonesian>Orang yang tidak digerakkan oleh keakuan palsu dan kecerdasannya tidak terikat, tidak membunuh, meskipun ia membunuh orang didunia ini. Ia juga tidak diikat oleh perbuatannya.</indonesian>
	</sentences>	<sentences sloka="18">
		<sanskrit></sanskrit>
		<indonesian>Pengetahuan, obyek pengetahuan, dan dia yang mengetahui adalah tiga unsur yang menggerakkan perbuatan; indera; pekerjaan dan pelaku adalah tiga bahan perbuatan.</indonesian>
	</sentences>	<sentences sloka="19">
		<sanskrit></sanskrit>
		<indonesian>Menurut tiga sifat alam material yang berbeda, ada tiga jenis pengetahuan, perbuatan dan pelaku perbuatan. Sekarang dengarlah dari-Ku tentang hal-hal itu.</indonesian>
	</sentences>	<sentences sloka="20">
		<sanskrit></sanskrit>
		<indonesian>Pengetahuan yang memungkinkan alam rohani yang satu dan tidak dipisahkan dilihat di dalam semua makhluk hidup, meskipun mereka dipisahkan menjadi bentuk-bentuk yang jumlahnya tidak dapat di hitung, hendaknya engkau pahami sebagai pengetahuan dalam sifat kebaikan.</indonesian>
	</sentences>	<sentences sloka="21">
		<sanskrit></sanskrit>
		<indonesian>Pengetahuan yang menyebabkan seseorang melihat jenis makhluk hidup yang lain di dalam setiap badan hendaknya engkau pahami sebagai pengetahuan dalam sifat nafsu.</indonesian>
	</sentences>	<sentences sloka="22">
		<sanskrit></sanskrit>
		<indonesian>Pengetahuan yang menyebabkan seseorang terikat pada satu jenis pekerjaan sebagai segala-galanya, tanpa pengetahuan tentang kebenaran, dan jumlahnya sedikit sekali, dikatakan sebagai pengetahuan dalam sifat kegelapan.</indonesian>
	</sentences>	<sentences sloka="23">
		<sanskrit></sanskrit>
		<indonesian>Perbuatan yang teratur dan dilakukan tanpa ikatan, tanpa cinta kasih maupun rasa benci dan tanpa keinginan untuk memperoleh hasil atau pahala dikatakan perbuatan dalam sifat kebaikan.</indonesian>
	</sentences>	<sentences sloka="24">
		<sanskrit></sanskrit>
		<indonesian>Tetapi perbuatan yang dilakukan dengan usaha yang keras oleh orang yang mencari kepuasan keinginannya, dan dilakukan berdasarkan rasa keakuan palsu, disebut perbuatan dalam sifat nafsu.</indonesian>
	</sentences>	<sentences sloka="25">
		<sanskrit></sanskrit>
		<indonesian>Perbuatan yang dilakukan dalam khayalan, tanpa mempedulikan aturan Kitab Suci, dan tanpa mempedulikan ikatan pada masa yang akan datang, kekerasan maupun dukacita yang diakibatkan terhadap orang lain disebut perbuatan dalam sifat kebodohan.</indonesian>
	</sentences>	<sentences sloka="26">
		<sanskrit></sanskrit>
		<indonesian>Orang yang melakukan tugas kewajiban tanpa pergaulan dengan sifat-sifat alam material, tanpa keakuan palsu, dengan ketabahan hati dan semangat yang besar, tanpa goyah baik dalam sukses maupun dalam kegagalan dikatakan sebagai orang yang bekerja dalam sifat kebaikan.</indonesian>
	</sentences>	<sentences sloka="27">
		<sanskrit></sanskrit>
		<indonesian>Pekerja yang terikat pada pekerjaan dan hasil atau pahala dari pekerjaan, yang ingin menikmati hasil-hasil itu, yang bersifat kelobaan, selalu iri, tidak suci dan digerakkan oleh rasa riang dan rasa sedih, dikatakan sebagai pekerja dalam sifat nafsu.</indonesian>
	</sentences>	<sentences sloka="28">
		<sanskrit></sanskrit>
		<indonesian>Pekerja yang selalu sibuk dalam pekerjaan yang bertentangan dengan aturan Kitab Suci, yang duniawi, keras kepala, menipu dan ahli menghina orang lain, malas, selalu murung dan menunda-nunda dikatakan sebagai pekerja dalam sifat kebodohan.</indonesian>
	</sentences>	<sentences sloka="29">
		<sanskrit></sanskrit>
		<indonesian>Wahai perebut kekayaan; sekarang dengarlah uraian terperinci yang akan Kusampaikan kepadamu tentang berbagai jenis pengertian dan ketabahan hati, menurut tiga sifat alam material.</indonesian>
	</sentences>	<sentences sloka="30">
		<sanskrit></sanskrit>
		<indonesian>Wahai putera Pṛthā, pengertian yang memungkinkan seseorang mengetahui apa yang patut dilakukan dan apa yang seharusnya tidak dilakukan, apa yang harus ditakuti dan apa yang tidak perlu ditakuti, apa yang mengikat dan apa yang membebaskan, berada dalam sifat kebaikan.</indonesian>
	</sentences>	<sentences sloka="31">
		<sanskrit></sanskrit>
		<indonesian>Wahai putera Pṛthā, pengertian yang tidak dapat membedakan antara dharma dan hal-hal yang bertentangan dengan dharma, antara perbuatan yang harus dilakukan dan perbuatan yang seharusnya tidak dilakukan, berada dalam sifat nafsu.</indonesian>
	</sentences>	<sentences sloka="32">
		<sanskrit></sanskrit>
		<indonesian>Pengertian yang menganggap hal-hal yang bertentangan dengan dharma sebagai dharma dan dharma sebagai hal-hal yang bertentangan dengan dharma, di bawah pesona khayalan dan kegelapan, dan selalu berusaha ke arah yang salah berada dalam sifat kebodohan, wahai putera Pṛthā.</indonesian>
	</sentences>	<sentences sloka="33">
		<sanskrit></sanskrit>
		<indonesian>Wahai putera Pṛthā, ketabahan hati yang tidak dapat dipatahkan, dipelihara dengan sifat teguh oleh latihan yoga, dan dengan demikian mengendalikan pikiran, kehidupan dan indera-indera adalah ketabahan hati dalam sifat kebaikan.</indonesian>
	</sentences>	<sentences sloka="34">
		<sanskrit></sanskrit>
		<indonesian>Tetapi hati yang tabah membuat seseorang berpegang teguh pada hasil atau pahala di bidang keagamaan, pengembangan ekonomi dan kepuasan indera-indera bersifat nafsu, wahai Arjuna.</indonesian>
	</sentences>	<sentences sloka="36">
		<sanskrit></sanskrit>
		<indonesian>Wahai yang paling baik di antara para Bhārata, sekarang harap dengar dari-Ku tentang tiga jenis kebahagiaan yang dinikmati oleh roh yang terikat, yang kadang-kadang memungkinkan segala dukacita berakhir baginya.</indonesian>
	</sentences>	<sentences sloka="37">
		<sanskrit></sanskrit>
		<indonesian>Sesuatu yang pada permulaan barangkali seperti racun tetapi akhirnya seperti minuman kekekalan dan menyadarkan seseorang terhadap keinsafan diri dikatakan sebagai kebahagiaan dalam sifat kebaikan.</indonesian>
	</sentences>	<sentences sloka="38">
		<sanskrit></sanskrit>
		<indonesian>Kebahagiaan yang didapatkan dari hubungan indera-indera dengan obyeknya dan kelihatannya seperti minuman kekekalan pada awal, tetapi akhirnya seperti racun, dikatakan bersifat nafsu.</indonesian>
	</sentences>	<sentences sloka="39">
		<sanskrit></sanskrit>
		<indonesian>Kebahagiaan yang buta terhadap keinsafan diri, yang bersifat khayalan dari awal sampai akhir dan berasal dari tidur, bermalas-malasan dan khayalan dikatakan bersifat kebodohan.</indonesian>
	</sentences>	<sentences sloka="40">
		<sanskrit></sanskrit>
		<indonesian>Tiada makhluk yang hidup, baik di sini maupun di kalangan para dewa di susunan planet yang lebih tinggi, yang bebas dari tiga sifat tersebut yang dilahirkan dari alam material.</indonesian>
	</sentences>	<sentences sloka="41">
		<sanskrit></sanskrit>
		<indonesian>Para brahmaṇā, para kṣatriya, para vaisya, dan para sudra dibedakan oleh ciri-ciri yang dilahirkan dari watak-watak mereka sendiri menurut sifat-sifat material, wahai penakluk musuh.</indonesian>
	</sentences>	<sentences sloka="42">
		<sanskrit></sanskrit>
		<indonesian>Kedamaian, mengendalikan diri, pertapaan, kesucian, toleransi, kejujuran, pengetahuan, kebijaksanaan dan taat pada prinsip keagamaan—para brahmaṇā bekerja dengan sifat yang wajar ini. Tidak ada penjelasan.</indonesian>
	</sentences>	<sentences sloka="43">
		<sanskrit></sanskrit>
		<indonesian>Kepahlawanan, kewibawaan, ketabahan hati, pandai memanfaatkan keadaan, keberanian di medan perang, kedermawanan dan kepemimpinan adalah sifat-sifat pekerjaan yang wajar bagi para kṣatriya.</indonesian>
	</sentences>	<sentences sloka="44">
		<sanskrit></sanskrit>
		<indonesian>Pertanian, melindungi sapi dan perdagangan adalah pekerjaan yang wajar bagi para vaisya, dan bagi para sudra ada pekerjaan buruh dan pengabdian kepada orang lain.</indonesian>
	</sentences>	<sentences sloka="45">
		<sanskrit></sanskrit>
		<indonesian>Dengan mengikuti sifat-sifat pekerjaannya, setiap orang dapat menjadi sempurna. Sekarang dengarlah dari-Ku bagaimana kesempurnaan ini dapat dicapai.</indonesian>
	</sentences>	<sentences sloka="46">
		<sanskrit></sanskrit>
		<indonesian>Dengan sembahyang kepada Tuhan, sumber semua makhluk, Yang berada di mana-mana, seseorang dapat mencapai kesempurnaan dengan melakukan pekerjaan sendiri.</indonesian>
	</sentences>	<sentences sloka="47">
		<sanskrit></sanskrit>
		<indonesian></indonesian>
	</sentences>	<sentences sloka="48">
		<sanskrit></sanskrit>
		<indonesian></indonesian>
	</sentences>	<sentences sloka="49">
		<sanskrit></sanskrit>
		<indonesian>Orang yang mengendalikan diri, tidak terikat, dan mengalpakan segala kenikmatan material dapat mencapai tingkat pembebasan dari reaksi yang paling tinggi dan sempurna dengan cara mempraktekkan pelepasan ikatan.</indonesian>
	</sentences>	<sentences sloka="50">
		<sanskrit></sanskrit>
		<indonesian>Wahai putera Kuntī, pelajarilah dari-Ku bagaimana orang yang sudah mencapai kesempurnaan itu dapat mencapai tingkat kesempurnaan tertinggi, Brahman, tingkat pengetahuan tertinggi, dengan bertindak dengan cara yang akan-Ku ringkas sekarang.</indonesian>
	</sentences>	<sentences sloka="51-53">
		<sanskrit></sanskrit>
		<indonesian>Orang yang disucikan oleh kecerdasannya dan mengendalikan pikiran dengan ketabahan hati, meninggalkan obyek-obyek kepuasan indera-indera, bebas dari ikatan dan rasa benci, tinggal di tempat sunyi, makan sedikit, mengendalikan badan, pikiran dan daya pembicaraan, yang selalu khusuk bersemadi dan bebas dari ikatan, bebas dari keakuan palsu, kekuatan palsu, rasa bangga yang palsu, amarah dan kecenderungan menerima benda-benda material, bebas dari rasa hak milik yang palsu, dan damai—orang seperti itulah pasti diangkat sampai kedudukan keinsafan diri.</indonesian>
	</sentences>	<sentences sloka="54">
		<sanskrit></sanskrit>
		<indonesian>Orang yang mantap secara rohani seperti itu segera menginsafi Brahman Yang Paling Utama dan menjadi riang sepenuhnya. Ia tidak pernah menyesal atau ingin mendapatkan sesuatu. Ia bersikap yang sama terhadap setiap makhluk hidup. Dalam keadaan itulah ia mencapai bhakti yang murni kepada-Ku.</indonesian>
	</sentences>	<sentences sloka="55">
		<sanskrit></sanskrit>
		<indonesian>Seseorang dapat mengerti tentang-Ku menurut kedudukan-Ku yang sebenarnya, sebagai Kepribadian Tuhan Yang Maha Esa, hanya dengan cara bhakti. Apabila ia sudah sadar akan Diri-Ku sepenuhnya melalui bhakti seperti itu, ia dapat masuk kerajaan Tuhan Yang Maha Esa.</indonesian>
	</sentences>	<sentences sloka="56">
		<sanskrit></sanskrit>
		<indonesian>Meskipun penyembah-Ku yang murni yang selalu di bawah perlindungan-Ku sibuk dalam segala jenis kegiatan, ia mencapai tempat tinggal yang kekal dan tidak dapat dimusnahkan atas karunia-Ku.</indonesian>
	</sentences>	<sentences sloka="57">
		<sanskrit></sanskrit>
		<indonesian>Dalam segala kegiatan, hanya bergantung kepada-Ku dan selalu bekerja di bawah perlindungan-Ku. Dalam bhakti seperti itu, sadarilah Aku sepenuhnya.</indonesian>
	</sentences>	<sentences sloka="58">
		<sanskrit></sanskrit>
		<indonesian>Kalau engkau sadar akan-Ku, engkau akan melewati segala rintangan kehidupan yang terikat atas karunia-Ku. Akan tetapi, kalau engkau tidak bekerja dengan kesadaran seperti itu melainkan bertindak karena keakuan palsu, dan tidak mendengar-Ku, engkau akan hilang.</indonesian>
	</sentences>	<sentences sloka="59">
		<sanskrit></sanskrit>
		<indonesian>Kalau engkau tidak bertindak menurut perintah-Ku dan tidak bertempur, maka engkau akan salah jalan. Menurut sifatmu, engkau akan diharuskan ikut berperang.</indonesian>
	</sentences>	<sentences sloka="60">
		<sanskrit></sanskrit>
		<indonesian>Akibat khayalan, engkau sekarang menolak bertindak menurut perintah-Ku. Tetapi didorong oleh pekerjaan yang dilahirkan dari sifatmu sendiri, engkau akan bertindak juga, wahai putera Kuntī .</indonesian>
	</sentences>	<sentences sloka="61">
		<sanskrit></sanskrit>
		<indonesian>Tuhan Yang Maha Esa bersemayam di dalam hati semua orang, wahai Arjuna, dan Beliau mengarahkan pengembaraan semua makhluk hidup, yang duduk seolah-olah pada sebuah mesin terbuat dari tenaga material.</indonesian>
	</sentences>	<sentences sloka="62">
		<sanskrit></sanskrit>
		<indonesian>Wahai putera keluarga Bhārata, serahkanlah dirimu kepada Beliau sepenuhnya. Atas karunia Beliau engkau akan mencapai kedamaian rohani dan tempat tinggal kekal yang paling utama.</indonesian>
	</sentences>	<sentences sloka="63">
		<sanskrit></sanskrit>
		<indonesian>Demikianlah Aku sudah menjelaskan pengetahuan yang lebih rahasia lagi kepadamu. Per</indonesian>
	</sentences>	<sentences sloka="64">
		<sanskrit></sanskrit>
		<indonesian>Oleh karena engkau kawan-Ku yang sangat -Kucintai, Aku akan menyabdakan perintah-Ku yang paling utama kepadamu, yaitu pengetahuan yang paling rahasia dari segalanya. Dengarlah pelajaran ini dari-Ku, sebab pelajaran itu demi kesejahteraanmu.</indonesian>
	</sentences>	<sentences sloka="65">
		<sanskrit></sanskrit>
		<indonesian>Berpikirlah tentang-Ku senantiasa, menjadi penyembah-Ku, bersembahyang kepada-Ku dan bersujud kepada-Ku. Dengan demikian, pasti engkau akan datang kepada-Ku. Aku berjanji demikian kepadamu karena engkau kawan-Ku yang sangat Kucintai.</indonesian>
	</sentences>	<sentences sloka="66">
		<sanskrit></sanskrit>
		<indonesian>Tinggalkanlah segala jenis dharma dan hanya menyerahkan diri kepada-Ku. Aku akan menyelamatkan engkau dari segala reaksi dosa. Jangan takut.</indonesian>
	</sentences>	<sentences sloka="67">
		<sanskrit></sanskrit>
		<indonesian>Pengetahuan yang rahasia ini tidak pernah boleh dijelaskan kepada orang yang tidak bertapa, tidak setia, dan tidak menekuni bhakti—ataupun kepada orang yang iri kepada-Ku.</indonesian>
	</sentences>	<sentences sloka="68">
		<sanskrit></sanskrit>
		<indonesian>Terjamin bahwa orang yang menjelaskan rahasia yang paling utama ini kepada para penyembah akan mencapai bhakti yang murni, dan akhirnya dia akan kembali kepada-Ku.</indonesian>
	</sentences>	<sentences sloka="69">
		<sanskrit></sanskrit>
		<indonesian>Tidak ada hamba di dunia ini yang lebih Kucintai daripada dia, dan tidak akan pernah ada orang yang lebih Kucintai.</indonesian>
	</sentences>	<sentences sloka="70">
		<sanskrit></sanskrit>
		<indonesian>Aku memaklumkan bahwa orang yang mempelajari percakapan kita yang suci ini bersembahyang kepada-Ku dengan kecerdasannya. Tidak ada penjelasan.</indonesian>
	</sentences>	<sentences sloka="71">
		<sanskrit></sanskrit>
		<indonesian>Orang yang mendengar dengan keyakinan tanpa rasa iri dibebaskan dari reaksi-reaksi dosa dan mencapai planet-planet yang menguntungkan, tempat tinggal orang saleh.</indonesian>
	</sentences>	<sentences sloka="72">
		<sanskrit></sanskrit>
		<indonesian>Wahai putera Pṛthā, wahai perebut kekayaan, apakah engkau sudah mendengar hal-hal ini dengan perhatian? Apakah kebodohan dan khayalanmu sudah dihilangkan sekarang?</indonesian>
	</sentences>	<sentences sloka="73">
		<sanskrit></sanskrit>
		<indonesian>Arjuna berkata: Krishna yang hamba cintai, o Yang tidak pernah gagal, khayalan hamba sekarang sudah hilang. Hamba sudah memperoleh kembali ingatan hamba atas karuniaMu. Hamba sekarang teguh, bebas dari keragu-raguan dan bersedia bertindak menurut perintah Anda.</indonesian>
	</sentences>	<sentences sloka="74">
		<sanskrit></sanskrit>
		<indonesian>Sañjaya berkata; Demikianlah saya sudah mendengar percakapan antara dua roh yang mulia, Krishna dan Arjuna. Betapa ajaibnya amanat itu sehingga bulu romaku tegak berdiri.</indonesian>
	</sentences>	<sentences sloka="75">
		<sanskrit></sanskrit>
		<indonesian>Atas karunia Vyasa, saya sudah mendengar pembicaraan yang paling rahasia ini langsung dari Penguasa segala kebatinan, Krishna, yang sedang bersabda secara pribadi kepada Arjuna.</indonesian>
	</sentences>	<sentences sloka="76">
		<sanskrit></sanskrit>
		<indonesian>O Raja, begitu aku berulang kali mengenang percakapan yang ajaib dan suci ini antara Krishna dan Arjuna, aku senang, karena terharu pada setiap saat.</indonesian>
	</sentences>	<sentences sloka="77">
		<sanskrit></sanskrit>
		<indonesian>O Baginda Raja, begitu saya ingat bentuk Sri Krishna yang ajaib, saya semakin terharu, dan saya berbahagia berulang kali.</indonesian>
	</sentences>	<sentences sloka="78">
		<sanskrit></sanskrit>
		<indonesian>Di manapun ada Krishna, penguasa semua ahli kebatinan, dan di manapun ada Arjuna, pemanah yang paling utama, di sana pasti ada kekayaan, kejayaan, kekuatan luar biasa dan moralitas. itulah pendapat saya.</indonesian>
	</sentences></root>