<?xml version="1.0" encoding="UTF-8"?>
<root>	<sentences sloka="31">
		<sanskrit></sanskrit>
		<indonesian>Wahai yang paling baik dari keluarga besar Kuru, tanpa korban suci seseorang tidak pernah dapat hidup dengan bahagia baik di planet ini maupun dalam hidup ini: Kalau demikian bagaimana tentang penjelmaan yang akan datang?</indonesian>
	</sentences>	<sentences sloka="32">
		<sanskrit></sanskrit>
		<indonesian>Segala jenis korban suci tersebut dibenarkan dalam Veda, dan semuanya dilahirkan dari berbagai jenis pekerjaan. Dengan mengetahui jenis-jenis korban suci tersebut dengan cara seperti itu, engkau akan mencapai pembebasan.</indonesian>
	</sentences>	<sentences sloka="33">
		<sanskrit></sanskrit>
		<indonesian>Wahai penakluk musuh, korban suci yang dilakukan dengan pengetahuan lebih baik daripada hanya mengorbankan harta benda material. Wahai putera Pṛthā, bagaimanapun, maka segala korban suci yang terdiri dari pekerjaan memuncak dalam pengetahuan rohani.</indonesian>
	</sentences>	<sentences sloka="34">
		<sanskrit></sanskrit>
		<indonesian>Cobalah mempelajari kebenaran dengan cara mendekati seorang guru kerohanian. Bertanya kepada beliau dengan tunduk hati dan mengabdikan diri kepada beliau. Orang yang sudah insaf akan Diri-Nya dapat memberikan pengetahuan kepadamu karena mereka sudah melihat kebenaran itu.</indonesian>
	</sentences>	<sentences sloka="35">
		<sanskrit></sanskrit>
		<indonesian>Setelah memperoleh pengetahuan yang sejati dari orang yang sudah insaf akan Diri-Nya, engkau tidak akan pernah jatuh ke dalam khayalan seperti ini, sebab dengan pengetahuan ini engkau dapat melihat bahwa semua makhluk hidup tidak lain daripada bagian Yang Mahakuasa, atau dengan kata lain, bahwa mereka milik-Ku.</indonesian>
	</sentences>	<sentences sloka="36">
		<sanskrit></sanskrit>
		<indonesian>Walaupun engkau dianggap sebagai orang yang paling berdosa di antara semua orang yang berdosa, namun apabila engkau berada di dalam kapal pengetahuan rohani, engkau akan dapat menyeberangi lautan kesengsaraan.</indonesian>
	</sentences>	<sentences sloka="37">
		<sanskrit></sanskrit>
		<indonesian>Seperti halnya api yang berkobar mengubah kayu bakar menjadi abu, begitu pula api pengetahuan membakar segala reaksi dari kegiatan material hingga menjadi abu, wahai Arjuna.</indonesian>
	</sentences>	<sentences sloka="38">
		<sanskrit></sanskrit>
		<indonesian>Di dunia ini, tiada sesuatupun yang semulia dan sesuci pengetahuan yang melampaui hal-hal duniawi. Pengetahuan seperti itu adalah buah matang dari segala kebatinan. Orang yang sudah ahli dalam latihan bhakti menikmati pengetahuan ini dalam Diri-Nya sesudah beberapa waktu.</indonesian>
	</sentences>	<sentences sloka="39">
		<sanskrit></sanskrit>
		<indonesian>Orang setia yang sudah menyerahkan diri kepada pengetahuan yang melampaui hal-hal duniawi dan menaklukkan indera-inderanya memenuhi syarat untuk mencapai pengetahuan seperti itu, dan setelah mencapai pengetahuan itu, dengan cepat sekali ia mencapai kedamaian rohani yang paling utama.</indonesian>
	</sentences>	<sentences sloka="40">
		<sanskrit></sanskrit>
		<indonesian>Tetapi orang yang bodoh dan tidak percaya yang ragu-ragu tentang Kitab-kitab Suci yang diwahyukan, tidak akan mencapai kesadaran terhadap Tuhan Yang Maha Esa; melainkan mereka jatuh. Tidak ada kebahagiaan bagi orang yang ragu-ragu, baik di dunia ini maupun dalam penjelmaan yang akan datang.</indonesian>
	</sentences>	<sentences sloka="41">
		<sanskrit></sanskrit>
		<indonesian>Orang yang bertindak dalam bhakti, dan melepaskan ikatan terhadap hasil perbuatannya, dan keragu-raguannya sudah dibinasakan oleh pengetahuan rohani sungguh-sungguh mantap dalam sang diri. Dengan demikian, ia tidak diikat oleh reaksi pekerjaan, wahai perebut kekayaan.</indonesian>
	</sentences>	<sentences sloka="42">
		<sanskrit></sanskrit>
		<indonesian>Karena itu, keragu-raguan yang telah timbul dalam hatimu karena kebodohan harus dipotong dengan senjata pengetahuan. Wahai Bhārata, dengan bersenjatakan yoga, bangunlah dan bertempur.</indonesian>
	</sentences></root>