<?xml version="1.0" encoding="UTF-8"?>
<root>	<sentences sloka="3">
		<sanskrit></sanskrit>
		<indonesian>Orang yang tidak membenci atau pun menginginkan hasil atau pahala dari kegiatannya dikenal sebagai orang yang selalu melepaskan ikatan. Orang seperti itu, yang bebas dari segala hal yang relatif, dengan mudah mengatasi ikatan material dan mencapai pembebasan sepenuhnya, wahai Arjuna yang berlengan perkasa.</indonesian>
	</sentences>	<sentences sloka="4">
		<sanskrit></sanskrit>
		<indonesian>Hanya orang yang bodoh membicarakan bhakti [karma-yoga] sebagai hal yang berbeda dari mempelajari dunia material secara analisis [sankhya ]. Orang yang benar-benar bijaksana mengatakan bahwa orang yang menekuni salah satu di antara kedua jalan tersebut dengan baik akan mencapai hasil dari kedua-duanya.</indonesian>
	</sentences>	<sentences sloka="6">
		<sanskrit></sanskrit>
		<indonesian>Kalau seseorang hanya melepaskan segala kegiatan namun tidak menekuni bhakti kepada Tuhan, itu tidak dapat membahagiakan Diri-Nya. Tetapi orang yang banyak berpikir yang menekuni bhakti dapat mencapai kepada Yang Mahakuasa dengan segera, wahai yang berlengan perkasa.</indonesian>
	</sentences>	<sentences sloka="8-9">
		<sanskrit></sanskrit>
		<indonesian>Walaupun orang yang sadar secara rohani sibuk dapat melihat, mendengar, meraba, mencium, makan, bergerak ke sana ke mari, tidur dan tarik nafas, dia selalu menyadari di dalam hatinya bahwa sesungguhnya dia sama sekali tidak berbuat apa-apa. Ia mengetahui bahwa berbicara, membuang hajat, menerima sesuatu, membuka atau memejamkan mata, ia selalu mengetahui bahwa hanyalah indera-indera material yang sibuk dengan obyek-obyeknya dan bahwa Diri-Nya menyisih dari indera-indera material tersebut.</indonesian>
	</sentences>	<sentences sloka="11">
		<sanskrit></sanskrit>
		<indonesian>Para yogi yang melepaskan ikatan, bertindak dengan badan, pikiran, kecerdasan dan bahkan dengan indera-indera pun hanya dimaksudkan untuk penyucian diri.</indonesian>
	</sentences>	<sentences sloka="13">
		<sanskrit></sanskrit>
		<indonesian>Apabila makhluk hidup yang membadan mengendalikan sifatnya dan secara mental melepaskan ikatan terhadap segala perbuatan, ia akan tinggal dengan bahagia di kota yang mempunyai sembilan pintu gerbang [badan jasmani], dan ia tidak bekerja ataupun menyebabkan pekerjaan dilakukan.</indonesian>
	</sentences>	<sentences sloka="22">
		<sanskrit></sanskrit>
		<indonesian>Orang cerdas tidak ikut serta dalam sumber-sumber kesengsaraan, yang disebabkan oleh hubungan dengan indera-indera material. Wahai putera Kuntī, kesenangan seperti itu berawal dan berakhir, karena itu, orang bijaksana tidak bersenang hati dengan hal-hal itu.</indonesian>
	</sentences>	<sentences sloka="23">
		<sanskrit></sanskrit>
		<indonesian>Kalau seseorang dapat menahan dorongan indera-indera material dan menahan kekuatan keinginan dan amarah sebelum ia meninggalkan badan yang dimilikinya sekarang, maka kedudukannya baik dan ia berbahagia di dunia ini.</indonesian>
	</sentences></root>