<?xml version="1.0" encoding="UTF-8"?>
<root>	<sentences sloka="3">
		<sanskrit></sanskrit>
		<indonesian>Wahai putera keluarga Bhārata, engkau harus mengerti bahwa Aku juga yang mengetahui di dalam semua badan. Pengetahuan berarti mengerti badan ini dan dia yang mengetahui badan ini. Itulah pendapat-Ku.</indonesian>
	</sentences>	<sentences sloka="4">
		<sanskrit></sanskrit>
		<indonesian>Sekarang dengarlah uraian singkat dari-Ku tentang lapangan kegiatan ini serta bagaimana kedudukan dasar lapangan kegiatan, bagaimana perubahannya, darimana sumbernya, siapa yang mengetahui lapangan kegiatan, dan bagaimana pengaruh-pengaruhnya.</indonesian>
	</sentences>	<sentences sloka="5">
		<sanskrit></sanskrit>
		<indonesian>Pengetahuan itu tentang lapangan kegiatan dan dia yang mengetahui kegiatan diuraikan oleh berbagai sastera Veda. Pengetahuan itu khususnya disampaikan dalam Vedanta-sutra dengan segala logika mengenai sebab dan akibat.</indonesian>
	</sentences>	<sentences sloka="6-7">
		<sanskrit></sanskrit>
		<indonesian>Lima unsur besar, keakuan palsu, kecerdasan, yang tidak terwujud, sepuluh indera dan pikiran, lima obyek indera, keinginan, rasa benci, kebahagiaan, dukacita, jumlah gabungan, gejala-gejala hidup, dan keyakinan-keyakinan—sebagai ringkasan, semua unsur tersebut merupakan lapangan kegiatan dan hal-hal yang saling mempengaruhi dari lapangan kegiatan.</indonesian>
	</sentences>	<sentences sloka="8-12">
		<sanskrit></sanskrit>
		<indonesian>Sifat rendah hati; kebebasan dari rasa bangga; tidak melakukan kekerasan; toleransi; kesederhanaan; mendekati seorang guru kerohanian yang dapat dipercaya; kebersihan; sifat mantap; pengendalian diri; melepaskan ikatan terhadap obyek-obyek kepuasan indera-indera; kebebasan dari keakuan yang palsu; mengerti buruknya kelahiran; kematian; usia tua dan penyakit; ketidakterikatan; kebebasan dari ikatan terhadap anak-anak; isteri; rumah dan sebagainya; keseimbangan pikiran di tengah-tengah kejadian yang menyenangkan dan yang tidak menyenangkan; bhakti kepada-Ku yang murni dan tidak pernah menyimpang; bercita-cita tinggal di tempat yang sunyi; ketidakterikatan terhadap khalayak ramai; mengakui bahwa keinsafan diri adalah hal yang penting; dan usaha mencari Kebenaran Mutlak dalam filsafat—Aku menyatakan bahwa segala sifat tersebut adalah pengetahuan, dan apa pun yang ada di luar sifat-sifat itu adalah kebodohan.</indonesian>
	</sentences>	<sentences sloka="13">
		<sanskrit></sanskrit>
		<indonesian>Sekarang Aku akan menjelaskan tentang apa yang dapat diketahui. Sesudah mengetahui tentang hal ini, engkau akan merasakan kekekalan. Brahman, sang roh, yang tidak berawal dan berada di bawah-Ku, berada di luar sebab dan akibat dunia material ini.</indonesian>
	</sentences>	<sentences sloka="14">
		<sanskrit></sanskrit>
		<indonesian>Tangan, kaki, mata, kepala-kepala dan muka-muka Roh Yang Utama berada di mana-mana, dan Beliau mempunyai telinga di mana-mana. Roh Yang Utama berada dengan cara seperti ini, dan Beliau berada di dalam segala sesuatu.</indonesian>
	</sentences>	<sentences sloka="15">
		<sanskrit></sanskrit>
		<indonesian>Roh Yang Utama adalah sumber asli semua indera, namun Beliau tidak mempunyai indera material. Beliau tidak terikat, walaupun Beliau memelihara semua makhluk hidup. Beliau melampaui sifat-sifat alam, dan pada waktu yang sama Beliau adalah Penguasa semua sifat alam material.</indonesian>
	</sentences>	<sentences sloka="16">
		<sanskrit></sanskrit>
		<indonesian>Kebenaran Yang Paling Utama berada di luar dan di dalam semua makhluk hidup, baik yang bergerak maupun yang tidak bergerak. Oleh karena Beliau bersifat halus, Beliau di luar daya lihat atau daya mengerti indera-indera material. Kendatipun Beliau jauh sekali, Beliau juga dekat kepada semua makhluk hidup.</indonesian>
	</sentences>	<sentences sloka="17">
		<sanskrit></sanskrit>
		<indonesian>Walaupun rupanya Roh Yang Utama dibagi antara semua makhluk, Beliau tidak pernah dibagi. Beliau mantap sebagai Yang Tunggal. Walaupun Beliau memelihara semua makhluk hidup, harus dimengerti bahwa Beliau menelan dan mengembangkan segala-galanya.</indonesian>
	</sentences>	<sentences sloka="18">
		<sanskrit></sanskrit>
		<indonesian>Beliau adalah sumber cahaya dalam semua benda yang bercahaya. Beliau di luar kegelapan alam dan tidak terwujud. Beliau adalah pengetahuan, Beliau adalah obyek pengetahuan, dan Beliau adalah tujuan pengetahuan. Beliau bersemayam di dalam hati semua makhluk hidup.</indonesian>
	</sentences>	<sentences sloka="19">
		<sanskrit></sanskrit>
		<indonesian>Demikianlah lapangan kegiatan [badan], pengetahuan dan apa yang dapat diketahui sudah -Kuuraikan sebagai ringkasan. Hanya para penyembah-Ku dapat mengerti hal ini secara panjang lebar dan dengan demikian mencapai sifat-Ku.</indonesian>
	</sentences>	<sentences sloka="20">
		<sanskrit></sanskrit>
		<indonesian>Harus dimengerti bahwa alam material dan para makhluk hidup tidak berawal. Perubahan-perubahan alam material, para makhluk hidup dan sifat-sifat alam dihasilkan dari alam material.</indonesian>
	</sentences>	<sentences sloka="21">
		<sanskrit></sanskrit>
		<indonesian>Dikatakan bahwa alam adalah penyebab segala sebab dan akibat material, sedangkan makhluk hidup adalah penyebab berbagai penderitaan dan kenikmatan di dunia ini.</indonesian>
	</sentences>	<sentences sloka="22">
		<sanskrit></sanskrit>
		<indonesian>Dengan cara seperti itu makhluk hidup di dalam alam material mengikuti cara-cara hidup, dan menikmati tiga sifat alam. Ini disebabkan oleh hubungan makhluk dengan alam material itu. Karena itu, ia menemukan hal yang baik dan hal yang buruk di dalam berbagai jenis kehidupan.</indonesian>
	</sentences>	<sentences sloka="23">
		<sanskrit></sanskrit>
		<indonesian>Namun di dalam badan ini ada kepribadian lain, kepribadian rohani yang menikmati, yaitu Tuhan Yang Maha Esa, Pemilik segala sesuatu. Beliau berada sebagai Pengawas dan Yang mengizinkan dan Beliau dikenal sebagai Roh Yang Utama.</indonesian>
	</sentences>	<sentences sloka="24">
		<sanskrit></sanskrit>
		<indonesian>Orang yang mengerti filsafat tersebut mengenai alam material, makhluk hidup dan hal saling mempengaruhi antara sifat-sifat alam pasti mencapai pembebasan. Dia tidak akan dilahirkan lagi di sini, walau bagaimanapun kedudukannya sekarang.</indonesian>
	</sentences>	<sentences sloka="25">
		<sanskrit></sanskrit>
		<indonesian></indonesian>
	</sentences>	<sentences sloka="26">
		<sanskrit></sanskrit>
		<indonesian>Ada pula orang yang mulai menyembah Kepribadian Tuhan Yang Maha Esa setelah mendengar tentang Beliau dari orang lain, walaupun mereka sendiri belum menguasai pengetahuan rohani. Oleh karena mereka cenderung mendengar dari penguasa-penguasa, mereka pun melampaui jalan kelahiran dan kematian</indonesian>
	</sentences>	<sentences sloka="27">
		<sanskrit></sanskrit>
		<indonesian>Wahai yang paling utama di antara para Bhārata, ketahuilah bahwa apa pun yang engkau lihat yang sudah diwujudkan, baik yang bergerak maupun yang tidak bergerak, hanyalah gabungan antara lapangan kegiatan dan yang mengetahui lapangan.</indonesian>
	</sentences>	<sentences sloka="28">
		<sanskrit></sanskrit>
		<indonesian>Orang yang melihat Roh Yang Utama mendampingi roh individual di dalam semua badan, dan mengerti bahwa sang roh dan Roh Yang Utama tidak pernah dimusnahkan di dalam badan yang dapat dimusnahkan, melihat dengan sebenarnya.</indonesian>
	</sentences>	<sentences sloka="28">
		<sanskrit></sanskrit>
		<indonesian>Orang yang melihat Roh Yang Utama berada di mana-mana dengan cara yang sama di dalam setiap makhluk hidup tidak menyebabkan Diri-Nya merosot karena pikirannya. Dengan cara demikian ia mendekati tujuan rohani.</indonesian>
	</sentences>	<sentences sloka="30">
		<sanskrit></sanskrit>
		<indonesian>Orang yang dapat melihat bahwa segala kegiatan dilaksanakan oleh badan, yang diciptakan oleh alam material, dan melihat bahwa sang diri tidak melakukan apa pun, melihat dengan sebenarnya.</indonesian>
	</sentences>	<sentences sloka="31">
		<sanskrit></sanskrit>
		<indonesian>Bilamana orang yang mempunyai akal tidak melihat lagi berbagai identitas yang disebabkan oleh berbagai badan jasmani dan ia melihat bagaimana para makhluk hidup dijelmakan di mana-mana, ia mencapai paham Brahman.</indonesian>
	</sentences>	<sentences sloka="32">
		<sanskrit></sanskrit>
		<indonesian>Orang yang mempunyai penglihatan kekekalan dapat melihat bahwa sang roh yang tidak dapat dimusnahkan bersifat rohani, kekal, dan di luar sifat-sifat alam. Wahai Arjuna, walaupun sang roh berhubungan dengan badan material, sang roh tidak berbuat apa-apa dan juga tidak diikat.</indonesian>
	</sentences>	<sentences sloka="33">
		<sanskrit></sanskrit>
		<indonesian>Oleh karena angkasa bersifat halus, angkasa tidak tercampur dengan apa pun, kendatipun angkasa berada di mana-mana. Begitu pula sang roh yang mantap dalam penglihatan Brahman tidak tercampur dengan badan, walaupun sang roh itu berada di dalam badan.</indonesian>
	</sentences>	<sentences sloka="34">
		<sanskrit></sanskrit>
		<indonesian>Wahai Bhārata, seperti halnya matahari sendiri menerangi seluruh alam semesta ini, begitu pula makhluk hidup, tunggal di dalam badan, menerangi seluruh badan dengan kesadaran.</indonesian>
	</sentences>	<sentences sloka="35">
		<sanskrit></sanskrit>
		<indonesian>Orang yang melihat dengan mata pengetahuan perbedaan antara badan dan yang mengetahui badan, dan juga dapat mengerti proses pembebasan dari ikatan dalam alam material, mencapai Tujuan Yang Paling Utama.</indonesian>
	</sentences></root>