<?xml version="1.0" encoding="UTF-8"?>
<root>	<sentences sloka="2">
		<sanskrit></sanskrit>
		<indonesian>O Krishna yang mempunyai mata seperti bunga padma, hamba sudah mendengar dari Anda secara terperinci tentang muncul dan menghilangnya setiap makhluk hidup dan hamba sudah menginsafi kebesaran Anda yang tidak pernah dibinasakan.</indonesian>
	</sentences>	<sentences sloka="3">
		<sanskrit></sanskrit>
		<indonesian>O Kepribadian yang paling mulia, bentuk yang paling utama, walaupun hamba melihat Anda berdiri di sini di hadapan hamba dalam kedudukan Anda yang sejati, sesuai dengan uraian Anda tentang Diri Anda, hamba ingin melihat bagaimana Anda masuk dalam manifestasi alam semesta ini. Hamba ingin melihat bentuk Anda tersebut.</indonesian>
	</sentences>	<sentences sloka="4">
		<sanskrit></sanskrit>
		<indonesian>Kalau Anda berpikir hamba sanggup memandang bentuk semesta Anda, sudilah kiranya Anda memperlihatkan bentuk semesta Diri Anda yang tidak terhingga itu kepada hamba, O Tuhan yang hamba muliakan, Penguasa segala kekuatan batin.</indonesian>
	</sentences>	<sentences sloka="5">
		<sanskrit></sanskrit>
		<indonesian>Kepribadian Tuhan Yang Maha Esa bersabda: Wahai Arjuna yang baik hati, wahai putera Pṛthā, sekarang lihatlah kehebatan-Ku, beratus-ratus ribu jenis bentuk rohani yang berwarna-warni.</indonesian>
	</sentences>	<sentences sloka="6">
		<sanskrit></sanskrit>
		<indonesian>Wahai yang paling baik di antara para Bhārata, lihatlah di sini berbagai perwujudan para Āditya, Vasu, Rudra, Asvini-kumara dan semua dewa lainnya. Lihatlah banyak keajaiban yang belum pernah dilihat atau didengar oleh siapapun sebelumnya.</indonesian>
	</sentences>	<sentences sloka="7">
		<sanskrit></sanskrit>
		<indonesian>Wahai Arjuna apapun yang ingin engkau lihat, lihatlah dengan segera dalam badan-Ku ini! Bentuk semesta ini dapat memperlihatkan kepadamu apapun yang engkau ingin lihat sekarang dan apapun yang engkau ingin lihat pada masa yang akan datang. Segala sesuatu baik yang bergerak maupun yang tidak bergerak—berada di sini secara lengkap, di satu tempat.</indonesian>
	</sentences>	<sentences sloka="8">
		<sanskrit></sanskrit>
		<indonesian>Tetapi engkau tidak dapat melihat-Ku dengan mata yang engkau miliki sekarang. Karena itu, Aku memberikan mata rohani kepadamu. Lihatlah kehebatan batin-Ku!</indonesian>
	</sentences>	<sentences sloka="9">
		<sanskrit></sanskrit>
		<indonesian>Sañjaya berkata: Wahai Paduka Raja, sesudah bersabda demikian, Tuhan Yang Mahakuasa, Penguasa segala kekuatan batin, Kepribadian Tuhan Yang Maha Esa, memperlihatkan bentuk semesta-Nya kepada Arjuna.</indonesian>
	</sentences>	<sentences sloka="10-11">
		<sanskrit></sanskrit>
		<indonesian>Dalam bentuk semesta itu, Arjuna melihat mulut-mulut yang tidak terhingga, mata yang tidak terhingga, dan wahyu-wahyu ajaib yang tidak terhingga. Bentuk tersebut dihiasi dengan banyak perhiasan rohani dan membawa banyak senjata rohani yang diangkat. Beliau memakai kalung rangkaian bunga dan perhiasan rohani, dan banyak jenis minyak wangi rohani dioleskan pada seluruh badan-Nya. Semuanya ajaib, bercahaya, tidak terbatas dan tersebar ke mana-mana.</indonesian>
	</sentences>	<sentences sloka="12">
		<sanskrit></sanskrit>
		<indonesian>Kalau beratus-ratus ribu matahari terbit di langit pada waktu yang sama, mungkin cahayanya menyerupai cahaya dari Kepribadian Yang Paling Utama dalam bentuk semesta itu.</indonesian>
	</sentences>	<sentences sloka="13">
		<sanskrit></sanskrit>
		<indonesian>Pada waktu itu, dalam bentuk semesta Tuhan, Arjuna dapat melihat perwujudan-perwujudan alam semesta yang tidak terhingga terletak di satu tempat walaupun dibagi menjadi beribu-ribu.</indonesian>
	</sentences>	<sentences sloka="14">
		<sanskrit></sanskrit>
		<indonesian>Kemudian Arjuna kebingungan dan kagum, dan bulu romanya tegak berdiri. Arjuna menundukkan kepalanya untuk bersujud, lalu mencakupkan tangannya dan mulai berdoa kepada Tuhan Yang Maha Esa.</indonesian>
	</sentences>	<sentences sloka="15">
		<sanskrit></sanskrit>
		<indonesian>Arjuna berkata: Sri Krishna yang hamba muliakan, di dalam badan Anda hamba melihat semua dewa dan berbagai jenis makhluk hidup yang lain. Hamba melihat Brahma duduk di atas bunga padma, bersama Dewa siva, semua resi dan naga-naga rohani.</indonesian>
	</sentences>	<sentences sloka="16">
		<sanskrit></sanskrit>
		<indonesian>O Penguasa alam semesta, o bentuk semesta, di dalam badan Anda hamba melihat banyak lengan, perut, mulut dan mata, tersebar kemana-mana, tanpa batas. Hamba tidak dapat melihat akhir, pertengahan maupun awal di dalam Diri Anda.</indonesian>
	</sentences>	<sentences sloka="17">
		<sanskrit></sanskrit>
		<indonesian>Bentuk Anda sulit dilihat karena cahaya-Nya yang menyilaukan, tersebar ke segala sisi, seperti api yang menyala atau cahaya matahari yang tidak dapat diukur. Namun hamba melihat bentuk ini yang bernyala di mana-mana dihiasi dengan berbagai jenis mahkota, gada, dan cakra.</indonesian>
	</sentences>	<sentences sloka="18">
		<sanskrit></sanskrit>
		<indonesian>Anda adalah tujuan pertama yang paling utama. Andalah sandaran utama seluruh jagat ini. Anda tidak dapat dimusnahkan, dan Andalah Yang Paling Tua. Andalah Pemelihara dharma Yang kekal, Kepribadian Tuhan Yang Maha Esa. Inilah pendapat hamba.</indonesian>
	</sentences>	<sentences sloka="19">
		<sanskrit></sanskrit>
		<indonesian>Anda tidak berawal, tidak ada masa pertengahan bagi Anda dan Anda tidak berakhir. Kebesaran Anda tidak terhingga. Jumlah lengan Anda tidak terbilang. Matahari dan bulan adalah mata Anda. Hamba melihat Anda dengan api yang bernyala keluar dari mulut Anda, Anda sedang membakar seluruh jagat ini dengan cahaya pribadi Anda.</indonesian>
	</sentences>	<sentences sloka="20">
		<sanskrit></sanskrit>
		<indonesian>Walaupun Anda adalah satu, Anda berada di mana-mana di seluruh angkasa, planet-planet dan antariksa antar planet-planet. O Kepribadian Yang Mulia dengan melihat bentuk yang mengagumkan dan mengerikan ini, semua susunan planet goyah.</indonesian>
	</sentences>	<sentences sloka="21">
		<sanskrit></sanskrit>
		<indonesian>Semua kelompok dewa menyerahkan diri di hadapan Anda dan masuk ke dalam diri Anda. Beberapa di antaranya sangat ketakutan dan mereka mempersembahkan doa pujian sambil mencakupkan tangannya. Banyak resi yang mulia dan makhluk-makhluk yang sempurna yang sedang berseru, Semoga ada segala kedamaian!&quot; sedang berdoa kepada Anda dengan menyanyikan mantra-mantra Veda.</indonesian>
	</sentences>	<sentences sloka="22">
		<sanskrit></sanskrit>
		<indonesian>Segala manifestasi dari Dewa siva, para Āditya, para Vasu, para Sadhya, para Visvedeva, dua Asvi, para Marut, para leluhur, para Gandharva, para Yaksa, para Asura dan dewa-dewa yang sempurna memandang Anda dengan rasa kagum.</indonesian>
	</sentences>	<sentences sloka="23">
		<sanskrit></sanskrit>
		<indonesian>O Kepribadian yang berlengan perkasa, semua planet dengan dewa-dewanya goyah ketika melihat bentuk Anda yang maha agung, dengan banyak muka, mata, lengan, paha, kaki, dan perutnya, dan banyak gigi Anda yang mengerikan; karena itu, mereka goyah, dan hamba juga goyah.</indonesian>
	</sentences>	<sentences sloka="24">
		<sanskrit></sanskrit>
		<indonesian>O Visnu yang berada di mana-mana, ketika hamba melihat Anda dengan berbagai warna Anda yang bercahaya dan menyentuh langit, mulut-mulut Anda yang terbuka lebar dan mata Anda yang besar dan menyala, pikiran hamba goyah karena rasa takut. Hamba tidak dapat memelihara sikap mantap maupun keseimbangan pikiran lagi.</indonesian>
	</sentences>	<sentences sloka="25">
		<sanskrit></sanskrit>
		<indonesian>O Penguasa para dewa, Pelindung dunia-dunia, mohon memberi karunia kepada hamba. Hamba tidak dapat memelihara keseimbangan ketika melihat Anda seperti ini dengan wajah-wajah Anda yang menyala seperti maut dan gigi yang mengerikan. Di segala arah hamba kebingungan.</indonesian>
	</sentences>	<sentences sloka="26-27">
		<sanskrit></sanskrit>
		<indonesian>Semua putera Dhṛtarāṣṭra, bersama raja-raja yang bersekutu dengan mereka, Bhīṣma, Drona, Karṇa dan—semua pemimpin kesatria di pihak kita—lari masuk ke dalam mulut-mulut Anda yang mengerikan. Hamba melihat beberapa di antaranya tersangkut dengan kepala-kepalanya hancur di antara gigi-gigi Anda.</indonesian>
	</sentences>	<sentences sloka="28">
		<sanskrit></sanskrit>
		<indonesian>Bagaikan ombak-ombak banyak sungai mengalir ke dalam lautan, seperti itu pula semua kesatria yang hebat ini menyala dan masuk ke dalam mulut-mulut Anda.</indonesian>
	</sentences>	<sentences sloka="29">
		<sanskrit></sanskrit>
		<indonesian>Hamba melihat semua orang lari dengan kecepatan penuh ke dalam mulut-mulut Anda, bagaikan kupukupu yang terbang menuju kehancuran di dalam api yang menyala.</indonesian>
	</sentences>	<sentences sloka="30">
		<sanskrit></sanskrit>
		<indonesian>O Visnu, hamba melihat Anda menelan semua orang dari segala sisi dengan mulut-mulut Anda yang mengeluarkan banyak api. Anda menutupi seluruh alam semesta dengan cahaya Anda, Anda terwujud dengan sinar-sinar yang mengerikan dan menganguskan.</indonesian>
	</sentences>	<sentences sloka="31">
		<sanskrit></sanskrit>
		<indonesian>O Penguasa semua dewa, yang mempunyai bentuk yang begitu ganas, mohon beritahukan kepada hamba siapa Anda. Hamba bersujud kepada Anda; mohon memberi karunia kepada hamba. Anda adalah Tuhan Yang Maha Esa yang asli. Hamba ingin mengetahui tentang Anda, sebab hamba tidak mengetahui apa maksud Anda.</indonesian>
	</sentences>	<sentences sloka="32">
		<sanskrit></sanskrit>
		<indonesian>Tuhan Yang Maha Esa bersabda: Aku adalah waktu, Penghancur besar dunia-dunia, dan Aku datang ke sini untuk menghancurkan semua orang. Kecuali kalian [para Pandava], semua kesatria di sini dari kedua belah pihak akan terbunuh.</indonesian>
	</sentences>	<sentences sloka="33">
		<sanskrit></sanskrit>
		<indonesian>Karena itu, bangunlah. Siap-siap untuk bertempur dan merebut kemashyuran. Kalahkanlah musuhmu dan menikmati kerajaan yang makmur. Mereka sudah dibunuh oleh apa yang telah Kuatur, dan engkau hanya dapat menjadi alat dalam pertempuran, wahai Savyasaci.</indonesian>
	</sentences>	<sentences sloka="34">
		<sanskrit></sanskrit>
		<indonesian>Drona, Bhīṣma, Jayadratha, Karṇa dan kesatria-kesatria besar lainnya sudah Kuhancurkan. Karena itu, bunuhlah mereka dan jangan merasa goyah. Bertempur saja, dan engkau akan memusnahkan musuh-musuhmu dalam pertempuran.</indonesian>
	</sentences>	<sentences sloka="35">
		<sanskrit></sanskrit>
		<indonesian>Sañjaya berkata kepada Dhṛtarāṣṭra : Wahai Baginda Raja , sesudah mendengar kata-kata ini dari Kepribadian Tuhan Yang Maha Esa, Arjuna yang sedang gemetar menghaturkan sembah sujud berulangkali dengan mencakupkan tangannya. Hati Arjuna penuh rasa takut dan dia berkata kepada Sri Krishna dengan suara yang tersendat-sendat, sebagai berikut.</indonesian>
	</sentences>	<sentences sloka="36">
		<sanskrit></sanskrit>
		<indonesian>Arjuna berkata: O Penguasa indera-indera, dunia menjadi riang dengan mendengar nama Anda, dan dengan demikian semua orang menjadi terikat kepada Anda. Kendatipun makhluk-makhluk sempurna bersujud kepada Anda dengan hormat, para raksasa ketakutan sehingga mereka lari ke sana ke mari. Segala hal ini memang patut terjadi.</indonesian>
	</sentences>	<sentences sloka="37">
		<sanskrit></sanskrit>
		<indonesian>O Yang Mahabesar, lebih tinggi daripada Brahma, Anda adalah Pencipta yang asli. Karena itu, bukankah seyogyanya mereka bersujud dengan hormat kepada Anda? O Kepribadian yang tidak terhingga, Tuhan yang disembah oleh semua dewa, Pelindung alam semesta! Anda adalah sumber yang tidak dapat dikalahkan, sebab segala sebab, Yang melampaui manifestasi alam material ini.</indonesian>
	</sentences>	<sentences sloka="38">
		<sanskrit></sanskrit>
		<indonesian>Anda adalah Kepribadian Tuhan Yang Maha Esa, Yang paling tua, Pelindung utama alam semesta yang terwujud. Andalah Yang Mahatahu, dan Andalah segala sesuatu yang dapat diketahui. Andalah Pelindung Tertinggi, Anda berada di atas sifat-sifat material. O bentuk yang tidak terhingga! Anda berada di mana-mana di seluruh manifestasi alam semesta ini!</indonesian>
	</sentences>	<sentences sloka="39">
		<sanskrit></sanskrit>
		<indonesian>Andalah udara, dan Andalah Yang Mahakuasa! Anda adalah api, Anda adalah air, dan Anda adalah bulan! Anda adalah Brahma, makhluk hidup yang pertama, Anda adalah kakek moyang semua makhluk. Karena itu hamba bersujud dengan hormat kepada Anda seribu kali, kemudian berulang kali lagi.</indonesian>
	</sentences>	<sentences sloka="40">
		<sanskrit></sanskrit>
		<indonesian>Hamba bersujud kepada Anda dari depan, dari belakang dan dari segala sisi! O kekuatan yang tidak terbatas, Anda Penguasa kewibawaan yang tidak terhingga! Anda berada di mana-mana, karena itu Andalah segala sesuatu!</indonesian>
	</sentences>	<sentences sloka="41-42">
		<sanskrit></sanskrit>
		<indonesian>Oleh karena hamba menganggap Anda sebagai kawan, hamba terlalu berani dan menyapa kepada Anda hai Krishna,&quot; hai Yadava,&quot; hai kawanku,&quot; tanpa mengetahui kebesaran Anda. Mohon mengampuni apapun yang sudah hamba lakukan karena kebodohan atau karena cinta kasih. Berulang kali hamba kurang hormat kepada Anda, bercanda pada waktu kita sedang istirahat, berbaring di ranjang yang sama, duduk atau makan bersama-sama kadang-kadang sendirian, dan kadang-kadang di depan banyak kawan. O Kepribadian yang tidak pernah gagal, ampunilah segala kesalahan itu yang hamba lakukan.</indonesian>
	</sentences>	<sentences sloka="43">
		<sanskrit></sanskrit>
		<indonesian>Anda adalah ayah seluruh manifestasi alam semesta ini, baik yang bergerak maupun yang tidak bergerak. Anda adalah Pemimpin jagat yang patut disembah, guru kerohanian yang paling utama. Tiada seorangpun yang sejajar dengan Anda, dan tidak mungkin seseorang bersatu dengan Anda. Karena itu, bagaimana mungkin ada seseorang yang lebih agung daripada Anda di dalam seluruh tiga dunia ini, o Penguasa yang memiliki kekuatan yang tidak terhingga.</indonesian>
	</sentences>	<sentences sloka="44">
		<sanskrit></sanskrit>
		<indonesian>Anda adalah Tuhan Yang Maha Esa yang patut disembah oleh setiap makhluk hidup. Karena itu, hamba bersujud dengan hormat kepada Anda dan mohon karunia Anda. Seperti halnya seorang ayah membiarkan keberanian puteranya, seorang kawan membiarkan sikap kurang sopan dari kawannya, atau seorang isteri membiarkan sikap akrab suaminya, mohon memaafkan kesalahan yang mungkin hamba lakukan terhadap Anda.</indonesian>
	</sentences>	<sentences sloka="45">
		<sanskrit></sanskrit>
		<indonesian>Sesudah melihat bentuk semesta ini yang belum pernah hamba lihat sebelumnya, hamba berbahagia, tetapi pada waktu yang sama pikiran hamba goyah karena ketakutan. Karena itu, mohon memberi karunia Anda kepada hamba dan sekali lagi memperlihatkan bentuk Anda sebagai Kepribadian Tuhan Yang Maha Esa, o Tuhan yang disembah oleh semua dewa, Pelindung alam semesta.</indonesian>
	</sentences>	<sentences sloka="46">
		<sanskrit></sanskrit>
		<indonesian>O bentuk semesta, Tuhan Yang Maha Esa yang berlengan seribu, hamba ingin melihat Anda dalam bentuk Anda yang berlengan empat, dengan mahkota pada kepala Anda dan gada, cakra, kerang dan bunga padma pada tangantangan Anda. Hamba ingin melihat Anda dalam bentuk itu.</indonesian>
	</sentences>	<sentences sloka="47">
		<sanskrit></sanskrit>
		<indonesian>Kepribadian Tuhan Yang Maha Esa bersabda: Arjuna yang baik hati, atas kekuatan dalam dari Diri-Ku, dengan senang hati bentuk semesta yang paling utama di dunia material sudah Kuperlihatkan kepadamu. Sebelum engkau, belum pernah ada orang yang melihat bentuk yang abadi ini, yang tidak terhingga dan penuh cahaya yang menyilaukan.</indonesian>
	</sentences>	<sentences sloka="48">
		<sanskrit></sanskrit>
		<indonesian>Wahai kesatria Kuru yang paling baik, sebelum engkau, belum pernah ada orang yang melihat bentuk semesta-Ku ini, sebab Aku tidak dapat dilihat dalam bentuk ini di dunia material. Baik melalui cara mempelajari Veda, melakukan korban suci, kedermawanan, kegiatan saleh, maupun pertapaan yang keras.</indonesian>
	</sentences>	<sentences sloka="49">
		<sanskrit></sanskrit>
		<indonesian>Engkau sudah menjadi goyah dan bingung dengan melihat ciri-Ku yang mengerikan ini. Sekarang itu semua akan berakhir. Penyembah-Ku, sekarang engkau bebas lagi dari segala gangguan. Dengan pikiran yang tenang, sekarang engkau dapat melihat bentuk yang engkau inginkan.</indonesian>
	</sentences>	<sentences sloka="50">
		<sanskrit></sanskrit>
		<indonesian>Sañjaya berkata kepada Dhṛtarāṣṭra : Setelah Kepribadian Tuhan Yang Maha Esa, Krishna bersabda seperti itu kepada Arjuna, Beliau memperlihatkan bentuknya yang sejati yang berlengan empat, dan akhirnya memperlihatkan bentuknya yang berlengan dua. Dengan demikian, Beliau memberi semangat kepada Arjuna yang sedang ketakutan.</indonesian>
	</sentences>	<sentences sloka="51">
		<sanskrit></sanskrit>
		<indonesian>Ketika Arjuna melihat Krishna seperti itu dalam bentuk-Nya yang asli, dia berkata: O Janārdana, dengan melihat bentuk ini yang seperti manusia dan sangat tampan, pikiran hamba sudah tenang, dan hamba kembali pada sifat hamba yang asli.</indonesian>
	</sentences>	<sentences sloka="52">
		<sanskrit></sanskrit>
		<indonesian>Kepribadian Tuhan Yang Maha Esa bersabda: Arjuna yang baik hati, bentuk-Ku yang sedang engkau lihat sulit sekali dipandang. Para dewa pun senantiasa mencari kesempatan untuk melihat bentuk ini yang sangat tercinta.</indonesian>
	</sentences>	<sentences sloka="53">
		<sanskrit></sanskrit>
		<indonesian>Bentuk yang sedang engkau lihat dengan mata rohanimu tidak dapat dimengerti hanya dengan mempelajari Veda, melakukan pertapaan yang serius, melalui kedermawanan maupun sembahyang. Bukan dengan cara-cara ini seseorang dapat melihat Aku dalam bentuk-Ku yang sebenarnya.</indonesian>
	</sentences>	<sentences sloka="54">
		<sanskrit></sanskrit>
		<indonesian>Arjuna yang baik hati, hanya melalui bhakti yang murni dan tidak dicampur dengan kegiatan yang lain Aku dapat dimengerti menurut kedudukan-Ku yang sebenarnya, yang sedang berdiri di hadapanmu, dan dengan demikian Aku dapat dilihat secara langsung. Hanya dengan cara inilah engkau dapat masuk ke dalam rahasia pengertian-Ku</indonesian>
	</sentences>	<sentences sloka="55">
		<sanskrit></sanskrit>
		<indonesian>Arjuna yang baik hati, orang yang menekuni bhakti yang murni kepada-Ku, bebas dari pengaruh kegiatan yang dimaksudkan untuk membuahkan hasil atau pahala dan pengaruh angan-angan, yang bekerja demi-Ku, menjadikan Aku sebagai tujuan utama dalam hidupnya, dan ramah terhadap semua makhluk hidup—dia pasti datang kepada-Ku.</indonesian>
	</sentences></root>