<?xml version="1.0" encoding="UTF-8"?>
<root>	<sentences sloka="2">
		<sanskrit></sanskrit>
		<indonesian>Dengan menjadi mantap dalam pengetahuan ini, seseorang dapat mencapai sifat rohani seperti sifat-Ku Sendiri. Setelah menjadi mantap seperti itu, ia tidak dilahirkan pada masa ciptaan atau pun digoyahkan pada masa peleburan.</indonesian>
	</sentences>	<sentences sloka="3">
		<sanskrit></sanskrit>
		<indonesian>Seluruh bahan material, yang disebut Brahman, adalah sumber kelahiran, dan Aku menyebabkan Brahman itu mengandung, yang memungkinkan kelahiran semua makhluk hidup, wahai putera Bhārata.</indonesian>
	</sentences>	<sentences sloka="4">
		<sanskrit></sanskrit>
		<indonesian>Hendaknya dimengerti bahwa segala jenis kehidupan dimungkinkan oleh kelahiran di alam material ini, dan bahwa Akulah ayah yang memberi benih, wahai putera Kuntī.</indonesian>
	</sentences>	<sentences sloka="5">
		<sanskrit></sanskrit>
		<indonesian>Alam material terdiri dari tiga sifat—kebaikan, nafsu dan kebodohan. Bila makhluk hidup yang kekal berhubungan dengan alam, ia diikat oleh sifat-sifat tersebut, wahai Arjuna yang berlengan perkasa.</indonesian>
	</sentences>	<sentences sloka="6">
		<sanskrit></sanskrit>
		<indonesian>Wahai yang tidak berdosa, sifat kebaikan lebih murni daripada sifat-sifat yang lain. Karena itu, sifat kebaikan memberi penerangan dan membebaskan seseorang dari segala reaksi dosa. Orang yang mantap dalam sifat itu diikat oleh rasa kebahagiaan dan pengetahuan.</indonesian>
	</sentences>	<sentences sloka="7">
		<sanskrit></sanskrit>
		<indonesian>Sifat nafsu dilahirkan dari keinginan dan hasrat yang tidak terhingga, wahai putera Kuntī . Karena itu, makhluk hidup di dalam badan terikat terhadap perbuatan material yang dimaksudkan untuk membuahkan hasil atau pahala.</indonesian>
	</sentences>	<sentences sloka="8">
		<sanskrit></sanskrit>
		<indonesian>Wahai putera Bhārata, ketahuilah bahwa sifat kegelapan, yang dilahirkan dari kebodohan, adalah khayalan bagi semua makhluk hidup yang mempunyai badan. Akibat sifat ini adalah kegoncangan jiwa, sifat malas dan kecenderungan untuk tidur, yang mengikat roh yang terikat</indonesian>
	</sentences>	<sentences sloka="9">
		<sanskrit></sanskrit>
		<indonesian>Wahai putera Bhārata, sifat kebaikan mengikat seseorang pada kebahagiaan; nafsu mengikat Diri-Nya pada kegiatan yang dimaksudkan untuk membuahkan hasil atau pahala; dan kebodohan, yang menutupi pengetahuannya mengikat Diri-Nya pada kegilaan.</indonesian>
	</sentences>	<sentences sloka="10">
		<sanskrit></sanskrit>
		<indonesian>Kadang-kadang sifat kebaikan menonjol, dan mengalahkan sifat nafsu dan kebodohan, wahai putera Bhārata. Kadang-kadang sifat nafsu mengalahkan sifat kebaikan dan kebodohan, dan pada waktu yang lain kebodohan mengalahkan kebaikan dan nafsu. Dengan cara demikian selalu ada persaingan untuk berkuasa.</indonesian>
	</sentences>	<sentences sloka="11">
		<sanskrit></sanskrit>
		<indonesian>Perwujudan-perwujudan sifat kebaikan dapat dialami bila semua pintu gerbang badan diterangi oleh pengetahuan.</indonesian>
	</sentences>	<sentences sloka="12">
		<sanskrit></sanskrit>
		<indonesian>Wahai yang paling utama di antara para putera keturunan Bhārata, bila sifat nafsu meningkat, berkembanglah tanda-tanda ikatan yang besar, kegiatan yang dimaksudkan untuk membuahkan hasil atau pahala, usaha yang keras sekali, keinginan dan hasrat yang tidak dapat dikendalikan.</indonesian>
	</sentences>	<sentences sloka="13">
		<sanskrit></sanskrit>
		<indonesian>Bila sifat kebodohan meningkat, terwujudlah kegelapan, malas-malasan, keadaan gila dan khayalan, wahai putera Kuru.</indonesian>
	</sentences>	<sentences sloka="14">
		<sanskrit></sanskrit>
		<indonesian>Bila seseorang meninggal dalam sifat kebaikan, ia mencapai planet-planet murni yang lebih tinggi, tempat tinggal para resi yang mulia.</indonesian>
	</sentences>	<sentences sloka="15">
		<sanskrit></sanskrit>
		<indonesian>Bila seseorang meninggal dalam sifat nafsu, ia dilahirkan di tengah-tengah mereka yang sibuk dalam kegiatan yang dimaksud untuk membuahkan hasil. Bila seseorang meninggal dalam sifat kebodohan, ia dilahirkan di kerajaan binatang.</indonesian>
	</sentences>	<sentences sloka="16">
		<sanskrit></sanskrit>
		<indonesian>Hasil perbuatan saleh bersifat murni dan dikatakan bersifat kebaikan. Tetapi perbuatan yang dilakukan dalam sifat nafsu mengakibatkan kesengsaraan, dan perbuatan yang dilakukan dalam sifat kebodohan mengakibatkan hal-hal yang bukan-bukan.</indonesian>
	</sentences>	<sentences sloka="17">
		<sanskrit></sanskrit>
		<indonesian>Pengetahuan yang sejati berkembang dari sifat kebaikan; loba berkembang dari sifat nafsu; dan kegiatan yang bukan-bukan, sifat gila dan khayalan berkembang dari sifat kebodohan.</indonesian>
	</sentences>	<sentences sloka="18">
		<sanskrit></sanskrit>
		<indonesian>Orang yang berada dalam sifat kebaikan berangsur-angsur naik sampai planet-planet yang lebih tinggi; orang yang berada dalam sifat nafsu hidup di planet-planet seperti bumi; orang yang berada dalam sifat kebodohan yang menjijikkan turun memasuki dunia-dunia neraka.</indonesian>
	</sentences>	<sentences sloka="19">
		<sanskrit></sanskrit>
		<indonesian>Bila seseorang melihat dengan sebenarnya bahwa dalam segala kegiatan tiada pelaku lain yang bekerja selain sifat-sifat alam tersebut dan ia mengenal Tuhan Yang Maha Esa, yang melampaui segala sifat tersebut, maka ia mencapai alam rohani-Ku.</indonesian>
	</sentences>	<sentences sloka="20">
		<sanskrit></sanskrit>
		<indonesian>Bila makhluk hidup di dalam badan dapat melampaui ke tiga sifat alam yang berhubungan dengan badan jasmani, ia dapat dibebaskan dari kelahiran, kematian, usia tua dan dukacitanya hingga ia dapat menikmati minuman kekekalan bahkan dalam kehidupan ini pun.</indonesian>
	</sentences>	<sentences sloka="21">
		<sanskrit></sanskrit>
		<indonesian>Arjuna berkata: O Tuhan yang hamba cintai, melalui tanda-tanda manakah kita dapat mengetahui orang yang melampaui tiga sifat alam tersebut? Bagaimana tingkah lakunya? Bagaimana cara melampaui sifat-sifat alam?</indonesian>
	</sentences>	<sentences sloka="22-25">
		<sanskrit></sanskrit>
		<indonesian>Kepribadian Tuhan Yang Maha Esa bersabda: Wahai putera Pāṇḍu, orang yang tidak membenci penerangan, ikatan dan khayalan bila hal-hal itu ada ataupun merindukannya bila hal-hal itu lenyap; yang tidak pernah gelisah atau goyah selama ia mengalami segala reaksi sifat-sifat alam material, tetap netral dan rohani, dengan mengetahui bahwa hanya sifat-sifat itulah yang bergerak; mantap dalam sang diri dan memandang suka dan duka dengan sikap yang sama; memandang segumpal tanah, sebuah batu dan sebatang emas dengan pandangan yang sama; bersikap yang sama terhadap yang diinginkan dan yang tidak diinginkan; mantap, bersikap yang sama baik terhadap pujian maupun tuduhan, penghormatan maupun penghinaan; yang memperlakukan kawan dan musuh dengan cara yang sama; dan sudah melepaskan ikatan terhadap segala kegiatan material—orang seperti itulah dikatakan sudah melampaui sifat-sifat alam.</indonesian>
	</sentences>	<sentences sloka="26">
		<sanskrit></sanskrit>
		<indonesian>Orang yang menekuni bhakti sepenuhnya, dan tidak gagal dalam segala keadaan, segera melampaui sifat-sifat alam material, dan dengan demikian mencapai tingkat Brahman.</indonesian>
	</sentences>	<sentences sloka="27">
		<sanskrit></sanskrit>
		<indonesian>Aku adalah sandaran Brahman yang tidak bersifat pribadi, yang bersifat kekal, tidak pernah mati, tidak dapat dimusnahkan dan bersifat kekal, kedudukan dasar kebahagiaan yang paling tinggi.</indonesian>
	</sentences></root>