<?xml version="1.0" encoding="UTF-8"?>
<root>	<sentences sloka="1">
		<sanskrit></sanskrit>
		<indonesian></indonesian>
	</sentences>	<sentences sloka="2">
		<sanskrit></sanskrit>
		<indonesian>Kepribadian Tuhan Yang Maha Esa bersabda: Arjuna yang baik hati, bagaimana sampai hal-hal yang kotor ini menghinggapi dirimu? Hal-hal ini sama sekali tidak pantas bagi orang yang mengetahui nilai hidup. Hal-hal seperti itu tidak membawa seseorang ke planet-planet yang lebih tinggi, melainkan menjerumuskan Diri-Nya ke dalam penghinaan.</indonesian>
	</sentences>	<sentences sloka="3">
		<sanskrit></sanskrit>
		<indonesian>Wahai putera Pṛthā, jangan menyerah kepada kelemahan yang hina ini. Itu tidak pantas bagimu. Tinggalkanlah kelemahan hati yang remeh itu dan bangunlah, wahai yang menghukum musuh.</indonesian>
	</sentences>	<sentences sloka="4">
		<sanskrit></sanskrit>
		<indonesian>Arjuna berkata: O Pembunuh musuh, o Pembunuh Madhu, bagaimana saya dapat membalas serangan orang seperti Bhīṣma dan Drona dengan panah pada medan perang, padahal seharusnya saya menyembah mereka?</indonesian>
	</sentences>	<sentences sloka="5">
		<sanskrit></sanskrit>
		<indonesian>Lebih baik saya hidup di dunia ini dengan cara mengemis daripada hidup sesudah mencabut nyawa roh-roh mulia seperti itu, yaitu guru-guru saya. Kendatipun mereka menginginkan keuntungan duniawi, mereka tetap atasan. Kalau mereka terbunuh, segala sesuatu yang kita nikmati akan ternoda dengan darah.</indonesian>
	</sentences>	<sentences sloka="6">
		<sanskrit></sanskrit>
		<indonesian>Kita juga tidak mengetahui mana yang lebih baik—mengalahkan mereka atau dikalahkan oleh mereka. Kalau kita membunuh para putera Dhṛtarāṣṭra, kita tidak mau hidup. Namun mereka sekarang berdiri di hadapan kita di medan perang.</indonesian>
	</sentences>	<sentences sloka="7">
		<sanskrit></sanskrit>
		<indonesian>Sekarang hamba kebingungan tentang kewajiban hamba dan sudah kehilangan segala ketenangan karena kelemahan yang picik. Dalam keadaan ini, hamba mohon agar Anda memberitahukan dengan pasti apa yang paling baik untuk hamba. Sekarang hamba menjadi murid Anda, dan roh yang sudah menyerahkan diri kepada Anda. Mohon memberi pelajaran kepada hamba.</indonesian>
	</sentences>	<sentences sloka="8">
		<sanskrit></sanskrit>
		<indonesian>Hamba tidak dapat menemukan cara untuk menghilangkan rasa sedih ini yang menyebabkan indera-indera hamba menjadi kering. Hamba tidak akan dapat menghilangkan rasa itu, meskipun hamba memenangkan kerajaan yang makmur yang tiada taranya di bumi ini dengan kedaulatan seperti para dewa di surga.</indonesian>
	</sentences>	<sentences sloka="9">
		<sanskrit></sanskrit>
		<indonesian>Sañjaya berkata: Setelah berkata demikian, Arjuna, perebut musuh, menyatakan kepada Krishna, Govinda, hamba tidak akan bertempur,&quot; lalu diam.</indonesian>
	</sentences>	<sentences sloka="10">
		<sanskrit></sanskrit>
		<indonesian>Wahai putera keluarga Bhārata, pada waktu itu, Krishna, yang tersenyum di tengah-tengah antara tentara-tentara  kedua belah pihak, bersabda kepada Arjuna yang sedang tergugah oleh rasa sedih.</indonesian>
	</sentences>	<sentences sloka="11">
		<sanskrit></sanskrit>
		<indonesian>Kepribadian Tuhan Yang Maha Esa bersabda: Sambil berbicara dengan cara yang pandai engkau menyesalkan sesuatu yang tidak patut disesalkan. Orang bijaksana tidak pernah menyesal, baik untuk yang masih hidup maupun untuk yang sudah meninggal.</indonesian>
	</sentences>	<sentences sloka="12">
		<sanskrit></sanskrit>
		<indonesian>Pada masa lampau tidak pernah ada suatu saat pun Aku, engkau maupun semua rājā  ini tidak ada; dan pada masa yang akan datang tidak satupun di antara kita semua akan lenyap.</indonesian>
	</sentences>	<sentences sloka="13">
		<sanskrit></sanskrit>
		<indonesian>Seperti halnya sang roh terkurung di dalam badan terus menerus mengalami perpindahan, di dalam badan ini, dari masa kanak-kanak sampai masa remaja sampai usia tua, begitu juga sang roh masuk ke dalam badan lain pada waktu meninggal. Orang yang tenang tidak bingung karena penggantian itu.</indonesian>
	</sentences>	<sentences sloka="14">
		<sanskrit></sanskrit>
		<indonesian>Wahai putera Kuntī, suka dan duka muncul untuk sementara dan hilang sesudah beberapa waktu, bagaikan mulai dan berakhirnya musim dingin dan musim panas. Hal-hal itu timbul dari penglihatan indera, dan seseorang harus belajar cara mentolerir hal-hal itu tanpa goyah, wahai putera keluarga Bhārata.</indonesian>
	</sentences>	<sentences sloka="15">
		<sanskrit></sanskrit>
		<indonesian>Wahai manusia yang paling baik (Arjuna), orang yang tidak goyah karena suka ataupun duka dan mantap dalam kedua keadaan itu pasti memenuhi syarat untuk mencapai pembebasan.</indonesian>
	</sentences>	<sentences sloka="16">
		<sanskrit></sanskrit>
		<indonesian>Orang yang melihat kebenaran sudah menarik kesimpulan bahwa apa yang tidak ada [badan jasmani] tidak tahan lama dan yang kekal [sang roh] tidak berubah. Inilah kesimpulan mereka setelah mempelajari sifat kedua-duanya.</indonesian>
	</sentences>	<sentences sloka="17">
		<sanskrit></sanskrit>
		<indonesian>Hendaknya engkau mengetahui bahwa apa yang ada dalam seluruh badan tidak dapat dimusnahkan. Tidak seorangpun dapat membinasakan sang roh yang tidak dapat dimusnahkan itu.</indonesian>
	</sentences>	<sentences sloka="18">
		<sanskrit></sanskrit>
		<indonesian>Makhluk hidup yang tidak dapat dimusnahkan atau diukur dan bersifat kekal, memiliki badan jasmani yang pasti akan berakhir. Karena itu, bertempurlah, wahai putera keluarga Bhārata.</indonesian>
	</sentences>	<sentences sloka="19">
		<sanskrit></sanskrit>
		<indonesian>Orang yang menganggap bahwa makhluk hidup membunuh ataupun makhluk hidup dibunuh tidak memiliki pengetahuan, sebab sang diri tidak membunuh dan tidak dapat dibunuh.</indonesian>
	</sentences>	<sentences sloka="20">
		<sanskrit></sanskrit>
		<indonesian>Tidak ada kelahiran maupun kematian bagi sang roh pada saat manapun. Dia tidak diciptakan pada masa lampau, ia tidak diciptakan pada masa sekarang, dan dia tidak akan diciptakan pada masa yang akan datang. Dia tidak dilahirkan, berada untuk selamanya dan bersifat abadi. Dia tidak terbunuh apabila badan dibunuh.</indonesian>
	</sentences>	<sentences sloka="21">
		<sanskrit></sanskrit>
		<indonesian>Wahai Pārtha, bagaimana mungkin orang yang mengetahui bahwa sang roh tidak dapat dimusnahkan, bersifat kekal, tidak dilahirkan dan tidak pernah berubah dapat membunuh seseorang atau menyebabkan seseorang membunuh?</indonesian>
	</sentences>	<sentences sloka="22">
		<sanskrit></sanskrit>
		<indonesian>Seperti halnya seseorang mengenakan pakaian baru, dan membuka pakaian lama, begitu pula sang roh menerima badan-badan jasmani yang baru, dengan meninggalkan badan-badan lama yang tidak berguna.</indonesian>
	</sentences>	<sentences sloka="23">
		<sanskrit></sanskrit>
		<indonesian>Sang roh tidak pernah dapat dipotong menjadi bagian-bagian oleh senjata manapun, dibakar oleh api, dibasahi oleh air, atau dikeringkan oleh angin.</indonesian>
	</sentences>	<sentences sloka="24">
		<sanskrit></sanskrit>
		<indonesian>Roh yang individual ini tidak dapat dipatahkan dan tidak dapat dilarutkan, dibakar ataupun dikeringkan. Ia hidup untuk selamanya, berada di mana-mana, tidak dapat diubah, tidak dapat dipindahkan dan tetap sama untuk selamanya.</indonesian>
	</sentences>	<sentences sloka="25">
		<sanskrit></sanskrit>
		<indonesian>Dikatakan bahwa sang roh itu tidak dapat dilihat, tidak dapat dipahami dan tidak dapat diubah. Mengingat kenyataan itu, hendaknya engkau jangan menyesal karena badan.</indonesian>
	</sentences>	<sentences sloka="26">
		<sanskrit></sanskrit>
		<indonesian>Akan tetapi, kalau engkau berpikir bahwa sang roh [atau gejala gejala hidup] senantiasa dilahirkan dan selalu mati, toh engkau masih tidak mempunyai alasan untuk menyesal, wahai Arjuna yang berlengan perkasa.</indonesian>
	</sentences>	<sentences sloka="27">
		<sanskrit></sanskrit>
		<indonesian>Orang yang sudah dilahirkan pasti akan meninggal, dan sesudah kematian, seseorang pasti akan dilahirkan lagi. Karena itu, dalam melaksanakan tugas kewajibanmu yang tidak dapat dihindari, hendaknya engkau jangan menyesal.</indonesian>
	</sentences>	<sentences sloka="28">
		<sanskrit></sanskrit>
		<indonesian>Semua makhluk yang diciptakan tidak terwujud pada awalnya, terwujud pada pertengahan, dan sekali lagi tidak terwujud pada waktu dileburkan. Jadi apa yang perlu disesalkan?</indonesian>
	</sentences>	<sentences sloka="29">
		<sanskrit></sanskrit>
		<indonesian>Beberapa orang memandang bahwa sang roh sebagai sesuatu yang mengherankan, beberapa orang menguraikan dia sebagai sesuatu yang mengherankan, dan beberapa orang mendengar tentang dia sebagai sesuatu yang mengherankan juga, sedangkan orang lain tidak dapat mengerti sama sekali tentang sang roh, walaupun mereka sudah mendengar tentang dia.</indonesian>
	</sentences>	<sentences sloka="30">
		<sanskrit></sanskrit>
		<indonesian>O putera keluarga Bhārata, dia yang tinggal dalam badan tidak pernah dapat dibunuh. Karena itu, engkau tidak perlu bersedih hati untuk makhluk manapun.</indonesian>
	</sentences>	<sentences sloka="31">
		<sanskrit></sanskrit>
		<indonesian>Mengingat tugas kewajibanmu yang khusus sebagai seorang ksatriya, hendaknya engkau mengetahui bahwa tiada kesibukan yang lebih baik untukmu daripada bertempur berdasarkan prinsip-prinsip dharma; karena itu, engkau tidak perlu ragu-ragu.</indonesian>
	</sentences>	<sentences sloka="32">
		<sanskrit></sanskrit>
		<indonesian>Wahai Pārtha, berbahagialah para ksatriya yang mendapatkan kesempatan untuk bertempur seperti itu tanpa mencarinya—kesempatan yang membuka pintu gerbang planet-planet surga bagi mereka.</indonesian>
	</sentences>	<sentences sloka="33">
		<sanskrit></sanskrit>
		<indonesian>Akan tetapi, apabila engkau tidak melaksanakan kewajiban dharmamu, yaitu bertempur, engkau pasti menerima dosa akibat melalaikan kewajibanmu, dan dengan demikian kemashyuranmu sebagai kesatria akan hilang.</indonesian>
	</sentences>	<sentences sloka="34">
		<sanskrit></sanskrit>
		<indonesian>Orang akan selalu membicarakan engkau sebagai orang yang hina, dan bagi orang yang terhormat, penghinaan lebih buruk daripada kematian.</indonesian>
	</sentences>	<sentences sloka="35">
		<sanskrit></sanskrit>
		<indonesian>Jendral-jendral besar yang sangat menghargai nama dan kemashyuranmu akan menganggap engkau meninggalkan medan perang karena rasa takut saja, dan dengan demikian mereka akan meremehkan engkau.</indonesian>
	</sentences>	<sentences sloka="36">
		<sanskrit></sanskrit>
		<indonesian>Musuh-musuhmu akan menjuluki engkau dengan banyak kata yang tidak baik dan mengejek kesanggupanmu. Apa yang dapat lebih menyakiti hatimu daripada itu?</indonesian>
	</sentences>	<sentences sloka="37">
		<sanskrit></sanskrit>
		<indonesian>Wahai putera Kuntī, engkau akan terbunuh di medan perang dan mencapai planet-planet surga atau engkau akan menang dan menikmati kerajaan di dunia. Karena itu, bangunlah dan bertempur dengan ketabahan hati.</indonesian>
	</sentences>	<sentences sloka="38">
		<sanskrit></sanskrit>
		<indonesian>Bertempurlah demi pertempuran saja, tanpa mempertimbangkan suka atau duka, rugi atau laba, menang atau kalaḥ—dengan demikian, engkau tidak akan pernah dipengaruhi oleh dosa.</indonesian>
	</sentences>	<sentences sloka="39">
		<sanskrit></sanskrit>
		<indonesian>Sampai sekarang, Aku sudah menguraikan tentang pengetahuan ini kepadamu melalui pelajaran analisis. Sekarang, dengarlah penjelasan-Ku tentang hal ini menurut cara bekerja tanpa mengharapkan hasil atau pahala. Wahai putera Pṛthā, bila engkau bertindak dengan pengetahuan seperti itu engkau dapat membebaskan diri dari ikatan pekerjaan.</indonesian>
	</sentences>	<sentences sloka="40">
		<sanskrit></sanskrit>
		<indonesian>Dalam usaha ini tidak ada kerugian ataupun pengurangan, dan sedikitpun kemajuan dalam menempuh jalan ini dapat melindungi seseorang terhadap rasa takut yang paling berbahaya.</indonesian>
	</sentences>	<sentences sloka="41">
		<sanskrit></sanskrit>
		<indonesian>Orang yang menempuh jalan ini bertabah hati dengan mantap, dan tujuan mereka satu saja. Wahai putera kesayangan para Kuru, kecerdasan orang yang tidak bertabah hati mempunyai banyak cabang.</indonesian>
	</sentences>	<sentences sloka="42-43">
		<sanskrit></sanskrit>
		<indonesian>Orang yang kekurangan pengetahuan sangat terikat pada kata-kata kiasan dari Veda, yang menganjurkan berbagai kegiatan yang dimaksudkan untuk membuahkan pahala agar dapat naik tingkat sampai planet-planet surga, kelahiran yang baik sebagai hasilnya, kekuatan, dan sebagainya. Mereka menginginkan kepuasan indera-indera dan kehidupan yang mewah, sehingga mereka mengatakan bahwa tiada sesuatupun yang lebih tinggi dari ini, wahai putera Pṛthā.</indonesian>
	</sentences>	<sentences sloka="44">
		<sanskrit></sanskrit>
		<indonesian>Ketabahan hati yang mantap untuk berbhakti kepada Tuhan Yang Maha Esa tidak pernah timbul di dalam pikiran orang yang terlalu terikat pada kenikmatan indera-indera dan kekayaan material.</indonesian>
	</sentences>	<sentences sloka="45">
		<sanskrit></sanskrit>
		<indonesian>Veda sebagian besar menyangkut tiga sifat alam. Wahai Arjuna, lampauilah tiga sifat alam itu. Bebaskanlah dirimu dari segala hal yang relatif dan segala kecemasan untuk keuntungan dan keselamatan dan jadilah mantap dalam sang diri.</indonesian>
	</sentences>	<sentences sloka="46">
		<sanskrit></sanskrit>
		<indonesian>Segala tujuan yang dipenuhi oleh sumur kecil dapat segera dipenuhi oleh sumber air yang besar. Begitu pula, segala tujuan Veda dapat segera dipenuhi bagi orang yang mengetahui maksud dasar Veda itu.</indonesian>
	</sentences>	<sentences sloka="47">
		<sanskrit></sanskrit>
		<indonesian>Engkau berhak melakukan tugas kewajibanmu yang telah ditetapkan, tetapi engkau tidak berhak atas hasil perbuatan. Jangan menganggap dirimu penyebab hasil kegiatanmu, dan jangan terikat pada kebiasaan tidak melakukan kewajibanmu.</indonesian>
	</sentences>	<sentences sloka="48">
		<sanskrit></sanskrit>
		<indonesian>Wahai Arjuna, lakukanlah kewajibanmu dengan sikap seimbang, lepaskanlah segala ikatan terhadap sukses maupun kegagalan. Sikap seimbang seperti itu disebut yoga.</indonesian>
	</sentences>	<sentences sloka="49">
		<sanskrit></sanskrit>
		<indonesian>Wahai dhanañjaya, jauhilah segala kegiatan yang menjijikkan melalui bhakti dan dengan kesadaran seperti itu serahkanlah dirimu kepada Tuhan Yang Maha Esa. Orang yang ingin menikmati hasil dari pekerjaannya adalah orang pelit.</indonesian>
	</sentences>	<sentences sloka="50">
		<sanskrit></sanskrit>
		<indonesian>Orang yang menekuni bhakti membebaskan Diri-Nya dari perbuatan yang baik dan buruk bahkan dalam kehidupan ini pun. Karena itu, berusahalah untuk yoga, ilmu segala pekerjaan.</indonesian>
	</sentences>	<sentences sloka="51">
		<sanskrit></sanskrit>
		<indonesian>Dengan menekuni bhakti kepada Tuhan Yang Maha Esa seperti itu, resi-resi yang mulia dan penyembah-penyembah membebaskan diri dari hasil pekerjaan di dunia material. Dengan cara demikian mereka dibebaskan dari perputaran kelahiran dan kematian dan mencapai keadaan di luar segala kesengsaraan [dengan kembali kepada Tuhan Yang Maha Esa].</indonesian>
	</sentences>	<sentences sloka="53">
		<sanskrit></sanskrit>
		<indonesian>Bila pikiranmu tidak goyah lagi karena bahasa kiasan Veda, dan pikiran mantap dalam semadi keinsafan diri, maka engkau sudah mencapai kesadaran rohani.</indonesian>
	</sentences>	<sentences sloka="54">
		<sanskrit></sanskrit>
		<indonesian>Arjuna berkata: O Krishna, bagaimanakah ciri-ciri orang yang kesadarannya sudah khusuk dalam kerohanian seperti itu? bagaimana cara bicaranya serta bagaimana bahasanya? Dan bagaimana ia duduk dan bagaimana ia berjalan?</indonesian>
	</sentences>	<sentences sloka="55">
		<sanskrit></sanskrit>
		<indonesian>Kepribadian Tuhan Yang Maha Esa bersabda: O Pārtha, bila seseorang meninggalkan segala jenis keinginan untuk kepuasan indera-indera, yang muncul dari tafsiran pikiran, dan bila pikirannya yang sudah disucikan dengan cara seperti itu hanya puas dalam sang diri, dikatakan ia sudah berada dalam kesadaran rohani yang murni.</indonesian>
	</sentences>	<sentences sloka="56">
		<sanskrit></sanskrit>
		<indonesian>Orang yang pikirannya tidak goyah bahkan di tengah-tengah tiga jenis kesengsaraan, tidak gembira pada waktu ada kebahagiaan, dan bebas dari ikatan, rasa takut dan marah, disebut resi yang mantap dalam pikirannya.</indonesian>
	</sentences>	<sentences sloka="57">
		<sanskrit></sanskrit>
		<indonesian>Di dunia material, orang yang tidak dipengaruhi oleh hal yang baik dan hal yang buruk yang diperolehnya, dan tidak memuji maupun mengejeknya, sudah mantap dengan teguh dalam pengetahuan yang sempurna.</indonesian>
	</sentences>	<sentences sloka="58">
		<sanskrit></sanskrit>
		<indonesian>Orang yang dapat menarik indera-inderanya dari obyek-obyek indera, bagaikan kura-kura yang menarik kakinya ke dalam cangkangnya, mantap dengan teguh dalam kesadaran yang sempurna.</indonesian>
	</sentences>	<sentences sloka="59">
		<sanskrit></sanskrit>
		<indonesian></indonesian>
	</sentences>	<sentences sloka="60">
		<sanskrit></sanskrit>
		<indonesian>Wahai Arjuna, alangkah kuat dan bergeloranya indera-indera sehingga pikiran orang bijaksana yang sedang berusaha untuk mengendalikan indera-inderanya pun dibawa lari dengan paksa oleh indera-indera itu.</indonesian>
	</sentences>	<sentences sloka="61">
		<sanskrit></sanskrit>
		<indonesian>Orang yang mengekang dan mengendalikan indera-indera sepenuhnya dan memusatkan kesadarannya sepenuhnya kepada-Ku, dikenal sebagai orang yang mempunyai kecerdasan yang mantap.</indonesian>
	</sentences>	<sentences sloka="62">
		<sanskrit></sanskrit>
		<indonesian></indonesian>
	</sentences>	<sentences sloka="63">
		<sanskrit></sanskrit>
		<indonesian>Dari amarah timbullah khayalan yang lengkap, dari khayalan menyebabkan ingatan bingung. Bila ingatan bingung, kecerdasan hilang, bila kecerdasan hilang, seseorang jatuh lagi ke dalam lautan material.</indonesian>
	</sentences>	<sentences sloka="64">
		<sanskrit></sanskrit>
		<indonesian>Tetapi orang yang sudah bebas dari segala ikatan dan rasa tidak suka serta sanggup mengendalikan indera-indera melalui prinsip-prinsip kebebasan yang teratur dapat memperoleh karunia sepenuhnya dari Tuhan.</indonesian>
	</sentences>	<sentences sloka="65">
		<sanskrit></sanskrit>
		<indonesian>Tiga jenis kesengsaraan kehidupan material tidak ada lagi pada orang yang puas seperti itu [dalam kesadaran Krishna]: dengan kesadaran yang puas seperti itu, kecerdasan seseorang mantap dalam waktu singkat.</indonesian>
	</sentences>	<sentences sloka="66">
		<sanskrit></sanskrit>
		<indonesian>Orang yang tidak mempunyai hubungan dengan Yang Maha Kuasa dalam kesadaran Krishna] tidak mungkin memiliki kecerdasan rohani maupun pikiran yang mantap. Tanpa kecerdasan rohani dan pikiran yang mantap tidak mungkin ada kedamaian. Tanpa kedamaian, bagaimana mungkin ada kebahagiaan?</indonesian>
	</sentences>	<sentences sloka="67">
		<sanskrit></sanskrit>
		<indonesian>Seperti perahu yang berada pada permukaan air dibawa lari oleh angin kencang, kecerdasan seseorang dapat dilarikan bahkan oleh satu saja di antara indera-indera yang mengembara dan menjadi titik pusat untuk pikiran.</indonesian>
	</sentences>	<sentences sloka="68">
		<sanskrit></sanskrit>
		<indonesian>Karena itu, orang yang indera-inderanya terkekang dari obyek-obyek nya pasti mempunyai kecerdasan yang mantap, wahai yang berlengan perkasa</indonesian>
	</sentences>	<sentences sloka="69">
		<sanskrit></sanskrit>
		<indonesian>Malam hari bagi semua makhluk adalah waktu sadar bagi orang yang mengendalikan diri, dan waktu sadar bagi semua makhluk adalah malam hari bagi resi yang mawas diri.</indonesian>
	</sentences>	<sentences sloka="70">
		<sanskrit></sanskrit>
		<indonesian>Hanya orang yang tidak terganggu oleh arus keinginan yang mengalir terus menerus yang masuk bagaikan sungai-sungai ke dalam lautan, yang senantiasa diisi tetapi selalu tetap tenang, dapat mencapai kedamaian. Bukan orang yang berusaha memuaskan keinginan itu yang dapat mencapai kedamaian.</indonesian>
	</sentences>	<sentences sloka="71">
		<sanskrit></sanskrit>
		<indonesian>Hanya orang yang sudah meninggalkan segala jenis keinginan untuk kepuasan indera-indera, hidup bebas dari keinginan, sudah meninggalkan segala rasa ingin memiliki sesuatu dan bebas dari keakuan palsu dapat mencapai kedamaian yang sejati.</indonesian>
	</sentences>	<sentences sloka="72">
		<sanskrit></sanskrit>
		<indonesian>Itulah cara hidup yang suci dan rohani. Sesudah mencapai kehidupan seperti itu, seseorang tidak dibingungkan. Kalau seseorang mantap seperti itu bahkan pada saat kematian sekalipun, ia dapat masuk ke kerajaan Tuhan.</indonesian>
	</sentences></root>