<?xml version="1.0" encoding="UTF-8"?>
<root>	<sentences sloka="2">
		<sanskrit></sanskrit>
		<indonesian>Kepribadian Tuhan Yang Maha Esa bersabda: Menurut sifat-sifat alam yang diperoleh oleh roh di dalam badan, ada tiga jenis kepercayaan yang dapat dimiliki seseorang—kepercayaan dalam kebaikan, dalam nafsu atau dalam kebodohan. Sekarang dengarlah tentang hal ini.</indonesian>
	</sentences>	<sentences sloka="3">
		<sanskrit></sanskrit>
		<indonesian>Wahai putera Bhārata, menurut kehidupan seseorang di bawah berbagai sifat alam, ia mengembangkan jenis kepercayaan tertentu. Dikatakan bahwa makhluk hidup memiliki kepercayaan tertentu menurut sifat-sifat yang telah diperolehnya.</indonesian>
	</sentences>	<sentences sloka="4">
		<sanskrit></sanskrit>
		<indonesian>Orang dalam sifat kebaikan menyembah para dewa; orang dalam sifat nafsu menyembah para raksasa atau orang jahat; dan orang yang berada dalam sifat kebodohan menyembah hantu-hantu dan roh-roh halus.</indonesian>
	</sentences>	<sentences sloka="5-6">
		<sanskrit></sanskrit>
		<indonesian>Orang yang menjalani pertapaan dan kesederhanaan yang keras yang tidak dianjurkan dalam Kitab Suci, dan melakukan kegiatan itu karena rasa bangga dan keakuan palsu didorong oleh nafsu dan ikatan, yang bersifat bodoh dan menyiksa unsur-unsur material di dalam badan dan Roh Yang Utama yang bersemayam di dalam badan, dikenal sebagai orang jahat.</indonesian>
	</sentences>	<sentences sloka="7">
		<sanskrit></sanskrit>
		<indonesian>Makanan yang paling disukai setiap orang juga terdiri dari tiga jenis, menurut tiga sifat alam material. Demikian pula korban suci, pertapaan dan kedermawanan. Sekarang dengarlah perbedaan antara hal-hal itu.</indonesian>
	</sentences>	<sentences sloka="8">
		<sanskrit></sanskrit>
		<indonesian>Makanan yang disukai oleh orang dalam sifat kebaikan memperpanjang usia hidup, menyucikan kehidupan dan memberi kekuatan, kesehatan, kebahagiaan dan kepuasan. Makanan tersebut penuh sari, berlemak, bergizi dan menyenangkan hati.</indonesian>
	</sentences>	<sentences sloka="9">
		<sanskrit></sanskrit>
		<indonesian>Makanan yang terlalu pahit, terlalu asam, terlalu asin, panas sekali atau menyebabkan badan menjadi panas sekali, terlalu pedas, terlalu kering dan berisi terlalu banyak bumbu yang keras sekali disukai oleh orang dalam sifat nafsu. Makanan seperti itu menyebabkan dukacita, kesengsaraan dan penyakit.</indonesian>
	</sentences>	<sentences sloka="10">
		<sanskrit></sanskrit>
		<indonesian>Makanan yang dimasak lebih dari tiga jam sebelum dimakan, makanan yang hambar, basi dan busuk, dan makanan terdiri dari sisa makanan orang lain dan bahan-bahan haram disukai oleh orang dalam sifat kegelapan.</indonesian>
	</sentences>	<sentences sloka="11">
		<sanskrit></sanskrit>
		<indonesian>Di antara korban-korban suci, korban suci yang dilakukan menurut Kitab Suci, karena kewajiban, oleh orang yang tidak mengharapkan pamrih, adalah korban suci dalam sifat kebaikan.</indonesian>
	</sentences>	<sentences sloka="12">
		<sanskrit></sanskrit>
		<indonesian></indonesian>
	</sentences>	<sentences sloka="13">
		<sanskrit></sanskrit>
		<indonesian>Korban suci apa pun yang dilakukan tanpa mempedulikan petunjuk Kitab Suci, tanpa membagikan prasādam [makanan rohani], tanpa mengucapkan mantra-mantra Veda, tanpa memberi sumbangan kepada para pendeta dan tanpa kepercayaan dianggap korban suci dalam sifat kebodohan.</indonesian>
	</sentences>	<sentences sloka="14">
		<sanskrit></sanskrit>
		<indonesian>Pertapaan jasmani terdiri dari sembahyang kepada Tuhan Yang Maha Esa, para brahmaṇā, guru kerohanian dan atasan seperti ayah dan ibu, dan kebersihan, kesederhanaan, berpantang hubungan suami isteri dan tidak melakukan kekerasan.</indonesian>
	</sentences>	<sentences sloka="15">
		<sanskrit></sanskrit>
		<indonesian>Pertapaan suara terdiri dari mengeluarkan kata-kata yang jujur, menyenangkan, bermanfaat, dan tidak mengganggu orang lain, dan juga membacakan kesusasteraan Veda secara teratur.</indonesian>
	</sentences>	<sentences sloka="16">
		<sanskrit></sanskrit>
		<indonesian>Kepuasan, kesederhanaan, sikap yang serius, mengendalikan diri dan menyucikan kehidupan adalah pertapaan pikiran.</indonesian>
	</sentences>	<sentences sloka="17">
		<sanskrit></sanskrit>
		<indonesian>Tiga jenis pertapaan tersebut, yang dilakukan dengan keyakinan rohani oleh orang yang tidak mengharapkan keuntungan material tetapi tekun hanya demi Yang Mahakuasa, disebut pertapaan dalam sifat kebaikan.</indonesian>
	</sentences>	<sentences sloka="18">
		<sanskrit></sanskrit>
		<indonesian>Pertapaan yang dilakukan berdasarkan rasa bangga untuk memperoleh pujian, penghormatan dan pujaan disebut pertapaan dalam sifat nafsu. Pertapaan itu tidak mantap atau kekal.</indonesian>
	</sentences>	<sentences sloka="19">
		<sanskrit></sanskrit>
		<indonesian>Pertapaan yang dilakukan berdasarkan kebodohan, dan dengan menyiksa diri atau menghancurkan atau menyakiti orang lain dikatakan sebagai pertapaan dalam sifat kebodohan.</indonesian>
	</sentences>	<sentences sloka="20">
		<sanskrit></sanskrit>
		<indonesian>Kedermawanan yang diberikan karena kewajiban, tanpa mengharapkan pamrih, pada waktu dan tempat yang tepat, kepada orang yang patut menerimanya dianggap bersifat kebaikan.</indonesian>
	</sentences>	<sentences sloka="21">
		<sanskrit></sanskrit>
		<indonesian>Tetapi sumbangan yang diberikan dengan mengharapkan pamrih, atau dengan keinginan untuk memperoleh hasil atau pahala, atau dengan rasa kesal, dikatakan sebagai kedermawanan dalam sifat nafsu.</indonesian>
	</sentences>	<sentences sloka="22">
		<sanskrit></sanskrit>
		<indonesian>Sumbangan-sumbangan yang diberikan di tempat yang tidak suci, pada waktu yang tidak suci, kepada orang yang tidak patut menerimanya, atau tanpa perhatian dan rasa hormat yang benar dikatakan sebagai sumbangan dalam sifat kebodohan.</indonesian>
	</sentences>	<sentences sloka="23">
		<sanskrit></sanskrit>
		<indonesian>Sejak awal ciptaan, tiga kata om tat sat digunakan untuk menunjukkan Kebenaran Mutlak Yang Paling Utama. Tiga lambang tersebut digunakan oleh para brahmaṇā sambil mengucapkan mantra-mantra Veda dan pada waktu menghaturkan korban suci untuk memuaskan Yang Mahakuasa.</indonesian>
	</sentences>	<sentences sloka="24">
		<sanskrit></sanskrit>
		<indonesian>Karena itu, para rohaniwan yang melakukan korban suci, kedermawanan dan pertapaan menurut aturan Kitab Suci selalu mulai dengan `om&apos; untuk mencapai pada Yang Mahakuasa.</indonesian>
	</sentences>	<sentences sloka="25">
		<sanskrit></sanskrit>
		<indonesian>Tanpa menginginkan hasil atau pahala, hendaknya seseorang melakukan berbagai jenis korban suci, pertapaan dan kedermawanan dengan kata `tat.&apos; Tujuan kegiatan rohani tersebut ialah untuk mencapai pembebasan dari ikatan material.</indonesian>
	</sentences>	<sentences sloka="26-27">
		<sanskrit></sanskrit>
		<indonesian>Kebenaran Mutlak adalah tujuan korban suci bhakti. Kebenaran Mutlak ditunjukkan dengan kata `sat.&apos; Pelaksana korban suci seperti itu juga disebut `sat.&apos; Segala pekerjaan korban suci, pertapaan dan kedermawanan yang dilaksanakan untuk memuaskan Kepribadian Tuhan Yang Maha Esa dan setia kepada sifat Mutlak juga disebut `sat,&apos; wahai putera Pṛthā.</indonesian>
	</sentences>	<sentences sloka="28">
		<sanskrit></sanskrit>
		<indonesian>Apa pun yang dilakukan sebagai korban suci, kedermawanan maupun pertapaan tanpa keyakinan terhadap Yang Mahakuasa tidak bersifat kekal, wahai putera Pṛthā. Kegiatan itu disebut `asat&apos; dan tidak berguna dalam hidup ini maupun dalam penjelmaan yang akan datang.</indonesian>
	</sentences></root>