<?xml version="1.0" encoding="UTF-8"?>
<root>	<sentences sloka="1">
		<sanskrit></sanskrit>
		<indonesian>Dhṛtarāṣṭra berkata: Wahai Sanjaya, sesudah Putera-puteraku dan putera Pāṇḍu berkumpul di tempat suci Kuruksetra dengan keinginan untuk bertempur, apa yang dilakukan oleh mereka?</indonesian>
	</sentences>	<sentences sloka="2">
		<sanskrit></sanskrit>
		<indonesian>Sañjaya berkata: Wahai Baginda Raja, sesudah meninjau tentara yang telah disusun dalam barisan-barisan oleh para putera Pā</indonesian>
	</sentences>	<sentences sloka="3">
		<sanskrit></sanskrit>
		<indonesian>Wahai Guruku, lihatlah tentara-tentara besar para putera Pandu, yang disusun dengan ahli sekali oleh putera Drupada, murid anda yang cerdas.</indonesian>
	</sentences>	<sentences sloka="4">
		<sanskrit></sanskrit>
		<indonesian>Di sini dalam tentara ini ada banyak pahlawan pemanah yang sehebat Bhima dan Arjuna dalam pertempuran: kesatria-kesatria yang hebat seperti Yuyudhana, Virata dan Drupada.</indonesian>
	</sentences>	<sentences sloka="5">
		<sanskrit></sanskrit>
		<indonesian>Ada juga kesatria-kesatria yang hebat, perkasa dan memiliki sifat kepahlawanan seperti Dhrstaketu, Cekitana, Kasirāja, Purujit, Kuntī bhoja dan saibya.</indonesian>
	</sentences>	<sentences sloka="6">
		<sanskrit></sanskrit>
		<indonesian>Ada Yudhāmanyu yang agung, Uttamauja yang perkasa sekali, putera Subhadra dan Putera-putera Draupadi. Semua kesatria itu hebat sekali bertempur dengan menggunakan kereta.</indonesian>
	</sentences>	<sentences sloka="7">
		<sanskrit></sanskrit>
		<indonesian>Tetapi perkenankanlah saya menyampaikan keterangan kepada anda tentang komandan-komandan yang mempunyai kwalifikasi luar biasa untuk memimpin bala tentara saya, wahai brahmaṇā yang paling baik.</indonesian>
	</sentences>	<sentences sloka="8">
		<sanskrit></sanskrit>
		<indonesian>Ada tokoh-tokoh seperti Prabhu sendiri, Bhīṣma, Karṇa, Krpa, Asvatthama, Vikarna dan putera Somadatta bernama Bhurisrava, yang selalu menang dalam perang.</indonesian>
	</sentences>	<sentences sloka="9">
		<sanskrit></sanskrit>
		<indonesian>Ada banyak pahlawan lain yang bersedia mengorbankan nyawanya demi kepentingan saya. Semuanya dilengkapi dengan pelbagai jenis senjata, dan berpengalaman di bidang ilmu militer.</indonesian>
	</sentences>	<sentences sloka="10">
		<sanskrit></sanskrit>
		<indonesian>Kekuatan kita tidak dapat diukur, dan kita dilindungi secara sempurna oleh kakek Bhīṣma, sedangkan para Pandava, yang dilindungi dengan teliti oleh Bhima, hanya mempunyai kekuatan yang terbatas.</indonesian>
	</sentences>	<sentences sloka="11">
		<sanskrit></sanskrit>
		<indonesian>Sekarang anda semua harus memberi dukungan sepenuhnya kepada Kakek Bhīṣma, sambil berdiri di ujung-ujung strategis masing-masing di gerbang-gerbang barisan tentara.</indonesian>
	</sentences>	<sentences sloka="12">
		<sanskrit></sanskrit>
		<indonesian>Kemudian Bhīṣma, leluhur agung dinasti Kuru yang gagah berani, kakek para kesatria, meniup kerangnya dengan keras sekali bagaikan suara singa sehingga Duryodhana merasa riang.</indonesian>
	</sentences>	<sentences sloka="13">
		<sanskrit></sanskrit>
		<indonesian>Sesudah itu, kerang-kerang, gendang-gendang, bedug, dan berbagai jenis terompet semuanya dibunyikan seketika, sehingga paduan suaranya menggemparkan.</indonesian>
	</sentences>	<sentences sloka="14">
		<sanskrit></sanskrit>
		<indonesian>Di pihak lawan, Sri Krishna bersama Arjuna yang mengendarai kereta megah yang ditarik oleh kuda-kuda berwarna putih juga membunyikan kerang-kerang rohani mereka.</indonesian>
	</sentences>	<sentences sloka="15">
		<sanskrit></sanskrit>
		<indonesian>Kemudian Sri Krishna meniup kerang-Nya yang bernama Pancajanya; Arjuna meniup kerangnya bernama Devadatta; dan Bhima, pelahap dan pelaksana tugas-tugas yang berat sekali, meniup kerangnya yang mengerikan bernama Paundra.</indonesian>
	</sentences>	<sentences sloka="16-18">
		<sanskrit></sanskrit>
		<indonesian>Rājā  Yudhisthira, putera Kuntī</indonesian>
	</sentences>	<sentences sloka="19">
		<sanskrit></sanskrit>
		<indonesian>Berbagai jenis kerang tersebut ditiup hingga menggemparkan. Suara kerang-kerang bergema baik di langit maupun di bumi, hingga mematahkan hati para putera Dhṛtarāṣṭra.</indonesian>
	</sentences>	<sentences sloka="20">
		<sanskrit></sanskrit>
		<indonesian>Pada waktu itu, Arjuna, putera Pandu, yang sedang duduk di atas kereta, yang benderanya berlambang Hanuman, mengangkat busurnya dan bersiap-siap untuk melepaskan anak panahnya. Wahai Paduka Raja, sesudah memandang Putera-putera Dhṛtarāṣṭra, lalu Arjuna berkata kepada Hrsikesa (Krishna) sebagai berikut:</indonesian>
	</sentences>	<sentences sloka="21-22">
		<sanskrit></sanskrit>
		<indonesian>Arjuna berkata: Wahai Krishna yang tidak pernah gagal, mohon membawa kereta saya ke tengah-tengah antara kedua tentara agar saya dapat melihat siapa yang ingin bertempur di sini dan siapa yang harus saya hadapi dalam usaha perang yang besar ini.</indonesian>
	</sentences>	<sentences sloka="23">
		<sanskrit></sanskrit>
		<indonesian>Perkenankanlah saya melihat mereka yang datang ke sini untuk bertempur karena keinginan mereka untuk menyenangkan hati putera Dhṛtarāṣṭra yang berpikiran jahat.</indonesian>
	</sentences>	<sentences sloka="24">
		<sanskrit></sanskrit>
		<indonesian>Sañjaya berkata: wahai putera keluarga Bhārata, setelah disapa oleh Arjuna, Sri Krishna membawa kereta yang bagus itu ke tengah-tengah antara tentara-tentara  kedua belah pihak.</indonesian>
	</sentences>	<sentences sloka="25">
		<sanskrit></sanskrit>
		<indonesian>Di hadapan Bhīṣma, Drona dan semua pemimpin dunia lainnya, Sri Krishna bersabda, wahai Pārtha, lihatlah para Kuru yang sudah berkumpul di sini.</indonesian>
	</sentences>	<sentences sloka="26">
		<sanskrit></sanskrit>
		<indonesian>Di sana di tengah-tengah tentara-tentara  kedua belah pihak Arjuna dapat melihat para ayah, kakek, guru, paman dari keluarga ibu, saudara, putera, cucu, kawan, mertua dan orang-orang yang mengharapkan kesejahteraannya semua hadir di sana.</indonesian>
	</sentences>	<sentences sloka="27">
		<sanskrit></sanskrit>
		<indonesian>Ketika Arjuna, putera Kuntī, melihat berbagai kawan dan sanak keluarga ini, hatinya tergugah rasa kasih sayang dan dia berkata sebagai berikut.</indonesian>
	</sentences>	<sentences sloka="28">
		<sanskrit></sanskrit>
		<indonesian>Arjuna berkata: Krishna yang baik hati, setelah melihat kawan-kawan dan sanak keluarga di hadapan saya dengan semangat untuk bertempur seperti itu, saya merasa anggota badan-badan saya gemetar dan mulut saya terasa kering.</indonesian>
	</sentences>	<sentences sloka="29">
		<sanskrit></sanskrit>
		<indonesian>Seluruh badan saya gemetar, dan bulu roma berdiri. Busur Gandeva terlepas dari tangan saya, dan kulit saya terasa terbakar.</indonesian>
	</sentences>	<sentences sloka="30">
		<sanskrit></sanskrit>
		<indonesian>Saya tidak tahan lagi berdiri di sini. Saya lupa akan diri, dan pikiran saya kacau. O Krishna, saya hanya dapat melihat sebab-sebab malapetaka saja, wahai pembunuh raksasa bernama Kesi.</indonesian>
	</sentences>	<sentences sloka="31">
		<sanskrit></sanskrit>
		<indonesian>Saya tidak dapat melihat bagaimana hal-hal yang baik dapat diperoleh kalau saya membunuh sanak keluarga sendiri dalam perang ini. Krishna yang baik hati, saya juga tidak dapat menginginkan kejayaan, kerajaan, maupun kebahagiaan sebagai akibat perbuatan seperti itu.</indonesian>
	</sentences>	<sentences sloka="32-35">
		<sanskrit></sanskrit>
		<indonesian>O Govinda, barangkali kita menginginkan kerajaan, kebahagiaan, ataupun kehidupan untuk orang tertentu, tetapi apa gunanya kerajaan, kebahagiaan ataupun kehidupan bagi kita kalau mereka sekarang tersusun pada medan perang ini? O Madhusūdana, apabila para guru, ayah, putera, kakek, paman dari keluarga ibu, mertua, cucu, ipar dan semua sanak keluarga bersedia mengorbankan nyawa dan harta bendanya dan sekarang berdiri di hadapan saya, mengapa saya harus berhasrat membunuh mereka, meskipun kalau saya tidak membunuh mereka, mungkin mereka akan membunuh saya? Wahai Pemelihara semua makhluk hidup, jangankan untuk bumi ini, untuk imbalan seluruh tiga dunia ini pun saya tidak bersedia bertempur melawan mereka. Kesenangan apa yang akan kita peroleh kalau kita membunuh para putera Dhṛtarāṣṭra ?</indonesian>
	</sentences>	<sentences sloka="36">
		<sanskrit></sanskrit>
		<indonesian>Kita akan dikuasai oleh dosa kalau kita membunuh penyerang seperti itu. Karena itu, tidak pantas kalau kita membunuh para putera Dhṛtarāṣṭra dan kawan-kawan kita. O Krishna, suami Dewi Keberuntungan, apa untungnya bagi kita, dan bagaimana mungkin kita berbahagia dengan membunuh sanak keluarga kita sendiri?</indonesian>
	</sentences>	<sentences sloka="37-38">
		<sanskrit></sanskrit>
		<indonesian>O Janārdana, walaupun orang ini yang sudah dikuasai oleh kelobaan tidak melihat kesalahan dalam membunuh keluarga sendiri atau bertengkar dengan kawan-kawan, mengapa kita yang dapat melihat bahwa membinasakan satu keluarga adalah kejahatan harus melakukan perbuatan berdosa seperti itu?</indonesian>
	</sentences>	<sentences sloka="39">
		<sanskrit></sanskrit>
		<indonesian>Dengan hancurnya sebuah dinasti, seluruh tradisi keluarga yang kekal dihancurkan, dan dengan demikian sisa keluarga akan terlibat dalam kebiasaan yang bertentangan dengan dharma.</indonesian>
	</sentences>	<sentences sloka="40">
		<sanskrit></sanskrit>
		<indonesian>O Krishna, apabila hal-hal yang bertentangan dengan dharma merajalela dalam keluarga, kaum wanita dalam keluarga ternoda, dan dengan merosotnya kaum wanita, lahirlah keturunan yang tidak diinginkan, wahai putera keluarga Vṛṣṇi.</indonesian>
	</sentences>	<sentences sloka="41">
		<sanskrit></sanskrit>
		<indonesian>Meningkatnya jumlah penduduk yang tidak diinginkan tentu saja menyebabkan keadaan seperti di neraka baik bagi keluarga maupun mereka yang membinasakan tradisi keluarga. Leluhur keluarga-keluarga yang sudah merosot seperti itu jatuh, sebab upacara-upacara untuk mempersembahkan makanan dan air kepada leluhur terhenti sama sekali.</indonesian>
	</sentences>	<sentences sloka="42">
		<sanskrit></sanskrit>
		<indonesian>Akibat perbuatan jahat para penghancur tradisi keluarga yang menyebabkan lahirnya anak-anak yang tidak diinginkan, segala jenis program masyarakat dan kegiatan demi kesejahteraan keluarga akan binasa.</indonesian>
	</sentences>	<sentences sloka="43">
		<sanskrit></sanskrit>
		<indonesian>O Krishna, pemelihara rakyat, saya sudah mendengar menurut garis perguruan bahwa orang yang membinasakan tradisitradisi keluarga selalu tinggal di neraka.</indonesian>
	</sentences>	<sentences sloka="44">
		<sanskrit></sanskrit>
		<indonesian>Aduh, alangkah anehnya bahwa kita sedang bersiap-siap untuk melakukan kegiatan yang sangat berdosa. Didorong oleh keinginan untuk menikmati kesenangan kerajaan, kita sudah bertekad membunuh sanak keluarga sendiri.</indonesian>
	</sentences>	<sentences sloka="45">
		<sanskrit></sanskrit>
		<indonesian>Lebih baik bagi saya kalau para putera Dhṛtarāṣṭra yang membawa senjata di tangan membunuh saya yang tidak membawa senjata dan tidak melawan di medan perang.</indonesian>
	</sentences>	<sentences sloka="46">
		<sanskrit></sanskrit>
		<indonesian>Sañjaya berkata: Setelah berkata demikian di medan perang, Arjuna meletakkan busur dan anak panahnya, lalu duduk dalam kereta. Pikiran Arjuna tergugah oleh rasa sedih.</indonesian>
	</sentences></root>