<?xml version="1.0" encoding="UTF-8"?>
<root>	<sentences sloka="2">
		<sanskrit></sanskrit>
		<indonesian>Siapakah Penguasa korban suci, dan bagaimana cara Beliau bersemayam di dalam badan, wahai Madhusūdana? Bagaimana cara orang yang tekun dalam bhakti dapat mengenal Anda pada saat meninggal?</indonesian>
	</sentences>	<sentences sloka="3">
		<sanskrit></sanskrit>
		<indonesian>Kepribadian Tuhan Yang Maha Esa bersabda: Makhluk hidup yang tidak dapat dimusnahkan dan bersifat rohani disebut Brahman, dan sifatnya yang kekal disebut adhyātma, atau sang diri. Perbuatan berhubungan dengan perkembangan badan-badan jasmani para makhluk hidup disebut karma atau kegiatan yang dimaksudkan untuk membuahkan hasil atau pahala.</indonesian>
	</sentences>	<sentences sloka="4">
		<sanskrit></sanskrit>
		<indonesian>Wahai yang paling baik di antara para makhluk yang berada di dalam badan, alam, yang berubah senantiasa, disebut adhi-bhuta [manifestasi material]. Bentuk semesta Tuhan, termasuk semua dewa, seperti dewa matahari dan dewa bulan, disebut adhi-daiva. Aku, Tuhan Yang Maha Esa, yang berwujud sebagai Roh Yang Utama di dalam hati setiap makhluk yang berada di dalam badan, disebut adhi-yajna [Penguasa korban suci].</indonesian>
	</sentences>	<sentences sloka="5">
		<sanskrit></sanskrit>
		<indonesian>Siapapun yang meninggalkan badannya pada saat ajalnya sambil ingat kepada-Ku, segera mencapai sifat-Ku. Kenyataan ini tidak dapat diragukan.</indonesian>
	</sentences>	<sentences sloka="6">
		<sanskrit></sanskrit>
		<indonesian>Keadaan hidup manapun yang diingat seseorang pada saat ia meninggalkan badannya, pasti keadaan itulah yang akan dicapainya, wahai putera Kuntī .</indonesian>
	</sentences>	<sentences sloka="7">
		<sanskrit></sanskrit>
		<indonesian>Wahai Arjuna, karena itu, hendaknya engkau selalu berpikir tentang-Ku dalam bentuk Krishna dan pada waktu yang sama melaksanakan tugas kewajibanmu, yaitu bertempur. Dengan kegiatanmu dipersembahkan kepada-Ku pikiran dan kecerdasanmu dipusatkan kepada-Ku, tidak dapat diragukan bahwa engkau akan mencapai kepada-Ku.</indonesian>
	</sentences>	<sentences sloka="8">
		<sanskrit></sanskrit>
		<indonesian>Orang yang bersemadi kepadaku sebagai Kepribadian Tuhan Yang Maha Esa, dengan pikirannya senantiasa tekun ingat kepada-Ku, dan tidak pernah menyimpang dari jalan itu, dialah yang pasti mencapai kepada-Ku, wahai Pārtha.</indonesian>
	</sentences>	<sentences sloka="9">
		<sanskrit></sanskrit>
		<indonesian>Hendaknya seseorang bersemadi kepada Kepribadian Yang Paling Utama sebagai yang Mahatahu. Yang paling tua, Yang mengendalikan, lebih kecil daripada yang paling kecil, Pemelihara segala sesuatu, Yang berada di luar segala paham material, Yang tidak dapat dibayangkan, dan selalu bersifat kepribadian. Beliau bercahaya seperti matahari, dan Beliau bersifat rohani, di luar alam material ini.</indonesian>
	</sentences>	<sentences sloka="10">
		<sanskrit></sanskrit>
		<indonesian>Pada saat meninggal, orang yang memusatkan udara kehidupannya di tengah-tengah antara kedua alis matanya dan tekun ingat kepada Tuhan Yang Maha Esa dalam bhakti sepenuhnya melalui kekuatan yoga, dengan pikiran yang tidak pernah menyimpang, pasti akan mencapai kepada Kepribadian Tuhan Yang Maha Esa.</indonesian>
	</sentences>	<sentences sloka="11">
		<sanskrit></sanskrit>
		<indonesian>Orang yang berpengetahuan tentang Veda, yang mengucapkan oḿ-kāra dan menjadi resi-resi yang mulia pada tingkatan hidup untuk meninggalkan hal-hal duniawi masuk ke dalam Brahman. Jika seseorang menginginkan kesempurnaan seperti itu, ia berpantang hubungan suami isteri. Sekarang Aku akan menjelaskan kepadamu secara singkat proses yang memungkinkan seseorang mencapai pembebasan.</indonesian>
	</sentences>	<sentences sloka="12">
		<sanskrit></sanskrit>
		<indonesian>Keadaan yoga ialah ketidakterikatan terhadap segala kesibukan indera-indera. Dengan menutup segala pintu indera-indera dan memusatkan pikiran pada jantung dan udara kehidupan pada ubun-ubun, seseorang menjadi mantap dalam yoga.</indonesian>
	</sentences>	<sentences sloka="13">
		<sanskrit></sanskrit>
		<indonesian>Sesudah seseorang mantap dalam latihan yoga ini dan mengucapkan suku kata suci om, gabungan huruf yang paling utama, kalau dia berpikir tentang Kepribadian Tuhan Yang Maha Esa dan meninggalkan badannya, pasti dia akan mencapai planet-planet rohani.</indonesian>
	</sentences>	<sentences sloka="14">
		<sanskrit></sanskrit>
		<indonesian>Wahai putera Pṛthā, Aku mudah sekali dicapai oleh orang yang selalu ingat kepada-Ku tanpa menyimpang sebab dia senantiasa tekun dalam bhakti.</indonesian>
	</sentences>	<sentences sloka="15">
		<sanskrit></sanskrit>
		<indonesian>Sesudah mencapai kepada-Ku, roh-roh yang mulia, yogi-yogi dalam bhakti, tidak pernah kembali ke dunia fana yang penuh kesengsaraan, sebab mereka sudah mencapai kesempurnaan tertinggi.</indonesian>
	</sentences>	<sentences sloka="16">
		<sanskrit></sanskrit>
		<indonesian>Dari planet tertinggi di dunia material sampai dengan planet yang paling rendah, semuanya tempat-tempat kesengsaraan, tempat kelahiran dan kematian dialami berulangkali. Tetapi orang yang mencapai tempat tinggal-Ku tidak akan pernah dilahirkan lagi, wahai putera Kuntī .</indonesian>
	</sentences>	<sentences sloka="17">
		<sanskrit></sanskrit>
		<indonesian>Menurut perhitungan manusia, seribu jaman sama dengan kurun waktu satu hari bagi Brahma. Malam hari bagi Brahma sepanjang itu pula.</indonesian>
	</sentences>	<sentences sloka="18">
		<sanskrit></sanskrit>
		<indonesian>Pada awal satu hari bagi Brahma, semua makhluk hidup diwujudkan dari keadaan tidak terwujud. Sesudah itu, bila malam hari mulai, sekali lagi mereka terlebur ke dalam keadaan tidak berwujud.</indonesian>
	</sentences>	<sentences sloka="19">
		<sanskrit></sanskrit>
		<indonesian>Semua makhluk hidup terwujud berulangkali bila hari sudah siang bagi Brahma, lalu dengan mulainya malam hari bagi Brahma, mereka dilebur dalam keadaan tidak berdaya.</indonesian>
	</sentences>	<sentences sloka="20">
		<sanskrit></sanskrit>
		<indonesian>Namun ada alam lain yang tidak terwujud, kekal, dan melampaui alam ini yang terwujud dan tidak terwujud. Alam itu bersifat utama dan tidak pernah dibinasakan. Bila seluruh dunia ini dilebur, bagian itu tetap dalam kedudukannya.</indonesian>
	</sentences>	<sentences sloka="21">
		<sanskrit></sanskrit>
		<indonesian>Yang diuraikan sebagai yang tidak terwujud dan tidak pernah gagal oleh para ahli Vedanta, yang dikenal sebagai tujuan tertinggi, dan sesudah mencapai tempat itu, seseorang tidak kembali lagi—itulah tempat tinggal-Ku yang paling tinggi.</indonesian>
	</sentences>	<sentences sloka="22">
		<sanskrit></sanskrit>
		<indonesian>Kepribadian Tuhan Yang Maha Esa, yang lebih agung daripada semua kepribadian lainnya, dapat dicapai oleh bhakti yang murni. Walaupun Beliau berada di tempat tinggal-Nya, Beliau berada di mana-mana, dan segala sesuatu berada di dalam Diri-Nya.</indonesian>
	</sentences>	<sentences sloka="23">
		<sanskrit></sanskrit>
		<indonesian>Wahai yang paling baik di antara para Bhārata, sekarang Aku akan menjelaskan kepadamu tentang berbagai jenis waktu untuk meninggal dunia. Kalau seorang yogi meninggal dunia pada saat-saat tertentu itu, dia kembali atau tidak kembali ke dunia ini.</indonesian>
	</sentences>	<sentences sloka="24">
		<sanskrit></sanskrit>
		<indonesian>Orang yang mengenal Brahman Yang Paling Utama mencapai kepada Yang Mahakuasa dengan cara meninggal dunia selama pengaruh dewa api, dalam cahaya, pada saat suci pada waktu siang, selama dua minggu menjelang bulan purnama, atau selama enam bulan pada waktu matahari berjalan menuju utara.</indonesian>
	</sentences>	<sentences sloka="25">
		<sanskrit></sanskrit>
		<indonesian>Seorang ahli kebatinan yang meninggal dunia selama masa asap, malam hari, selama dua minggu menjelang bulan mati, atau selama enam bulan pada waktu matahari berjalan menuju selatan akan mencapai planet bulan, tetapi dia akan kembali lagi.</indonesian>
	</sentences>	<sentences sloka="26">
		<sanskrit></sanskrit>
		<indonesian>Menurut pendapat Veda, ada dua cara untuk meninggalkan dunia ini—yang satu dalam cahaya dan yang lain dalam kegelapan. Jika seseorang meninggal dunia dalam cahaya, ia tidak akan kembali lagi; tetapi kalau ia meninggal dalam kegelapan, ia akan kembali lagi.</indonesian>
	</sentences>	<sentences sloka="27">
		<sanskrit></sanskrit>
		<indonesian>Kendatipun para penyembah mengenal dua jalan tersebut, mereka tidak pernah dibingungkan, wahai Arjuna. Karena itu, jadilah selalu mantap dalam bhakti.</indonesian>
	</sentences>	<sentences sloka="28">
		<sanskrit></sanskrit>
		<indonesian>Orang yang mulai mengikuti jalan bhakti tidak kekurangan hasil yang diperoleh dari mempelajari Veda, melakukan korban suci dengan kesederhanaan dan pertapaan, memberi sumbangan atau mengikuti kegiatan di bidang filsafat atau kegiatan yang dimaksudkan untuk membuahkan hasil atau pahala. Hanya dengan melakukan bhakti, ia mencapai segala hasil tersebut, dan akhirnya ia mencapai tempat tinggal kekal yang paling utama.</indonesian>
	</sentences></root>