<?xml version="1.0" encoding="UTF-8"?>
<root>	<sentences sloka="2">
		<sanskrit></sanskrit>
		<indonesian>Baik para dewa maupun resi-resi yang mulia tidak mengenal asal mula maupun kehebatan-Ku, sebab, dalam segala hal, Aku adalah sumber dewa-dewa dan resi-resi.</indonesian>
	</sentences>	<sentences sloka="3">
		<sanskrit></sanskrit>
		<indonesian>Orang yang mengenal Aku sebagai Yang tidak dilahirkan, sebagai Yang tidak berawal, sebagai Tuhan Yang Maha Esa Yang berkuasa atas semua dunia di kalangan manusia dia yang tidak berkhayal, dan hanya dialah yang dibebaskan dari segala dosa.</indonesian>
	</sentences>	<sentences sloka="4-5">
		<sanskrit></sanskrit>
		<indonesian></indonesian>
	</sentences>	<sentences sloka="6">
		<sanskrit></sanskrit>
		<indonesian>Tujuh resi yang mulia, dan sebelum mereka empat resi lainnya serta para Manu [leluhur manusia], berasal dari-Ku. Mereka dilahirkan dari pikiran-Ku, dan semua makhluk hidup yang menghuni berbagai planet adalah keturunan dari mereka.</indonesian>
	</sentences>	<sentences sloka="7">
		<sanskrit></sanskrit>
		<indonesian>Orang yang sungguh-sungguh yakin tentang kehebatan dan kekuatan batin-Ku ini menekuni bhakti yang murni dan tidak dicampur dengan hal-hal lain; kenyataan ini tidak dapat diragukan.</indonesian>
	</sentences>	<sentences sloka="8">
		<sanskrit></sanskrit>
		<indonesian>Aku adalah sumber segala dunia rohani dan segala dunia material. Segala sesuatu berasal dari-Ku. Orang bijaksana yang mengetahui kenyataan ini secara sempurna menekuni bhakti kepada-Ku dan menyembah-Ku dengan sepenuh hatinya.</indonesian>
	</sentences>	<sentences sloka="9">
		<sanskrit></sanskrit>
		<indonesian>Para penyembah-Ku yang murni selalu khusuk berpikir tentang-Ku, kehidupannya dipersembahkan sepenuhnya untuk berbhakti kepada-Ku, dan mereka memperoleh kepuasan dan kebahagiaan yang besar dari kegiatan senantiasa memberikan penjelasan satu sama lain dan berbicara tentang-Ku.</indonesian>
	</sentences>	<sentences sloka="10">
		<sanskrit></sanskrit>
		<indonesian>Kepada mereka yang senantiasa setia berbhakti kepada-Ku dengan cinta kasih, Aku berikan pengertian yang memungkinkan mereka datang kepada-Ku.</indonesian>
	</sentences>	<sentences sloka="11">
		<sanskrit></sanskrit>
		<indonesian>Untuk memperlihatkan karunia istimewa kepada mereka, Aku yang bersemayam di dalam hatinya, membinasakan kegelapan yang dilahirkan dari kebodohan dengan lampu pengetahuan yang cemerlang.</indonesian>
	</sentences>	<sentences sloka="12-13">
		<sanskrit></sanskrit>
		<indonesian>Arjuna berkata: Anda adalah Kepribadian Tuhan Yang Maha Esa, tempat tinggal tertinggi, Yang Mahasuci, Kebenaran Mutlak. Anda adalah Yang Mahaabadi, Yang rohani dan melampaui dunia ini, Kepribadian yang asli dan tidak dilahirkan dan Yang Mahabesar. Semua resi yang mulia seperti Nārada, Asita, Devala dan Vyasa membenarkan kenyataan ini tentang Anda, dan sekarang Anda Sendiri menyatakan demikian kepada hamba.</indonesian>
	</sentences>	<sentences sloka="14">
		<sanskrit></sanskrit>
		<indonesian>O Krishna, hamba menerima sepenuhnya sebagai kebenaran segala sesuatu yang sudah Anda sampaikan kepada hamba. O Tuhan Yang Maha Esa, baik para dewa maupun para raksasa tidak dapat mengerti kepribadian Anda.</indonesian>
	</sentences>	<sentences sloka="15">
		<sanskrit></sanskrit>
		<indonesian>Memang, hanya Anda Sendiri yang mengenal Diri Anda atas tenaga dalam milik Anda, o Kepribadian Yang Paling Utama, Asal Mula segala sesuatu, Penguasa semua makhluk hidup, Tuhan yang disembah oleh para dewa, Penguasa jagat!</indonesian>
	</sentences>	<sentences sloka="16">
		<sanskrit></sanskrit>
		<indonesian>Anda berada di mana-mana di semua dunia ini melalui kehebatan rohani Anda, Mohon memberitahukan kepada hamba secara terperinci tentang kehebatan-kehebatan rohani itu.</indonesian>
	</sentences>	<sentences sloka="17">
		<sanskrit></sanskrit>
		<indonesian>O Krishna, ahli kebatinan yang paling utama, bagaimana cara hamba dapat berpikir tentang Anda senantiasa, dan bagaimana cara hamba dapat mengenal Anda? Anda harus diingat dalam aneka bentuk yang bagaimana, o Kepribadian Tuhan Yang Maha Esa?</indonesian>
	</sentences>	<sentences sloka="18">
		<sanskrit></sanskrit>
		<indonesian>O Janārdana, mohon menguraikan sekali lagi secara terperinci kekuatan batin kehebatan Anda. Hamba tidak pernah kenyang mendengar tentang Anda, sebab makin hamba mendengar makin hamba ingin merasakan manisnya minuman kekekalan sabda Anda.</indonesian>
	</sentences>	<sentences sloka="19">
		<sanskrit></sanskrit>
		<indonesian>Kepribadian Tuhan Yang Maha Esa bersabda: Ya, Aku akan memberitahukan kepadamu tentang perwujudan-perwujudan-Ku yang mulia, tetapi hanya yang paling terkemuka, sebab kehebatan-Ku tidak terhingga, wahai Arjuna.</indonesian>
	</sentences>	<sentences sloka="20">
		<sanskrit></sanskrit>
		<indonesian>O Arjuna, Aku adalah Roh Yang Utama yang bersemayam di dalam hati semua makhluk hidup. Aku adalah awal, pertengahan dan akhir semua makhluk.</indonesian>
	</sentences>	<sentences sloka="21">
		<sanskrit></sanskrit>
		<indonesian>Di antara para Āditya Aku adalah Visnu, di antara sumber-sumber cahaya Aku adalah matahari yang cerah, di antara para Marut Aku adalah Marici, dan di antara bintangbintang Aku adalah bulan.</indonesian>
	</sentences>	<sentences sloka="22">
		<sanskrit></sanskrit>
		<indonesian>Di antara Veda-veda Aku adalah Sama Veda; di antara para dewa Aku adalah Indra, rājā  surga; di antara indera-indera Aku adalah pikiran; dan Aku adalah hidup [kesadaran] para makhluk hidup.</indonesian>
	</sentences>	<sentences sloka="23">
		<sanskrit></sanskrit>
		<indonesian>Di antara semua Rudra Aku adalah Dewa siva, di antara para Yaksa dan Raksasa Aku adalah dewa kekayaan (-Kuvera), di antara para Vasu aku adalah api (Agni), dan di antara gununggunung Aku adalah Meru.</indonesian>
	</sentences>	<sentences sloka="24">
		<sanskrit></sanskrit>
		<indonesian>Wahai Arjuna, di antara semua pendeta, ketahuilah bahwa Aku adalah Brhaspati, pemimpinnya. Di antara para panglima Aku adalah Kartikeya, dan di antara sumber-sumber air Aku adalah lautan.</indonesian>
	</sentences>	<sentences sloka="25">
		<sanskrit></sanskrit>
		<indonesian>Di antara resi-resi yang mulia, Aku adalah Bhṛgu; di antara getaran-getaran suara Aku adalah oḿ yang bersifat rohani. Di antara korban-korban suci Aku adalah ucapanucapan nama-nama suci Tuhan [japa], dan di antara benda-benda yang tidak bergerak Aku adalah pegunungan Himalaya.</indonesian>
	</sentences>	<sentences sloka="26">
		<sanskrit></sanskrit>
		<indonesian>Di antara semua pohon, Aku adalah pohon beringin. Di antara resi-resi di kalangan para dewa Aku adalah Nārada. Di antara para Gandharva Aku adalah Citraratha, dan di antara makhluk-makhluk yang sempurna Aku adalah resi Kapila.</indonesian>
	</sentences>	<sentences sloka="27">
		<sanskrit></sanskrit>
		<indonesian>Ketahuilah bahwa di antara kuda-kuda Aku adalah Uccaihsrava, yang diciptakan pada waktu lautan dikocok untuk menghasilkan minuman kekekalan. Di antara gajah-gajah yang agung Aku adalah Airavata, dan di antara manusia aku adalah raja.</indonesian>
	</sentences>	<sentences sloka="28">
		<sanskrit></sanskrit>
		<indonesian>Di antara senjata-senjata, Aku adalah petir; di antara sapi-sapi Aku adalah surabhi. Di antara sebab-sebab orang berketurunan, aku adalah Kandarpa, dewa asmara, dan di antara ular-ular Aku adalah Vāsuki.</indonesian>
	</sentences>	<sentences sloka="29">
		<sanskrit></sanskrit>
		<indonesian>Di antara para Naga yang berkepala banyak Aku adalah Ananta. Diantara para makhluk yang hidup di air Aku adalah dewa Varuna. Diantara para leluhur yang sudah meninggal Aku adalah Aryamā, dan diantara para pengatur hukum Aku adalah Yama, dewa kematian.</indonesian>
	</sentences>	<sentences sloka="30">
		<sanskrit></sanskrit>
		<indonesian>Di antara para raksasa Daitya Aku adalah Prahlada yang berbhakti dengan setia. Di antara para penakluk Aku adalah waktu, di antara para binatang Aku adalah singa, dan di antara para burung Aku adalah Garuda.</indonesian>
	</sentences>	<sentences sloka="31">
		<sanskrit></sanskrit>
		<indonesian>Di antara segala sesuatu yang menyucikan, Aku adalah angin, di antara para pembawa senjata Aku adalah Rāma. Di antara ikanikan Aku adalah ikan hiu, dan di antara sungai-sungai yang mengalir Aku adalah sungai Gangga.</indonesian>
	</sentences>	<sentences sloka="32">
		<sanskrit></sanskrit>
		<indonesian>Di antara segala ciptaan Aku adalah permulaan, akhir dan juga pertengahan, wahai Arjuna. Di antara segala ilmu pengetahuan, Aku adalah ilmu pengetahuan rohani tentang sang diri, dan di antara para ahli logika, Aku adalah kebenaran sebagai kesimpulan.</indonesian>
	</sentences>	<sentences sloka="33">
		<sanskrit></sanskrit>
		<indonesian>Di antara semua huruf Aku adalah huruf A. Di antara kata-kata majemuk, Aku adalah kata majemuk setara. Aku adalah waktu yang tidak dapat dimusnahkan, dan di antara para pencipta Aku adalah Brahma.</indonesian>
	</sentences>	<sentences sloka="34">
		<sanskrit></sanskrit>
		<indonesian>Aku adalah maut yang memakan segala sesuatu, dan Aku adalah prinsip yang menghasilkan segala sesuatu yang belum terjadi. Di kalangan kaum wanita, Aku adalah kemasyhuran, keuntungan, bahasa yang halus, ingatan, kecerdasan, ketabahan dan kesabaran.</indonesian>
	</sentences>	<sentences sloka="35">
		<sanskrit></sanskrit>
		<indonesian>Di antara mantra-mantra dalam Sama Veda Aku adalah bṛhat-sāma. Di antara sanjak-sanjak Aku adalah Gayatri. Di antara bulan-bulan Aku adalah Margasirsa [Nopember-Desember], dan di antara musim-musim Aku adalah musim semi, waktu bunga mekar.</indonesian>
	</sentences>	<sentences sloka="36">
		<sanskrit></sanskrit>
		<indonesian>Aku adalah perjudian kaum penipu, Aku adalah kemuliaan segala sesuatu yang mulia. Aku adalah kejayaan, Aku adalah petualangan dan Aku adalah kekuatan orang yang kuat.</indonesian>
	</sentences>	<sentences sloka="37">
		<sanskrit></sanskrit>
		<indonesian>Di antara keturunan Vṛṣṇi, Aku adalah Vasudeva. Di antara para Pandava Aku adalah Arjuna. Di antara resi-resi Aku adalah Vyasa, dan diantara para ahli pikir yang mulia Aku adalah Usana.</indonesian>
	</sentences>	<sentences sloka="38">
		<sanskrit></sanskrit>
		<indonesian>Di antara segala cara untuk melarang pelanggaran hukum, Aku adalah hukuman, dan di antara orang yang mencari kejayaan Aku adalah moralitas. Di antara segala hal yang rahasia Aku adalah sikap diam, dan Aku adalah kebijaksanaan orang yang bijaksana.</indonesian>
	</sentences>	<sentences sloka="39">
		<sanskrit></sanskrit>
		<indonesian>Wahai Arjuna, di samping itu Aku adalah benih yang menghasilkan segala kehidupan. Tiada satu makhlukpun—baik yang bergerak maupun yang tidak bergerak—yang dapat hidup tanpa-Ku.</indonesian>
	</sentences>	<sentences sloka="40">
		<sanskrit></sanskrit>
		<indonesian>Wahai penakluk musuh yang agung, perwujudan-perwujudan rohani-Ku tidak ada batasnya. Apa yang telah Ku sabdakan kepadamu hanya sekedar petunjuk saja tentang kehebatan rohani-Ku yang tidak terhingga.</indonesian>
	</sentences>	<sentences sloka="41">
		<sanskrit></sanskrit>
		<indonesian>Ketahuilah bahwa segala ciptaan yang hebat, indah dan mulia hanya berasal dari segelintir kemuliaan-Ku.</indonesian>
	</sentences>	<sentences sloka="42">
		<sanskrit></sanskrit>
		<indonesian>Wahai Arjuna, mengapa segala pengetahuan yang terperinci ini diperlukan? Dengan satu bagian percikan saja dari Diri-Ku Aku berada di mana-mana dan menyangga seluruh alam semesta.</indonesian>
	</sentences></root>