<?xml version="1.0" encoding="UTF-8"?>
<root>	<sentences sloka="2">
		<sanskrit></sanskrit>
		<indonesian>Cabang-cabang pohon tersebut menjulur ke bawah dan ke atas, dipelihara oleh tiga sifat alam material. Ranting-ranting adalah obyek-obyek indera. Pohon tersebut juga mempunyai akar yang turun kebawah, dan akar-akar tersebut terikat pada perbuatan masyarakat manusia yang dimaksudkan untuk membuahkan hasil atau pahala.</indonesian>
	</sentences>	<sentences sloka="3-4">
		<sanskrit></sanskrit>
		<indonesian>Bentuk sejati pohon tersebut tidak dapat dipahami di dunia ini. Tidak ada orang yang dapat mengerti di mana pohon itu berakhir, di mana pohon itu mulai, atau di mana dasar pohon itu. Tetapi dengan ketabahan hati orang harus menebang pohon itu yang mempunyai akar yang kuat dengan memakai senjata ketidakterikatan. Kemudian, ia harus mencari suatu tempat sehingga setelah mencapai tempat itu,ia tidak akan pernah kembali lagi. Di tempat itu, ia harus menyerahkan diri kepada Kepribadian Tuhan Yang Maha Esa, asal mula segala sesuatu dan sumber perwujudan segala sesuatu sejak sebelum awal sejarah.</indonesian>
	</sentences>	<sentences sloka="5">
		<sanskrit></sanskrit>
		<indonesian>Orang yang bebas dari kemasyhuran palsu, khayalan dan pergaulan palsu, dan mengerti hal-hal yang kekal, sudah tidak mempunyai hubungan lagi dengan nafsu material, bebas dari hal-hal relatif berupa suka dan duka, tidak dibingungkan dan mengetahui bagaimana cara menyerahkan diri kepada Kepribadian Yang Paling Utama akan mencapai kerajaan yang kekal itu.</indonesian>
	</sentences>	<sentences sloka="6">
		<sanskrit></sanskrit>
		<indonesian>Tempat tinggal-Ku yang paling utama itu tidak diterangi oleh matahari, bulan, api maupun listrik. Orang yang mencapai tempat tinggal itu tidak pernah kembali lagi ke dunia material ini.</indonesian>
	</sentences>	<sentences sloka="7">
		<sanskrit></sanskrit>
		<indonesian>Para makhluk hidup di dunia yang terikat ini adalah bagian-bagian percikan yang kekal dari Diri-Ku. Oleh karena kehidupan yang terikat, mereka berjuang dengan keras sekali melawan enam indera, termasuk pikiran.</indonesian>
	</sentences>	<sentences sloka="8">
		<sanskrit></sanskrit>
		<indonesian>Makhluk hidup di dunia material membawa berbagai paham hidupnya dari satu badan ke badan yang lain seperti udara membawa berbagai bau. Dengan cara demikian ia menerima jenis badan tertentu, lalu sekali lagi meninggalkan badan itu untuk menerima badan lain.</indonesian>
	</sentences>	<sentences sloka="9">
		<sanskrit></sanskrit>
		<indonesian>Makhluk hidup, yang menerima badan kasar lain lagi dengan cara seperti itu, memperoleh jenis telinga, mata, lidah, hidung dan peraba tertentu tersusun di sekitar pikiran. Dengan demikian, ia menikmati pasangan obyek-obyek indera tertentu.</indonesian>
	</sentences>	<sentences sloka="10">
		<sanskrit></sanskrit>
		<indonesian>Orang bodoh tidak dapat mengerti bagaimana makhluk hidup dapat meninggalkan badannya, dan mereka tidak dapat mengerti jenis badan mana yang dinikmatinya di bawah pesona sifat-sifat alam. Tetapi orang yang matanya sudah terlatih dalam pengetahuan dapat melihat segala hal tersebut.</indonesian>
	</sentences>	<sentences sloka="11">
		<sanskrit></sanskrit>
		<indonesian>Para rohaniwan yang sedang berusaha, yang mantap dalam keinsafan diri, dapat melihat segala hal tersebut dengan jelas. Tetapi orang yang pikirannya belum berkembang dan belum mantap dalam    keinsafan diri tidak dapat melihat apa yang sedang terjadi, meskipun mereka berusaha melihat.</indonesian>
	</sentences>	<sentences sloka="12">
		<sanskrit></sanskrit>
		<indonesian>Kemuliaan matahari, yang menghilangkan kegelapan seluruh dunia ini, berasal dari-Ku. Kemuliaan bulan dan kemuliaan api juga berasal dari-Ku.</indonesian>
	</sentences>	<sentences sloka="13">
		<sanskrit></sanskrit>
		<indonesian>Aku masuk ke dalam setiap planet, dan planet-planet itu tetap melintasi garis edarnya atas tenaga-Ku. Aku menjadi bulan dan dengan demikian menyediakan sari hidup kepada semua sayur.</indonesian>
	</sentences>	<sentences sloka="14">
		<sanskrit></sanskrit>
		<indonesian>Aku adalah api pencerna di dalam badan-badan semua makhluk hidup, dan Aku bergabung dengan udara kehidupan, yang keluar dan masuk, untuk mencernakan empat jenis makanan.</indonesian>
	</sentences>	<sentences sloka="15">
		<sanskrit></sanskrit>
		<indonesian>Aku bersemayam di dalam hati setiap makhluk. Ingatan, pengetahuan dan pelupaan berasal dari-Ku. Akulah yang harus diketahui dari segala Veda; memang Akulah yang menyusun Vedanta, dan Akulah yang mengetahui Veda.</indonesian>
	</sentences>	<sentences sloka="16">
		<sanskrit></sanskrit>
		<indonesian>Ada dua golongan makhluk hidup, yaitu yang dapat gagal dan yang tidak. Di dunia material semua makhluk hidup dapat gagal, dan di dunia rohani setiap makhluk hidup tidak pernah gagal.</indonesian>
	</sentences>	<sentences sloka="17">
		<sanskrit></sanskrit>
		<indonesian>Di samping dua golongan tersebut, ada Kepribadian Yang Paling Utama yang hidup, yaitu Roh Yang Paling Utama, Tuhan Yang Maha Esa Sendiri yang tidak dapat dimusnahkan, yang sudah memasuki tiga dunia dan sedang memeliharanya.</indonesian>
	</sentences>	<sentences sloka="18">
		<sanskrit></sanskrit>
		<indonesian>Oleh karena Aku bersifat rohani, di luar yang dapat gagal dan yang tidak pernah gagal, dan oleh karena Aku adalah Yang Mahabesar, Aku dimuliakan, baik di dunia maupun dalam Veda, sebagai Kepribadian Yang Paling Utama itu.</indonesian>
	</sentences>	<sentences sloka="19">
		<sanskrit></sanskrit>
		<indonesian>Siapa pun yang mengenal Aku sebagai Kepribadian Tuhan Yang Maha Esa tanpa ragu-ragu, mengetahui segala sesuatu. Karena itu, ia sepenuhnya menekuni pengabdian suci bhakti kepada-Ku, wahai putera Bhārata.</indonesian>
	</sentences>	<sentences sloka="20">
		<sanskrit></sanskrit>
		<indonesian>Inilah bagian yang paling rahasia dari Kitab-kitab Veda, wahai yang tidak berdosa, dan sekarang bagian itu -Kuungkapkan. Siapapun yang mengerti ini akan menjadi bijaksana, dan usaha-usahanya akan mencapai kesempurnaan.</indonesian>
	</sentences></root>