<?xml version="1.0" encoding="UTF-8"?>
<root>	<sentences sloka="2">
		<sanskrit></sanskrit>
		<indonesian>Kepribadian Tuhan Yang Maha Esa bersabda: Orang yang memusatkan pikirannya pada bentuk pribadi-Ku dan selalu tekun menyembah-Ku dengan keyakinan besar yang rohani dan melampaui hal-hal duniawi Aku anggap paling sempurna.</indonesian>
	</sentences>	<sentences sloka="3-4">
		<sanskrit></sanskrit>
		<indonesian>Tetapi orang yang sepenuhnya menyembah yang tidak terwujud, di luar jangkauan indera-indera, yang berada di mana-mana, tidak dapat dipahami, tidak pernah berubah, mantap dan tidak dapat dipindahkan—paham tentang Kebenaran Mutlak yang tidak mengakui bentuk pribadi Tuhan—dengan mengendalikan indera-indera, bersikap yang sama terhadap semua orang, dan sibuk demi kesejahteraan semua orang, akhirnya mencapai kepada-Ku.</indonesian>
	</sentences>	<sentences sloka="5">
		<sanskrit></sanskrit>
		<indonesian>Orang yang pikirannya terikat pada aspek Yang Mahakuasa yang tidak berwujud dan tidak bersifat pribadi sulit sekali maju. Kemajuan dalam disiplin itu selalu sulit sekali bagi orang yang mempunyai badan.</indonesian>
	</sentences>	<sentences sloka="6-7">
		<sanskrit></sanskrit>
		<indonesian>Tetapi orang yang menyembah-Ku, menyerahkan segala kegiatannya kepada-Ku, setia kepada-Ku tanpa menyimpang, tekun dalam pengabdian suci bhakti, selalu bersemadi kepada-Ku, dan sudah memusatkan pikirannya kepada-Ku—cepat -Kuselamatkan dari lautan kelahiran dan kematian, wahai putera Pṛthā.</indonesian>
	</sentences>	<sentences sloka="8">
		<sanskrit></sanskrit>
		<indonesian>Pusatkanlah pikiranmu kepada-Ku, Kepribadian Tuhan Yang Maha Esa, dan gunakanlah segala kecerdasanmu dalam Diri-Ku. Dengan cara demikian, engkau akan selalu hidup di dalam Diri-Ku, tanpa keragu-raguan.</indonesian>
	</sentences>	<sentences sloka="9">
		<sanskrit></sanskrit>
		<indonesian>Arjuna yang baik hati, perebut kekayaan, kalau engkau tidak dapat memusatkan pikiranmu kepada-Ku tanpa menyimpang, ikutilah prinsip-prinsip yang mengatur bhakti-yoga. Dengan cara demikian, kembangkanlah keinginan untuk mencapai kepada-Ku.</indonesian>
	</sentences>	<sentences sloka="10">
		<sanskrit></sanskrit>
		<indonesian>Kalau engkau tidak sanggup mengikuti latihan aturan bhakti-yoga, cobalah bekerja untuk-Ku, sebab dengan bekerja untuk-Ku, engkau akan mencapai tingkat yang sempurna.</indonesian>
	</sentences>	<sentences sloka="11">
		<sanskrit></sanskrit>
		<indonesian>Akan tetapi, kalau engkau tidak sanggup bekerja sambil sadar kepada-Ku seperti ini, cobalah bertindak dengan melepaskan segala hasil dari pekerjaanmu dan berusaha menjadi mantap dalam diri sendiri.</indonesian>
	</sentences>	<sentences sloka="12">
		<sanskrit></sanskrit>
		<indonesian>Kalau engkau tidak sanggup mengikuti latihan tersebut, tekunilah pengembangan pengetahuan. Akan tetapi, semadi lebih baik daripada pengetahuan, dan melepaskan ikatan terhadap hasil perbuatan lebih baik daripada semadi, sebab dengan melepaskan ikatan seperti itu seseorang dapat mencapai kedamaian jiwa.</indonesian>
	</sentences>	<sentences sloka="13-14">
		<sanskrit></sanskrit>
		<indonesian>Orang yang tidak iri tetapi menjadi kawan baik bagi semua makhluk hidup, tidak menganggap Diri-Nya pemilik, bebas dari keakuan palsu, bersikap sama baik dalam suka maupun duka, bersikap toleransi, selalu puas, mengendalikan diri, tekun dalam bhakti dengan ketabahan hati, dengan pikiran dan kecerdasannya dipusatkan kepada-Ku—penyembah-Ku yang seperti itu sangat Kucintai.</indonesian>
	</sentences>	<sentences sloka="15">
		<sanskrit></sanskrit>
		<indonesian>Aku sangat mencintai orang yang tidak menyebabkan siapapun dipersulit, tidak digoyahkan oleh siapapun dan bersikap yang sama, baik dalam suka, duka, rasa takut maupun kecemasan.</indonesian>
	</sentences>	<sentences sloka="16">
		<sanskrit></sanskrit>
		<indonesian></indonesian>
	</sentences>	<sentences sloka="17">
		<sanskrit></sanskrit>
		<indonesian>Orang yang tidak bersenang hati atau bersedih hati, tidak menyesalkan atau menginginkan, dan melepaskan ikatan terhadap hal-hal yang menguntungkan dan tidak menguntungkan—seorang penyembah seperti itu sangat Kucintai.</indonesian>
	</sentences>	<sentences sloka="18-19">
		<sanskrit></sanskrit>
		<indonesian>Orang yang bersikap sama terhadap kawan dan musuh, seimbang dalam penghormatan dan penghinaan, panas dan dingin, suka dan duka, kemashyuran dan fitnah, selalu bebas dari pergaulan yang mencemarkan, selalu diam dan puas dengan segala sesuatu, yang tidak mempedulikan tempat tinggal apapun, mantap dalam pengetahuan dan tekun dalam bhakti—orang seperti itu sangat -Kucintai.</indonesian>
	</sentences>	<sentences sloka="20">
		<sanskrit></sanskrit>
		<indonesian>Aku sangat mencintai orang yang mengikuti jalan bhakti yang kekal ini, tekun sepenuhnya dengan keyakinan, dan menjadikan Aku sebagai tujuan tertinggi.</indonesian>
	</sentences></root>