<?xml version="1.0" encoding="UTF-8"?>
<root>	<sentences sloka="2">
		<sanskrit></sanskrit>
		<indonesian>Pengetahuan ini adalah rājā  pendidikan, yang paling rahasia di antara segala rahasia. Inilah pengetahuan yang paling murni, pengetahuan ini adalah kesempurnaan dharma, karena memungkinkan seseorang melihat sang diri secara langsung melalui keinsafan. Pengetahuan ini kekal dan dilaksanakan dengan riang.</indonesian>
	</sentences>	<sentences sloka="3">
		<sanskrit></sanskrit>
		<indonesian>Orang yang tidak yakin dan tidak setia melaksanakan bhakti ini, tidak dapat mencapai kepada-Ku wahai penakluk musuh. Karena itu, mereka kembali ke jalan kelahiran dan kematian di dunia material.</indonesian>
	</sentences>	<sentences sloka="4">
		<sanskrit></sanskrit>
		<indonesian>Aku berada di mana-mana di seluruh alam semesta dalam bentuk -Ku yang tidak terwujud. Semua makhluk hidup berada dalam diri-Ku, tetapi Aku tidak berada di dalam mereka.</indonesian>
	</sentences>	<sentences sloka="5">
		<sanskrit></sanskrit>
		<indonesian>Namun segala sesuatu yang diciptakan tidak bersandar di dalam Diri-Ku. Lihatlah kehebatan batin-Ku! walaupun aku memelihara semua makhluk hidup dan walaupun Aku berada di mana-mana, namun Aku bukan bagian dari manifestasi alam semesta ini, sebab Diri-Ku adalah asal mula ciptaan.</indonesian>
	</sentences>	<sentences sloka="6">
		<sanskrit></sanskrit>
		<indonesian>Mengertilah bahwa semua makhluk hidup yang diciptakan bersandar dalam Diri-Ku bagaikan angin besar yang bertiup di mana-mana selalu berada di angkasa.</indonesian>
	</sentences>	<sentences sloka="7">
		<sanskrit></sanskrit>
		<indonesian>Wahai putera Kuntī, pada akhir jaman, semua manifestasi material masuk ke dalam tenaga-Ku, dan pada awal jaman lain, Aku menciptakannya sekali lagi dengan kekuatan-Ku.</indonesian>
	</sentences>	<sentences sloka="8">
		<sanskrit></sanskrit>
		<indonesian>Seluruh susunan alam semesta di bawah-Ku. Atas kehendak-Ku alam semesta dengan sendirinya diwujudkan berulang kali. Atas kehendak-Ku akhirnya alam semesta dileburkan.</indonesian>
	</sentences>	<sentences sloka="9">
		<sanskrit></sanskrit>
		<indonesian>Wahai dhanañjaya, segala pekerjaan ini tidak dapat mengikat Diri-Ku. Aku tetap tidak pernah terikat terhadap segala kegiatan material itu, dan Aku tetap netral.</indonesian>
	</sentences>	<sentences sloka="10">
		<sanskrit></sanskrit>
		<indonesian>Alam material ini, salah satu di antara tenaga-tenaga-Ku, bekerja dibawah perintah-Ku, dan menghasilkan semua makhluk baik yang bergerak maupun yang tidak bergerak, wahai putera Kuntī. Di bawah hukum-hukum alam material, manifestasi ini diciptakan dan dilebur berulangkali.</indonesian>
	</sentences>	<sentences sloka="11">
		<sanskrit></sanskrit>
		<indonesian>Orang bodoh mengejek diri-Ku bila Aku turun dalam bentuk seperti manusia. Mereka tidak mengenal sifat rohani-Ku sebagai Tuhan Yang Maha Esa yang berkuasa atas segala sesuatu yang ada.</indonesian>
	</sentences>	<sentences sloka="12">
		<sanskrit></sanskrit>
		<indonesian>Orang yang dibingungkan seperti itu tertarik pada pandangan jahat dan pandangan yang tidak percaya kepada Tuhan. Dalam khayalan seperti itu, harapan mereka adalah untuk mencapai pembebasan, kegiatannya yang dimaksudkan untuk membuahkan hasil atau pahala, serta pengembangan pengetahuannya semua dikalahkan.</indonesian>
	</sentences>	<sentences sloka="13">
		<sanskrit></sanskrit>
		<indonesian>Wahai putera Pṛthā, orang yang tidak dikhayalkan, roh-roh yang mulia, di bawah di perlindungan alam rohani. Mereka tekun sepenuhnya dalam bhakti karena mereka mengenal Diri-Ku sebagai Kepribadian Tuhan Yang Maha Esa, asal mula yang tidak dapat dimusnahkan.</indonesian>
	</sentences>	<sentences sloka="14">
		<sanskrit></sanskrit>
		<indonesian>Roh-roh yang mulia ini selalu memuji kebesaran-Ku, berusaha dengan ketabahan hati yang mantap, bersujud di hadapan-Ku, dan senantiasa sembahyang kepada-Ku dengan bhakti.</indonesian>
	</sentences>	<sentences sloka="15">
		<sanskrit></sanskrit>
		<indonesian>Orang lain, yang menekuni korban suci dengan mengembangkan pengetahuan, menyembah Tuhan Yang Maha Esa sebagai yang satu yang tiada duanya, sebagai yang mempunyai aneka sifat dalam banyak bentuk, dan dalam bentuk semesta.</indonesian>
	</sentences>	<sentences sloka="16">
		<sanskrit></sanskrit>
		<indonesian>Tetapi Akulah ritual, Akulah korban suci, persembahan kepada leluhur, ramuan yang menyembuhkan, dan mantera rohani. Aku adalah mentega, api dan apa yang dipersembahkan.</indonesian>
	</sentences>	<sentences sloka="17">
		<sanskrit></sanskrit>
		<indonesian>Akulah ayah alam semesta ini, ibu, penyangga dan kakek. Akulah obyek pengetahuan, yang menyucikan dan suku kata om. Aku juga rg, Sama dan Yajur Veda.</indonesian>
	</sentences>	<sentences sloka="18">
		<sanskrit></sanskrit>
		<indonesian>Aku adalah tujuan, Pemelihara, Penguasa, saksi, tempat tinggal, Pelindung dan kawan yang paling tercinta. Aku adalah ciptaan dan peleburan, dasar segala sesuatu, sandaran dan benih yang kekal.</indonesian>
	</sentences>	<sentences sloka="19">
		<sanskrit></sanskrit>
		<indonesian>Wahai Arjuna, Aku memberi panas dan Aku menahan dan mengirim hujan. Aku adalah pembebasan dari kematian, dan Aku juga kepribadian maut. Baik yang bersifat rohani maupun material berada di dalam Diri-Ku.</indonesian>
	</sentences>	<sentences sloka="20">
		<sanskrit></sanskrit>
		<indonesian>Orang yang mempelajari Veda dan minum air soma dalam usaha mencapai planet-planet surga, menyembah-Ku secara tidak langsung. Setelah mereka disucikan dari reaksi-reaksi dosa, mereka dilahirkan diplanet Indra yang saleh di surga. Di sana mereka menikmati kesenangan para dewa.</indonesian>
	</sentences>	<sentences sloka="21">
		<sanskrit></sanskrit>
		<indonesian>Bila mereka sudah menikmati kesenangan indera-indera yang luas disurga seperti itu dan hasil kegiatan salehnya sudah habis, mereka kembali lagi ke planet ini, tempat kematian. Jadi, orang yang mencari kenikmatan indera-indera dengan mengikuti prinsip-prinsip dari tiga Veda hanya mencapai kelahiran dan kematian berulang kali.</indonesian>
	</sentences>	<sentences sloka="22">
		<sanskrit></sanskrit>
		<indonesian>Tetapi orang yang selalu menyembah-Ku dengan bhakti tanpa tujuan yang lain dan bersemadi pada bentuk rohani-Ku—Aku bawakan apa yang dibutuhkannya, dan Aku memelihara apa yang dimilikinya.</indonesian>
	</sentences>	<sentences sloka="23">
		<sanskrit></sanskrit>
		<indonesian>Orang yang menjadi penyembah dewa-dewa lain dan menyembah dewa-dewa itu dengan kepercayaan sebenarnya hanya menyembah-Ku, tetapi mereka berbuat demikian dengan cara yang keliru, wahai putera Kuntī .</indonesian>
	</sentences>	<sentences sloka="24">
		<sanskrit></sanskrit>
		<indonesian>Satu-satunya Aku yang menikmati dan menguasai semua korban suci. Karena itu, orang yang tidak mengakui sifat rohani-Ku yang sejati jatuh.</indonesian>
	</sentences>	<sentences sloka="25">
		<sanskrit></sanskrit>
		<indonesian>Orang yang menyembah dewa-dewa akan dilahirkan di antara para dewa, orang yang menyembah leluhur akan pergi ke leluhur, orang yang menyembah hantu dan roh halus akan dilahirkan di tengah tengah makhluk-makhluk seperti itu, dan orang yang menyembah-Ku akan hidup bersama-Ku.</indonesian>
	</sentences>	<sentences sloka="26">
		<sanskrit></sanskrit>
		<indonesian>Kalau seseorang mempersembahkan daun, bunga, buah atau air dengan cinta bhakti, Aku akan menerimanya.</indonesian>
	</sentences>	<sentences sloka="27">
		<sanskrit></sanskrit>
		<indonesian>Apapun yang engkau lakukan, apapun yang engkau makan, apapun yang engkau persembahkan atau berikan sebagai sumbangan serta pertapaan dan apapun yang engkau lakukan-lakukanlah kegiatan itu sebagai persembahan kepada-Ku, wahai putera Kuntī .</indonesian>
	</sentences>	<sentences sloka="28">
		<sanskrit></sanskrit>
		<indonesian>Dengan cara seperti ini engkau akan dibebaskan dari ikatan terhadap pekerjaan serta hasil yang menguntungkan dan tidak menguntungkan dari pekerjaan itu. Dengan pikiran dipusatkan kepada-Ku dalam prinsip pelepasan ikatan ini, engkau akan mencapai pembebasan dan datang kepada-Ku.</indonesian>
	</sentences>	<sentences sloka="29">
		<sanskrit></sanskrit>
		<indonesian>Aku tidak iri kepada siapapun, dan Aku tidak berat sebelah kepada siapapun. Aku bersikap yang sama terhadap semuanya. Tetapi siapapun yang mengabdikan diri kepada-Ku dalam bhakti adalah kawan, dia berada di dalam Diri-Ku, dan Aku pun kawan baginya.</indonesian>
	</sentences>	<sentences sloka="30">
		<sanskrit></sanskrit>
		<indonesian>Meskipun seseorang melakukan perbuatan yang paling jijik, kalau ia tekun dalam bhakti, ia harus diakui sebagai orang suci karena ia mantap dalam ketabahan hatinya dengan cara yang benar.</indonesian>
	</sentences>	<sentences sloka="31">
		<sanskrit></sanskrit>
		<indonesian>Dalam waktu yang singkat ia menjadi saleh dan mencapai kedamaian yang abadi. Wahai putera Kuntī, nyatakanlah dengan berani bahwa penyembah-Ku tidak akan pernah binasa.</indonesian>
	</sentences>	<sentences sloka="33">
		<sanskrit></sanskrit>
		<indonesian>Betapa lebih benar lagi kenyataan ini bagi para brahmaṇā yang saleh, para penyembah dan raja-raja yang suci. Karena itu, sesudah datang ke dunia fana yang sengsara ini, tekunilah cinta-bhakti kepada-Ku.</indonesian>
	</sentences>	<sentences sloka="34">
		<sanskrit></sanskrit>
		<indonesian>Berpikirlah tentangku senantiasa, jadilah penyembah-Ku, bersujud kepada-Ku dan menyembah-Ku. Dengan berpikir tentang-Ku sepenuhnya secara khusuk, pasti engkau akan datang kepada-Ku.</indonesian>
	</sentences></root>