<?xml version="1.0" encoding="UTF-8"?>
<root>	<word>
		<sanskrit>Arjunaḥ uvāca—</sanskrit>
		<indonesian/>
	</word>	<word>
		<sanskrit>sannyāsasya</sanskrit>
		<indonesian>—mengenai pelepasan
ikatan; </indonesian>
	</word>	<word>
		<sanskrit>mahā-bāho—</sanskrit>
		<indonesian>o Yang berlengan perkasa; </indonesian>
	</word>	<word>
		<sanskrit>tattvām</sanskrit>
		<indonesian>—kebenaran; </indonesian>
	</word>	<word>
		<sanskrit>icchāmi</sanskrit>
		<indonesian>—hamba
ingin; </indonesian>
	</word>	<word>
		<sanskrit>veditum</sanskrit>
		<indonesian>—mengerti; </indonesian>
	</word>	<word>
		<sanskrit>tyāgasya</sanskrit>
		<indonesian>—tentang pelepasan ikatan; </indonesian>
	</word>	<word>
		<sanskrit>ca—</sanskrit>
		<indonesian>juga;
</indonesian>
	</word>	<word>
		<sanskrit>hṛṣīkeśa</sanskrit>
		<indonesian>—wahai Penguasa indera; </indonesian>
	</word>	<word>
		<sanskrit>pṛthak</sanskrit>
		<indonesian>—secara berbeda; </indonesian>
	</word>	<word>
		<sanskrit>keśī-niṣūdana—</sanskrit>
		<indonesian>wahai
Pembunuh raksasa bernama </indonesian>
	</word>	<word>
		<sanskrit>Keśī</sanskrit>
		<indonesian>.</indonesian>
	</word>	<word>
		<sanskrit>Śrī-bhagavān</sanskrit>
		<indonesian> </indonesian>
	</word>	<word>
		<sanskrit>uvāca—</sanskrit>
		<indonesian>Kepribadian Tuhan Yang Maha Esa bersabda; </indonesian>
	</word>	<word>
		<sanskrit>kāmyānām</sanskrit>
		<indonesian>—keinginan;
</indonesian>
	</word>	<word>
		<sanskrit>karmaṇām</sanskrit>
		<indonesian>—terhadap kegiatan; </indonesian>
	</word>	<word>
		<sanskrit>nyāsam</sanskrit>
		<indonesian>—pelepasan ikatan; </indonesian>
	</word>	<word>
		<sanskrit>sannyāsam</sanskrit>
		<indonesian>—tingkatan
hidup untuk pelepasan ikatan; </indonesian>
	</word>	<word>
		<sanskrit>kavayaḥ—</sanskrit>
		<indonesian>orang bijaksana; </indonesian>
	</word>	<word>
		<sanskrit>viduḥ—</sanskrit>
		<indonesian>mengetahui;
</indonesian>
	</word>	<word>
		<sanskrit>sarva—</sanskrit>
		<indonesian>dari semua; </indonesian>
	</word>	<word>
		<sanskrit>karma—</sanskrit>
		<indonesian>kegiatan; </indonesian>
	</word>	<word>
		<sanskrit>phala</sanskrit>
		<indonesian>—terhadap
hasil-hasil; </indonesian>
	</word>	<word>
		<sanskrit>tyāgam</sanskrit>
		<indonesian>—pelepasan ikatan; </indonesian>
	</word>	<word>
		<sanskrit>prāhuḥ—</sanskrit>
		<indonesian>menyebutkan; </indonesian>
	</word>	<word>
		<sanskrit>tyāgam</sanskrit>
		<indonesian>—pelepasan
ikatan; </indonesian>
	</word>	<word>
		<sanskrit>vicakṣaṇāḥ—</sanskrit>
		<indonesian>orang berpengalaman.</indonesian>
	</word>	<word>
		<sanskrit>tyājyam—</sanskrit>
		<indonesian>harus ditinggalkan; </indonesian>
	</word>	<word>
		<sanskrit>doṣa-vat</sanskrit>
		<indonesian>—sebagai hal yang jahat; </indonesian>
	</word>	<word>
		<sanskrit>iti—</sanskrit>
		<indonesian>demikian;
</indonesian>
	</word>	<word>
		<sanskrit>eke</sanskrit>
		<indonesian>—satu golongan; </indonesian>
	</word>	<word>
		<sanskrit>karma—</sanskrit>
		<indonesian>pekerjaan; </indonesian>
	</word>	<word>
		<sanskrit>prāhuḥ—</sanskrit>
		<indonesian>mereka
berkata; </indonesian>
	</word>	<word>
		<sanskrit>manīṣiṇaḥ—</sanskrit>
		<indonesian>para ahli pikir; </indonesian>
	</word>	<word>
		<sanskrit>yajñā—</sanskrit>
		<indonesian>korban suci; </indonesian>
	</word>	<word>
		<sanskrit>dana—</sanskrit>
		<indonesian>kedermawanan;
</indonesian>
	</word>	<word>
		<sanskrit>tapaḥ—</sanskrit>
		<indonesian>dan pertapaan; </indonesian>
	</word>	<word>
		<sanskrit>karma—</sanskrit>
		<indonesian>pekerjaan; </indonesian>
	</word>	<word>
		<sanskrit>na—</sanskrit>
		<indonesian>tidak pernah; </indonesian>
	</word>	<word>
		<sanskrit>tyājyam</sanskrit>
		<indonesian>harus
ditinggalkan; </indonesian>
	</word>	<word>
		<sanskrit>iti—</sanskrit>
		<indonesian>demikian; </indonesian>
	</word>	<word>
		<sanskrit>ca—</sanskrit>
		<indonesian>dan; </indonesian>
	</word>	<word>
		<sanskrit>apare—</sanskrit>
		<indonesian>orang lain.</indonesian>
	</word>	<word>
		<sanskrit>niścayam—</sanskrit>
		<indonesian>kepastian; </indonesian>
	</word>	<word>
		<sanskrit>śṛṇu—</sanskrit>
		<indonesian>dengarlah; </indonesian>
	</word>	<word>
		<sanskrit>me—</sanskrit>
		<indonesian>dari-Ku; </indonesian>
	</word>	<word>
		<sanskrit>tatra—</sanskrit>
		<indonesian>dalam
itu; </indonesian>
	</word>	<word>
		<sanskrit>tyāge</sanskrit>
		<indonesian>—dalam hal pelepasan ikatan; </indonesian>
	</word>	<word>
		<sanskrit>bhārata-sat-tama</sanskrit>
		<indonesian>—wahai
yang paling baik di antara para </indonesian>
	</word>	<word>
		<sanskrit>Bhārata </sanskrit>
		<indonesian>; </indonesian>
	</word>	<word>
		<sanskrit>tyāgaḥ</sanskrit>
		<indonesian>—pelepasan
ikatan; </indonesian>
	</word>	<word>
		<sanskrit>hi—</sanskrit>
		<indonesian>dengan pasti; </indonesian>
	</word>	<word>
		<sanskrit>puruṣa-vyāghra</sanskrit>
		<indonesian>—wahai manusia yang
sekuat harimau; </indonesian>
	</word>	<word>
		<sanskrit>tri-vidhaḥ</sanskrit>
		<indonesian>—terdiri dari tiga jenis; </indonesian>
	</word>	<word>
		<sanskrit>samprakīrtitaḥ</sanskrit>
		<indonesian>—dinyatakan.</indonesian>
	</word>	<word>
		<sanskrit>yajñā—</sanskrit>
		<indonesian>korban suci; </indonesian>
	</word>	<word>
		<sanskrit>dana—</sanskrit>
		<indonesian>kedermawanan; </indonesian>
	</word>	<word>
		<sanskrit>tapaḥ—</sanskrit>
		<indonesian>dan
pertapaan; </indonesian>
	</word>	<word>
		<sanskrit>karma—</sanskrit>
		<indonesian>kegiatan; </indonesian>
	</word>	<word>
		<sanskrit>na—</sanskrit>
		<indonesian>tidak pernah; </indonesian>
	</word>	<word>
		<sanskrit>tyājyam—</sanskrit>
		<indonesian>harus
ditinggalkan; </indonesian>
	</word>	<word>
		<sanskrit>kāryam</sanskrit>
		<indonesian>—harus dilakukan; </indonesian>
	</word>	<word>
		<sanskrit>evā—</sanskrit>
		<indonesian>pasti; </indonesian>
	</word>	<word>
		<sanskrit>tat—</sanskrit>
		<indonesian>itu; </indonesian>
	</word>	<word>
		<sanskrit>yajñaḥ—</sanskrit>
		<indonesian>korban
suci; </indonesian>
	</word>	<word>
		<sanskrit>dānam—</sanskrit>
		<indonesian>kedermawanan; </indonesian>
	</word>	<word>
		<sanskrit>tapaḥ—</sanskrit>
		<indonesian>pertapaan; </indonesian>
	</word>	<word>
		<sanskrit>ca—</sanskrit>
		<indonesian>juga; </indonesian>
	</word>	<word>
		<sanskrit>evā—</sanskrit>
		<indonesian>pasti;
</indonesian>
	</word>	<word>
		<sanskrit>pāvanāni</sanskrit>
		<indonesian>—menyucikan; </indonesian>
	</word>	<word>
		<sanskrit>manīṣiṇām</sanskrit>
		<indonesian>—bagi roh-roh yang mulia
sekalipun.</indonesian>
	</word>	<word>
		<sanskrit>etāni—</sanskrit>
		<indonesian>dari semua ini; </indonesian>
	</word>	<word>
		<sanskrit>api—</sanskrit>
		<indonesian>pasti; </indonesian>
	</word>	<word>
		<sanskrit>tu—</sanskrit>
		<indonesian>tetapi; </indonesian>
	</word>	<word>
		<sanskrit>karmaṇi</sanskrit>
		<indonesian>—kegiatan;
</indonesian>
	</word>	<word>
		<sanskrit>sańgam</sanskrit>
		<indonesian>—pergaulan; </indonesian>
	</word>	<word>
		<sanskrit>tyaktvā</sanskrit>
		<indonesian>—melepaskan ikatan; </indonesian>
	</word>	<word>
		<sanskrit>phalāni</sanskrit>
		<indonesian>—hasil;
</indonesian>
	</word>	<word>
		<sanskrit>ca—</sanskrit>
		<indonesian>juga; </indonesian>
	</word>	<word>
		<sanskrit>kartavyāni</sanskrit>
		<indonesian>—harus dilakukan sebagai kewajiban; </indonesian>
	</word>	<word>
		<sanskrit>iti—</sanskrit>
		<indonesian>demikian;
</indonesian>
	</word>	<word>
		<sanskrit>me—</sanskrit>
		<indonesian>milik-Ku; </indonesian>
	</word>	<word>
		<sanskrit>pārtha—</sanskrit>
		<indonesian>wahai putera </indonesian>
	</word>	<word>
		<sanskrit>Pṛthā</sanskrit>
		<indonesian>; </indonesian>
	</word>	<word>
		<sanskrit>niścitam—</sanskrit>
		<indonesian>pasti;
</indonesian>
	</word>	<word>
		<sanskrit>matam—</sanskrit>
		<indonesian>pendapat; </indonesian>
	</word>	<word>
		<sanskrit>uttamam</sanskrit>
		<indonesian>—terbaik.</indonesian>
	</word>	<word>
		<sanskrit>niyatasya—</sanskrit>
		<indonesian>dianjurkan; </indonesian>
	</word>	<word>
		<sanskrit>tu—</sanskrit>
		<indonesian>tetapi; </indonesian>
	</word>	<word>
		<sanskrit>sannyāsaḥ</sanskrit>
		<indonesian>—pelepasan
ikatan; </indonesian>
	</word>	<word>
		<sanskrit>karmaṇaḥ</sanskrit>
		<indonesian>—dari kegiatan; </indonesian>
	</word>	<word>
		<sanskrit>na—</sanskrit>
		<indonesian>tidak pernah; </indonesian>
	</word>	<word>
		<sanskrit>upapadyate</sanskrit>
		<indonesian>—patut;
</indonesian>
	</word>	<word>
		<sanskrit>mohāt</sanskrit>
		<indonesian>—oleh khayalan; </indonesian>
	</word>	<word>
		<sanskrit>tasya—</sanskrit>
		<indonesian>terhadap kegiatan itu; </indonesian>
	</word>	<word>
		<sanskrit>parityāgaḥ</sanskrit>
		<indonesian>—pelepasan
ikatan; </indonesian>
	</word>	<word>
		<sanskrit>tamasāḥ—</sanskrit>
		<indonesian>dalam sifat kebodohan; </indonesian>
	</word>	<word>
		<sanskrit>parikīrtitaḥ</sanskrit>
		<indonesian>—dinyatakan.</indonesian>
	</word>	<word>
		<sanskrit>duḥkham</sanskrit>
		<indonesian>—tidak bahagia; </indonesian>
	</word>	<word>
		<sanskrit>iti—</sanskrit>
		<indonesian>demikian; </indonesian>
	</word>	<word>
		<sanskrit>evā—</sanskrit>
		<indonesian>pasti; </indonesian>
	</word>	<word>
		<sanskrit>yat—</sanskrit>
		<indonesian>yang;
</indonesian>
	</word>	<word>
		<sanskrit>karma—</sanskrit>
		<indonesian>pekerjaan; </indonesian>
	</word>	<word>
		<sanskrit>kāya—</sanskrit>
		<indonesian>untuk badan; </indonesian>
	</word>	<word>
		<sanskrit>kleśa</sanskrit>
		<indonesian>—kesulitan; </indonesian>
	</word>	<word>
		<sanskrit>bhayāt</sanskrit>
		<indonesian>—karena
takut; </indonesian>
	</word>	<word>
		<sanskrit>tyajet</sanskrit>
		<indonesian>—meninggalkan; </indonesian>
	</word>	<word>
		<sanskrit>saḥ—</sanskrit>
		<indonesian>dia; </indonesian>
	</word>	<word>
		<sanskrit>kṛtvā</sanskrit>
		<indonesian>—sesudah
melakukan; </indonesian>
	</word>	<word>
		<sanskrit>rājasam</sanskrit>
		<indonesian>—dalam sifat nafsu; </indonesian>
	</word>	<word>
		<sanskrit>tyāgam</sanskrit>
		<indonesian>—pelepasan ikatan; </indonesian>
	</word>	<word>
		<sanskrit>na—</sanskrit>
		<indonesian>tidak;
</indonesian>
	</word>	<word>
		<sanskrit>evā—</sanskrit>
		<indonesian>pasti; </indonesian>
	</word>	<word>
		<sanskrit>tyāga</sanskrit>
		<indonesian>—dari pelepasan ikatan; </indonesian>
	</word>	<word>
		<sanskrit>phalam</sanskrit>
		<indonesian>—hasil; </indonesian>
	</word>	<word>
		<sanskrit>labhet</sanskrit>
		<indonesian>—memperoleh.</indonesian>
	</word>	<word>
		<sanskrit>kāryam</sanskrit>
		<indonesian>—harus dilakukan; </indonesian>
	</word>	<word>
		<sanskrit>iti—</sanskrit>
		<indonesian>demikian; </indonesian>
	</word>	<word>
		<sanskrit>evā—</sanskrit>
		<indonesian>memang; </indonesian>
	</word>	<word>
		<sanskrit>yat—</sanskrit>
		<indonesian>yang;
</indonesian>
	</word>	<word>
		<sanskrit>karma—</sanskrit>
		<indonesian>pekerjaan; </indonesian>
	</word>	<word>
		<sanskrit>niyatam—</sanskrit>
		<indonesian>ditetapkan; </indonesian>
	</word>	<word>
		<sanskrit>kriyate</sanskrit>
		<indonesian>—yang
dilakukan; </indonesian>
	</word>	<word>
		<sanskrit>Arjuna—</sanskrit>
		<indonesian>wahai </indonesian>
	</word>	<word>
		<sanskrit>Arjuna</sanskrit>
		<indonesian>; </indonesian>
	</word>	<word>
		<sanskrit>sańgam</sanskrit>
		<indonesian>—pergaulan; </indonesian>
	</word>	<word>
		<sanskrit>tyaktvā</sanskrit>
		<indonesian>—meninggalkan;
</indonesian>
	</word>	<word>
		<sanskrit>phalam</sanskrit>
		<indonesian>—hasil; </indonesian>
	</word>	<word>
		<sanskrit>ca—</sanskrit>
		<indonesian>juga; </indonesian>
	</word>	<word>
		<sanskrit>evā—</sanskrit>
		<indonesian>pasti; </indonesian>
	</word>	<word>
		<sanskrit>saḥ—</sanskrit>
		<indonesian>itu; </indonesian>
	</word>	<word>
		<sanskrit>tyāgaḥ</sanskrit>
		<indonesian>—pelepasan
ikatan; </indonesian>
	</word>	<word>
		<sanskrit>sāttvikaḥ—</sanskrit>
		<indonesian>dalam sifat kebaikan; </indonesian>
	</word>	<word>
		<sanskrit>mataḥ—</sanskrit>
		<indonesian>menurut
pendapat-Ku.</indonesian>
	</word>	<word>
		<sanskrit>na—</sanskrit>
		<indonesian>tidak pernah; </indonesian>
	</word>	<word>
		<sanskrit>dveṣṭi</sanskrit>
		<indonesian>—benci; </indonesian>
	</word>	<word>
		<sanskrit>akuśalam</sanskrit>
		<indonesian>—tidak
menguntungkan; </indonesian>
	</word>	<word>
		<sanskrit>karma—</sanskrit>
		<indonesian>pekerjaan; </indonesian>
	</word>	<word>
		<sanskrit>kuśale</sanskrit>
		<indonesian>—yang dalam menguntungkan; </indonesian>
	</word>	<word>
		<sanskrit>na—</sanskrit>
		<indonesian>tidak
juga; </indonesian>
	</word>	<word>
		<sanskrit>anuṣajjate—</sanskrit>
		<indonesian>menjadi terikat; </indonesian>
	</word>	<word>
		<sanskrit>tyāgī</sanskrit>
		<indonesian>—orang yang melepaskan
ikatan; </indonesian>
	</word>	<word>
		<sanskrit>sattva—</sanskrit>
		<indonesian>dalam kebaikan; </indonesian>
	</word>	<word>
		<sanskrit>samāviṣṭaḥ</sanskrit>
		<indonesian>—khusuk; </indonesian>
	</word>	<word>
		<sanskrit>medhāvī</sanskrit>
		<indonesian>—yang
cerdas; </indonesian>
	</word>	<word>
		<sanskrit>chinna—</sanskrit>
		<indonesian>setelah memutuskan; </indonesian>
	</word>	<word>
		<sanskrit>saḿśayaḥ—</sanskrit>
		<indonesian>segala
keragu-raguan.</indonesian>
	</word>	<word>
		<sanskrit>na—</sanskrit>
		<indonesian>tidak pernah; </indonesian>
	</word>	<word>
		<sanskrit>hi—</sanskrit>
		<indonesian>pasti; </indonesian>
	</word>	<word>
		<sanskrit>deha-bhṛtā</sanskrit>
		<indonesian>—oleh dia yang
berada di dalam badan; </indonesian>
	</word>	<word>
		<sanskrit>śakyam</sanskrit>
		<indonesian>—dimungkinkan; </indonesian>
	</word>	<word>
		<sanskrit>tyaktum</sanskrit>
		<indonesian>—untuk
melepaskan ikatan terhadap; </indonesian>
	</word>	<word>
		<sanskrit>karmaṇi</sanskrit>
		<indonesian>—kegiatan; </indonesian>
	</word>	<word>
		<sanskrit>aśeṣataḥ</sanskrit>
		<indonesian>—secara
keseluruhan; </indonesian>
	</word>	<word>
		<sanskrit>yaḥ—</sanskrit>
		<indonesian>siapapun yang; </indonesian>
	</word>	<word>
		<sanskrit>tu—</sanskrit>
		<indonesian>tetapi; </indonesian>
	</word>	<word>
		<sanskrit>karma—</sanskrit>
		<indonesian>terhadap
pekerjaan; </indonesian>
	</word>	<word>
		<sanskrit>phala</sanskrit>
		<indonesian>—terhadap hasil; </indonesian>
	</word>	<word>
		<sanskrit>tyāgī</sanskrit>
		<indonesian>—orang yang melepaskan
ikatan; </indonesian>
	</word>	<word>
		<sanskrit>saḥ—</sanskrit>
		<indonesian>dia; </indonesian>
	</word>	<word>
		<sanskrit>tyāgī</sanskrit>
		<indonesian>—orang yang melepaskan ikatan; </indonesian>
	</word>	<word>
		<sanskrit>iti—</sanskrit>
		<indonesian>demikian;
</indonesian>
	</word>	<word>
		<sanskrit>abhidhīyate</sanskrit>
		<indonesian>—dikatakan.</indonesian>
	</word>	<word>
		<sanskrit>aniṣṭam—</sanskrit>
		<indonesian>menuju neraka; </indonesian>
	</word>	<word>
		<sanskrit>iṣṭam—</sanskrit>
		<indonesian>menuju surga; </indonesian>
	</word>	<word>
		<sanskrit>miśram</sanskrit>
		<indonesian>—campur;
</indonesian>
	</word>	<word>
		<sanskrit>ca—</sanskrit>
		<indonesian>dan; </indonesian>
	</word>	<word>
		<sanskrit>tri-vidham</sanskrit>
		<indonesian>—tiga jenis; </indonesian>
	</word>	<word>
		<sanskrit>karmaṇaḥ</sanskrit>
		<indonesian>—dari pekerjaan; </indonesian>
	</word>	<word>
		<sanskrit>phalam</sanskrit>
		<indonesian>—hasil;
</indonesian>
	</word>	<word>
		<sanskrit>bhavati</sanskrit>
		<indonesian>—menjadi; </indonesian>
	</word>	<word>
		<sanskrit>atyāginām</sanskrit>
		<indonesian>—bagi orang yang belum melepaskan
ikatan; </indonesian>
	</word>	<word>
		<sanskrit>pretya</sanskrit>
		<indonesian>—sesudah meninggal; </indonesian>
	</word>	<word>
		<sanskrit>na—</sanskrit>
		<indonesian>tidak; </indonesian>
	</word>	<word>
		<sanskrit>tu—</sanskrit>
		<indonesian>tetapi; </indonesian>
	</word>	<word>
		<sanskrit>sannyāsinām</sanskrit>
		<indonesian>—untuk
golongan hidup yang melepaskan ikatan; </indonesian>
	</word>	<word>
		<sanskrit>kvacit</sanskrit>
		<indonesian>—pada suatu waktu.</indonesian>
	</word>	<word>
		<sanskrit>pañca—</sanskrit>
		<indonesian>lima; </indonesian>
	</word>	<word>
		<sanskrit>etāni—</sanskrit>
		<indonesian>hal ini; </indonesian>
	</word>	<word>
		<sanskrit>mahā-bāho—</sanskrit>
		<indonesian>wahai yang
berlengan perkasa; </indonesian>
	</word>	<word>
		<sanskrit>kāraṇāni</sanskrit>
		<indonesian>—menyebabkan; </indonesian>
	</word>	<word>
		<sanskrit>nibodha</sanskrit>
		<indonesian>—mengertilah; </indonesian>
	</word>	<word>
		<sanskrit>me—</sanskrit>
		<indonesian>dari-Ku;
</indonesian>
	</word>	<word>
		<sanskrit>sańkhye</sanskrit>
		<indonesian>—dalam Vedanta; </indonesian>
	</word>	<word>
		<sanskrit>kṛta ante—</sanskrit>
		<indonesian>dalam kesimpulan; </indonesian>
	</word>	<word>
		<sanskrit>proktāni—</sanskrit>
		<indonesian>dikatakan;
</indonesian>
	</word>	<word>
		<sanskrit>siddhaye—</sanskrit>
		<indonesian>demi kesempurnaan; </indonesian>
	</word>	<word>
		<sanskrit>sarva—</sanskrit>
		<indonesian>semua; </indonesian>
	</word>	<word>
		<sanskrit>karmaṇām</sanskrit>
		<indonesian>—kegiatan.</indonesian>
	</word>	<word>
		<sanskrit>adhiṣṭhānam</sanskrit>
		<indonesian>—tempat; </indonesian>
	</word>	<word>
		<sanskrit>tathā—</sanskrit>
		<indonesian>juga; </indonesian>
	</word>	<word>
		<sanskrit>kartā—</sanskrit>
		<indonesian>orang yang
bekerja; </indonesian>
	</word>	<word>
		<sanskrit>kāraṇam</sanskrit>
		<indonesian>—alat-alat; </indonesian>
	</word>	<word>
		<sanskrit>ca—</sanskrit>
		<indonesian>dan; </indonesian>
	</word>	<word>
		<sanskrit>pṛthak-vidham</sanskrit>
		<indonesian>—berbagai
jenis; </indonesian>
	</word>	<word>
		<sanskrit>vividhāḥ</sanskrit>
		<indonesian>—aneka; </indonesian>
	</word>	<word>
		<sanskrit>ca—</sanskrit>
		<indonesian>dan; </indonesian>
	</word>	<word>
		<sanskrit>pṛthak</sanskrit>
		<indonesian>—terpisah; </indonesian>
	</word>	<word>
		<sanskrit>ceṣṭāḥ</sanskrit>
		<indonesian>—usaha-usaha;
</indonesian>
	</word>	<word>
		<sanskrit>daivam—</sanskrit>
		<indonesian>Yang Mahakuasa; </indonesian>
	</word>	<word>
		<sanskrit>ca—</sanskrit>
		<indonesian>juga; </indonesian>
	</word>	<word>
		<sanskrit>evā—</sanskrit>
		<indonesian>pasti; </indonesian>
	</word>	<word>
		<sanskrit>atra—</sanskrit>
		<indonesian>di
sini; </indonesian>
	</word>	<word>
		<sanskrit>pañcamam—</sanskrit>
		<indonesian>kelima.</indonesian>
	</word>	<word>
		<sanskrit>śarīra</sanskrit>
		<indonesian>—oleh badan; </indonesian>
	</word>	<word>
		<sanskrit>vāk—</sanskrit>
		<indonesian>pembicaraan; </indonesian>
	</word>	<word>
		<sanskrit>manobhiḥ</sanskrit>
		<indonesian>—dan
pikiran; </indonesian>
	</word>	<word>
		<sanskrit>yat—</sanskrit>
		<indonesian>yang; </indonesian>
	</word>	<word>
		<sanskrit>karma—</sanskrit>
		<indonesian>pekerjaan; </indonesian>
	</word>	<word>
		<sanskrit>manobhiḥ—</sanskrit>
		<indonesian>memulai; </indonesian>
	</word>	<word>
		<sanskrit>naraḥ—</sanskrit>
		<indonesian>seseorang;
</indonesian>
	</word>	<word>
		<sanskrit>nyāyyam</sanskrit>
		<indonesian>—benar; </indonesian>
	</word>	<word>
		<sanskrit>vā—</sanskrit>
		<indonesian>atau; </indonesian>
	</word>	<word>
		<sanskrit>viparītam—</sanskrit>
		<indonesian>lawannya; </indonesian>
	</word>	<word>
		<sanskrit>vā—</sanskrit>
		<indonesian>atau;
</indonesian>
	</word>	<word>
		<sanskrit>pañca—</sanskrit>
		<indonesian>lima; </indonesian>
	</word>	<word>
		<sanskrit>ete—</sanskrit>
		<indonesian>semua ini; </indonesian>
	</word>	<word>
		<sanskrit>tasya—</sanskrit>
		<indonesian>miliknya; </indonesian>
	</word>	<word>
		<sanskrit>hetavaḥ</sanskrit>
		<indonesian>—sebab.</indonesian>
	</word>	<word>
		<sanskrit>tatra—</sanskrit>
		<indonesian>di sana; </indonesian>
	</word>	<word>
		<sanskrit>evam—</sanskrit>
		<indonesian>dengan demikian; </indonesian>
	</word>	<word>
		<sanskrit>sati—</sanskrit>
		<indonesian>menjadi; </indonesian>
	</word>	<word>
		<sanskrit>kartāram</sanskrit>
		<indonesian>—orang
yang bekerja; </indonesian>
	</word>	<word>
		<sanskrit>ātmanām</sanskrit>
		<indonesian>—Diri-Nya; </indonesian>
	</word>	<word>
		<sanskrit>kevalam</sanskrit>
		<indonesian>—hanya; </indonesian>
	</word>	<word>
		<sanskrit>tu—</sanskrit>
		<indonesian>tetapi; </indonesian>
	</word>	<word>
		<sanskrit>yaḥ—</sanskrit>
		<indonesian>siapapun
yang; </indonesian>
	</word>	<word>
		<sanskrit>paśyāti—</sanskrit>
		<indonesian>melihat; </indonesian>
	</word>	<word>
		<sanskrit>akṛta buddhitvat—</sanskrit>
		<indonesian>karena kurang cerdas; </indonesian>
	</word>	<word>
		<sanskrit>na—</sanskrit>
		<indonesian>tidak
pernah; </indonesian>
	</word>	<word>
		<sanskrit>saḥ—</sanskrit>
		<indonesian>dia; </indonesian>
	</word>	<word>
		<sanskrit>paśyāti—</sanskrit>
		<indonesian>melihat; </indonesian>
	</word>	<word>
		<sanskrit>durmatiḥ—</sanskrit>
		<indonesian>bodoh.</indonesian>
	</word>	<word>
		<sanskrit>yasya—</sanskrit>
		<indonesian>orang yang; </indonesian>
	</word>	<word>
		<sanskrit>na—</sanskrit>
		<indonesian>tidak pernah; </indonesian>
	</word>	<word>
		<sanskrit>ahańkṛtaḥ</sanskrit>
		<indonesian>—keakuan
palsu; </indonesian>
	</word>	<word>
		<sanskrit>bhāvaḥ</sanskrit>
		<indonesian>—sifat; </indonesian>
	</word>	<word>
		<sanskrit>buddhiḥ</sanskrit>
		<indonesian>—kecerdasan; </indonesian>
	</word>	<word>
		<sanskrit>yasya—</sanskrit>
		<indonesian>orang
yang; </indonesian>
	</word>	<word>
		<sanskrit>na—</sanskrit>
		<indonesian>tidak pernah; </indonesian>
	</word>	<word>
		<sanskrit>lipyate—</sanskrit>
		<indonesian>terikat; </indonesian>
	</word>	<word>
		<sanskrit>hatvā—</sanskrit>
		<indonesian>membunuh; </indonesian>
	</word>	<word>
		<sanskrit>api—</sanskrit>
		<indonesian>walaupun;
</indonesian>
	</word>	<word>
		<sanskrit>saḥ—</sanskrit>
		<indonesian>dia; </indonesian>
	</word>	<word>
		<sanskrit>imān—</sanskrit>
		<indonesian>ini; </indonesian>
	</word>	<word>
		<sanskrit>lokān</sanskrit>
		<indonesian>—dunia; </indonesian>
	</word>	<word>
		<sanskrit>na—</sanskrit>
		<indonesian>tidak pernah; </indonesian>
	</word>	<word>
		<sanskrit>hanti—</sanskrit>
		<indonesian>membunuh;
</indonesian>
	</word>	<word>
		<sanskrit>na—</sanskrit>
		<indonesian>tidak pernah; </indonesian>
	</word>	<word>
		<sanskrit>nibadhyate</sanskrit>
		<indonesian>—menjadi terikat.</indonesian>
	</word>	<word>
		<sanskrit>jñānam</sanskrit>
		<indonesian>—pengetahuan; </indonesian>
	</word>	<word>
		<sanskrit>jñeyam</sanskrit>
		<indonesian>—obyek pengetahuan; </indonesian>
	</word>	<word>
		<sanskrit>parijñātā</sanskrit>
		<indonesian>—dia
yang mengetahui; </indonesian>
	</word>	<word>
		<sanskrit>tri-vidhā</sanskrit>
		<indonesian>—terdiri dari tiga jenis; </indonesian>
	</word>	<word>
		<sanskrit>karma—</sanskrit>
		<indonesian>dari
pekerjaan; </indonesian>
	</word>	<word>
		<sanskrit>codanā—</sanskrit>
		<indonesian>dorongan; </indonesian>
	</word>	<word>
		<sanskrit>kāraṇam</sanskrit>
		<indonesian>—indera; </indonesian>
	</word>	<word>
		<sanskrit>karma—</sanskrit>
		<indonesian>pekerjaan;
</indonesian>
	</word>	<word>
		<sanskrit>kartā—</sanskrit>
		<indonesian>pelaku-pelaku; </indonesian>
	</word>	<word>
		<sanskrit>iti—</sanskrit>
		<indonesian>demikian; </indonesian>
	</word>	<word>
		<sanskrit>tri-vidhaḥ</sanskrit>
		<indonesian>—tiga jenis;
</indonesian>
	</word>	<word>
		<sanskrit>karma—</sanskrit>
		<indonesian>dari pekerjaan; </indonesian>
	</word>	<word>
		<sanskrit>sańgrahaḥ—</sanskrit>
		<indonesian>pengumpulan.</indonesian>
	</word>	<word>
		<sanskrit>jñānam</sanskrit>
		<indonesian>—pengetahuan; </indonesian>
	</word>	<word>
		<sanskrit>karma—</sanskrit>
		<indonesian>pekerjaan; </indonesian>
	</word>	<word>
		<sanskrit>ca—</sanskrit>
		<indonesian>juga; </indonesian>
	</word>	<word>
		<sanskrit>kartā—</sanskrit>
		<indonesian>pekerja;
</indonesian>
	</word>	<word>
		<sanskrit>ca—</sanskrit>
		<indonesian>juga; </indonesian>
	</word>	<word>
		<sanskrit>tridhā</sanskrit>
		<indonesian>—dari tiga jenis; </indonesian>
	</word>	<word>
		<sanskrit>evā—</sanskrit>
		<indonesian>pasti; </indonesian>
	</word>	<word>
		<sanskrit>guṇa-bhedataḥ—</sanskrit>
		<indonesian>menurut
berbagai sifat alam material; </indonesian>
	</word>	<word>
		<sanskrit>procyate</sanskrit>
		<indonesian>—dikatakan; </indonesian>
	</word>	<word>
		<sanskrit>guṇa-sańkhyāne</sanskrit>
		<indonesian>—menurut
berbagai sifat; </indonesian>
	</word>	<word>
		<sanskrit>yathā-vat</sanskrit>
		<indonesian>—sebagaimana; </indonesian>
	</word>	<word>
		<sanskrit>śṛṇu—</sanskrit>
		<indonesian>dengarlah; </indonesian>
	</word>	<word>
		<sanskrit>tāni—</sanskrit>
		<indonesian>semuanya;
</indonesian>
	</word>	<word>
		<sanskrit>api—</sanskrit>
		<indonesian>juga.</indonesian>
	</word>	<word>
		<sanskrit>sarva-bhūteṣu</sanskrit>
		<indonesian>—di dalam semua makhluk hidup; </indonesian>
	</word>	<word>
		<sanskrit>yena—</sanskrit>
		<indonesian>dengan itu; </indonesian>
	</word>	<word>
		<sanskrit>ekam—</sanskrit>
		<indonesian>satu;
</indonesian>
	</word>	<word>
		<sanskrit>bhāvam—</sanskrit>
		<indonesian>keadaan; </indonesian>
	</word>	<word>
		<sanskrit>avyayām—</sanskrit>
		<indonesian>tidak dapat dimusnahkan; </indonesian>
	</word>	<word>
		<sanskrit>īkṣate—</sanskrit>
		<indonesian>seseorang
melihat; </indonesian>
	</word>	<word>
		<sanskrit>avibhaktam—</sanskrit>
		<indonesian>tidak dibagi; </indonesian>
	</word>	<word>
		<sanskrit>vibhakteṣu</sanskrit>
		<indonesian>—yang dibagi dalam
jumlah tidak terbilang; </indonesian>
	</word>	<word>
		<sanskrit>tat—</sanskrit>
		<indonesian>itu; </indonesian>
	</word>	<word>
		<sanskrit>jñānam</sanskrit>
		<indonesian>—pengetahuan; </indonesian>
	</word>	<word>
		<sanskrit>viddhi—</sanskrit>
		<indonesian>ketahuilah;
</indonesian>
	</word>	<word>
		<sanskrit>sāttvikam</sanskrit>
		<indonesian>—dalam sifat kebaikan.</indonesian>
	</word>	<word>
		<sanskrit>pṛthaktvena—</sanskrit>
		<indonesian>akibat dari pemisahan; </indonesian>
	</word>	<word>
		<sanskrit>tu—</sanskrit>
		<indonesian>tetapi; </indonesian>
	</word>	<word>
		<sanskrit>yat—</sanskrit>
		<indonesian>yang;
</indonesian>
	</word>	<word>
		<sanskrit>jñānam</sanskrit>
		<indonesian>—pengetahuan; </indonesian>
	</word>	<word>
		<sanskrit>nānābhavān</sanskrit>
		<indonesian>—beraneka keadaan; </indonesian>
	</word>	<word>
		<sanskrit>pṛthak-vidhān</sanskrit>
		<indonesian>—berbeda;
</indonesian>
	</word>	<word>
		<sanskrit>vetti</sanskrit>
		<indonesian>—mengetahui; </indonesian>
	</word>	<word>
		<sanskrit>sarveṣu</sanskrit>
		<indonesian>—di dalam semua; </indonesian>
	</word>	<word>
		<sanskrit>bhūteṣu</sanskrit>
		<indonesian>—makhluk
hidup; </indonesian>
	</word>	<word>
		<sanskrit>tat—</sanskrit>
		<indonesian>itu; </indonesian>
	</word>	<word>
		<sanskrit>jñānam</sanskrit>
		<indonesian>—pengetahuan; </indonesian>
	</word>	<word>
		<sanskrit>viddhi—</sanskrit>
		<indonesian>harus
diketahui; </indonesian>
	</word>	<word>
		<sanskrit>rājasam</sanskrit>
		<indonesian>—menurut nafsu.</indonesian>
	</word>	<word>
		<sanskrit>yat—</sanskrit>
		<indonesian>itu yang; </indonesian>
	</word>	<word>
		<sanskrit>tu—</sanskrit>
		<indonesian>tetapi; </indonesian>
	</word>	<word>
		<sanskrit>kṛtsna-vat</sanskrit>
		<indonesian>—sebagai
segala-galanya; </indonesian>
	</word>	<word>
		<sanskrit>ekasmin—</sanskrit>
		<indonesian>dalam satu; </indonesian>
	</word>	<word>
		<sanskrit>kārye</sanskrit>
		<indonesian>—pekerjaan; </indonesian>
	</word>	<word>
		<sanskrit>saktam—</sanskrit>
		<indonesian>terikat;
</indonesian>
	</word>	<word>
		<sanskrit>ahaitukam</sanskrit>
		<indonesian>—tanpa sebab; </indonesian>
	</word>	<word>
		<sanskrit>atattva-artha-vat</sanskrit>
		<indonesian>—tanpa pengetahuan
tentang kesunyataan; </indonesian>
	</word>	<word>
		<sanskrit>alpam</sanskrit>
		<indonesian>—sedikit sekali; </indonesian>
	</word>	<word>
		<sanskrit>ca—</sanskrit>
		<indonesian>dan; </indonesian>
	</word>	<word>
		<sanskrit>tat—</sanskrit>
		<indonesian>itu;
</indonesian>
	</word>	<word>
		<sanskrit>tāmasam</sanskrit>
		<indonesian>—sifat kegelapan; </indonesian>
	</word>	<word>
		<sanskrit>udāhṛtam—</sanskrit>
		<indonesian>dikatakan sebagai.</indonesian>
	</word>	<word>
		<sanskrit>niyatam—</sanskrit>
		<indonesian>teratur; </indonesian>
	</word>	<word>
		<sanskrit>sańga-rahitam—</sanskrit>
		<indonesian>tanpa ikatan; </indonesian>
	</word>	<word>
		<sanskrit>arāga-dveṣataḥ—</sanskrit>
		<indonesian>tanpa
cinta kasih maupun rasa benci; </indonesian>
	</word>	<word>
		<sanskrit>kṛtam—</sanskrit>
		<indonesian>dilakukan; </indonesian>
	</word>	<word>
		<sanskrit>aphala-prepsunā—</sanskrit>
		<indonesian>oleh
orang yang bebas dari keinginan untuk memperoleh hasil atau pahala; </indonesian>
	</word>	<word>
		<sanskrit>karma—</sanskrit>
		<indonesian>perbuatan;
</indonesian>
	</word>	<word>
		<sanskrit>yat—</sanskrit>
		<indonesian>yang; </indonesian>
	</word>	<word>
		<sanskrit>tat—</sanskrit>
		<indonesian>itu; </indonesian>
	</word>	<word>
		<sanskrit>sāttvikam</sanskrit>
		<indonesian>—dalam sifat kebaikan; </indonesian>
	</word>	<word>
		<sanskrit>ucyate</sanskrit>
		<indonesian>—disebut.</indonesian>
	</word>	<word>
		<sanskrit>yat—</sanskrit>
		<indonesian>itu yang; </indonesian>
	</word>	<word>
		<sanskrit>tu—</sanskrit>
		<indonesian>tetapi; </indonesian>
	</word>	<word>
		<sanskrit>kāma-īpsunā—</sanskrit>
		<indonesian>oleh orang dengan
keinginan untuk mendapat hasil atau pahala; </indonesian>
	</word>	<word>
		<sanskrit>karma—</sanskrit>
		<indonesian>pekerjaan; </indonesian>
	</word>	<word>
		<sanskrit>sa-ahańkāreṇa—</sanskrit>
		<indonesian>dengan
keakuan; </indonesian>
	</word>	<word>
		<sanskrit>vā—</sanskrit>
		<indonesian>atau; </indonesian>
	</word>	<word>
		<sanskrit>punaḥ—</sanskrit>
		<indonesian>lagi; </indonesian>
	</word>	<word>
		<sanskrit>kriyate</sanskrit>
		<indonesian>—dilakukan; </indonesian>
	</word>	<word>
		<sanskrit>bahula-āyāsam</sanskrit>
		<indonesian>—dengan
pekerjaan yang keras; </indonesian>
	</word>	<word>
		<sanskrit>tat—</sanskrit>
		<indonesian>itu; </indonesian>
	</word>	<word>
		<sanskrit>rājasam</sanskrit>
		<indonesian>—dalam sifat nafsu; </indonesian>
	</word>	<word>
		<sanskrit>udāhṛtam—</sanskrit>
		<indonesian>dikatakan
sebagai.</indonesian>
	</word>	<word>
		<sanskrit>anubandham</sanskrit>
		<indonesian>—dari ikatan pada masa yang akan datang; </indonesian>
	</word>	<word>
		<sanskrit>ksayam—</sanskrit>
		<indonesian>pembinasaan;
</indonesian>
	</word>	<word>
		<sanskrit>hiḿsām</sanskrit>
		<indonesian>—dan dukacita kepada orang lain; </indonesian>
	</word>	<word>
		<sanskrit>anapekṣya</sanskrit>
		<indonesian>—tanpa
mempertimbangkan akibat; </indonesian>
	</word>	<word>
		<sanskrit>ca—</sanskrit>
		<indonesian>juga; </indonesian>
	</word>	<word>
		<sanskrit>pauruṣam</sanskrit>
		<indonesian>—diizinkan sendiri; </indonesian>
	</word>	<word>
		<sanskrit>mohāt</sanskrit>
		<indonesian>—oleh
khayalan; </indonesian>
	</word>	<word>
		<sanskrit>ārabhyate</sanskrit>
		<indonesian>—dimulai; </indonesian>
	</word>	<word>
		<sanskrit>karma—</sanskrit>
		<indonesian>pekerjaan; </indonesian>
	</word>	<word>
		<sanskrit>yat—</sanskrit>
		<indonesian>yang; </indonesian>
	</word>	<word>
		<sanskrit>tat—</sanskrit>
		<indonesian>itu;
</indonesian>
	</word>	<word>
		<sanskrit>tāmasam</sanskrit>
		<indonesian>—dalam sifat kebodohan; </indonesian>
	</word>	<word>
		<sanskrit>ucyate</sanskrit>
		<indonesian>—dikatakan sebagai.</indonesian>
	</word>	<word>
		<sanskrit>mukta-sańgaḥ</sanskrit>
		<indonesian>—dibebaskan dari segala pergaulan material; </indonesian>
	</word>	<word>
		<sanskrit>anaham-vādī—</sanskrit>
		<indonesian>tanpa
keakuan palsu; </indonesian>
	</word>	<word>
		<sanskrit>dhṛti</sanskrit>
		<indonesian>—dengan ketabahan hati; </indonesian>
	</word>	<word>
		<sanskrit>utsāha</sanskrit>
		<indonesian>—dan semangat
yang besar; </indonesian>
	</word>	<word>
		<sanskrit>samanvitāḥ</sanskrit>
		<indonesian>—memiliki kwalifikasi; </indonesian>
	</word>	<word>
		<sanskrit>siddhi—</sanskrit>
		<indonesian>dalam
kesempurnaan; </indonesian>
	</word>	<word>
		<sanskrit>asiddhyoḥ</sanskrit>
		<indonesian>—dan kegagalan; </indonesian>
	</word>	<word>
		<sanskrit>nirvikāraḥ</sanskrit>
		<indonesian>—tanpa
perubahan; </indonesian>
	</word>	<word>
		<sanskrit>kartā—</sanskrit>
		<indonesian>pekerja; </indonesian>
	</word>	<word>
		<sanskrit>sāttvikaḥ—</sanskrit>
		<indonesian>dalam sifat kebaikan; </indonesian>
	</word>	<word>
		<sanskrit>ucyate</sanskrit>
		<indonesian>—dikatakan
sebagai.</indonesian>
	</word>	<word>
		<sanskrit>rāgī</sanskrit>
		<indonesian>—sangat terikat; </indonesian>
	</word>	<word>
		<sanskrit>karma-phala</sanskrit>
		<indonesian>—hasil dari pekerjaan; </indonesian>
	</word>	<word>
		<sanskrit>prepsuḥ</sanskrit>
		<indonesian>—menginginkan;
</indonesian>
	</word>	<word>
		<sanskrit>lubdhaḥ</sanskrit>
		<indonesian>—kelobaan; </indonesian>
	</word>	<word>
		<sanskrit>hiḿsā-ātmakaḥ—</sanskrit>
		<indonesian>selalu iri; </indonesian>
	</word>	<word>
		<sanskrit>aśuciḥ</sanskrit>
		<indonesian>—tidak
bersih; </indonesian>
	</word>	<word>
		<sanskrit>harṣa-śoka-anvitaḥ</sanskrit>
		<indonesian>—mengalami rasa riang dan rasa sedih; </indonesian>
	</word>	<word>
		<sanskrit>kartā—</sanskrit>
		<indonesian>pekerja
seperti itu; </indonesian>
	</word>	<word>
		<sanskrit>rājasāḥ</sanskrit>
		<indonesian>—dalam sifat nafsu; </indonesian>
	</word>	<word>
		<sanskrit>parikīrtitaḥ</sanskrit>
		<indonesian>—dinyatakan.</indonesian>
	</word>	<word>
		<sanskrit>ayuktaḥ—</sanskrit>
		<indonesian>tidak memperhatikan aturan Kitab Suci; </indonesian>
	</word>	<word>
		<sanskrit>prākṛtaḥ</sanskrit>
		<indonesian>—duniawi;
</indonesian>
	</word>	<word>
		<sanskrit>stabdhaḥ</sanskrit>
		<indonesian>—keras kepala; </indonesian>
	</word>	<word>
		<sanskrit>śaṭhaḥ</sanskrit>
		<indonesian>—suka menipu; </indonesian>
	</word>	<word>
		<sanskrit>naiṣkṛtikaḥ—</sanskrit>
		<indonesian>ahli
menghina orang lain; </indonesian>
	</word>	<word>
		<sanskrit>alasaḥ</sanskrit>
		<indonesian>—malas; </indonesian>
	</word>	<word>
		<sanskrit>viṣādī—</sanskrit>
		<indonesian>murung; </indonesian>
	</word>	<word>
		<sanskrit>dīrgha-sūtrī</sanskrit>
		<indonesian>—mengulurulurkan
waktu; </indonesian>
	</word>	<word>
		<sanskrit>ca—</sanskrit>
		<indonesian>juga; </indonesian>
	</word>	<word>
		<sanskrit>kartā—</sanskrit>
		<indonesian>pekerjaan; </indonesian>
	</word>	<word>
		<sanskrit>tamasāḥ</sanskrit>
		<indonesian>—dalam sifat
kebodohan; </indonesian>
	</word>	<word>
		<sanskrit>ucyate—</sanskrit>
		<indonesian>dikatakan sebagai.</indonesian>
	</word>	<word>
		<sanskrit>buddheḥ</sanskrit>
		<indonesian>—mengenai kecerdasan; </indonesian>
	</word>	<word>
		<sanskrit>bhedam</sanskrit>
		<indonesian>—perbedaanperbedaan; </indonesian>
	</word>	<word>
		<sanskrit>dhṛteḥ</sanskrit>
		<indonesian>—mengenai
sifat mantap; </indonesian>
	</word>	<word>
		<sanskrit>ca—</sanskrit>
		<indonesian>juga; </indonesian>
	</word>	<word>
		<sanskrit>evā—</sanskrit>
		<indonesian>pasti; </indonesian>
	</word>	<word>
		<sanskrit>guṇataḥ—</sanskrit>
		<indonesian>oleh
sifat-sifat alam material; </indonesian>
	</word>	<word>
		<sanskrit>tri-vidham</sanskrit>
		<indonesian>—dari tiga jenis; </indonesian>
	</word>	<word>
		<sanskrit>śṛṇu—</sanskrit>
		<indonesian>dengarlah;
</indonesian>
	</word>	<word>
		<sanskrit>procyamānam</sanskrit>
		<indonesian>—sebagaimana Kuuraikan; </indonesian>
	</word>	<word>
		<sanskrit>aśeṣeṇa—</sanskrit>
		<indonesian>secara terperinci; </indonesian>
	</word>	<word>
		<sanskrit>pṛthaktvena—</sanskrit>
		<indonesian>secara
berbeda; </indonesian>
	</word>	<word>
		<sanskrit>dhanañjaya</sanskrit>
		<indonesian>—wahai perebut kekayaan.</indonesian>
	</word>	<word>
		<sanskrit>pravṛttim</sanskrit>
		<indonesian>—melakukan; </indonesian>
	</word>	<word>
		<sanskrit>ca—</sanskrit>
		<indonesian>juga; </indonesian>
	</word>	<word>
		<sanskrit>nivṛttim</sanskrit>
		<indonesian>—tidak
melakukan; </indonesian>
	</word>	<word>
		<sanskrit>ca—</sanskrit>
		<indonesian>dan; </indonesian>
	</word>	<word>
		<sanskrit>kārya—</sanskrit>
		<indonesian>apa yang patut dilakukan; </indonesian>
	</word>	<word>
		<sanskrit>akārye</sanskrit>
		<indonesian>—dan
apa yang tidak patut dilakukan; </indonesian>
	</word>	<word>
		<sanskrit>bhaya—</sanskrit>
		<indonesian>rasa takut; </indonesian>
	</word>	<word>
		<sanskrit>abhaye</sanskrit>
		<indonesian>—kebebasan
dari rasa takut; </indonesian>
	</word>	<word>
		<sanskrit>bandham</sanskrit>
		<indonesian>—ikatan; </indonesian>
	</word>	<word>
		<sanskrit>mokṣam</sanskrit>
		<indonesian>—pembebasan; </indonesian>
	</word>	<word>
		<sanskrit>ca—</sanskrit>
		<indonesian>dan;
</indonesian>
	</word>	<word>
		<sanskrit>yā—</sanskrit>
		<indonesian>itu yang; </indonesian>
	</word>	<word>
		<sanskrit>vetti—</sanskrit>
		<indonesian>mengetahui; </indonesian>
	</word>	<word>
		<sanskrit>buddhiḥ</sanskrit>
		<indonesian>—pengertian; </indonesian>
	</word>	<word>
		<sanskrit>sa—</sanskrit>
		<indonesian>itu;
</indonesian>
	</word>	<word>
		<sanskrit>pārtha</sanskrit>
		<indonesian>—wahai putera </indonesian>
	</word>	<word>
		<sanskrit>Pṛthā</sanskrit>
		<indonesian>; </indonesian>
	</word>	<word>
		<sanskrit>sāttvikī</sanskrit>
		<indonesian>—dalam sifat kebaikan.</indonesian>
	</word>	<word>
		<sanskrit>yayā</sanskrit>
		<indonesian>—oleh itu; </indonesian>
	</word>	<word>
		<sanskrit>dharmam—</sanskrit>
		<indonesian>prinsip-prinsip dharma; </indonesian>
	</word>	<word>
		<sanskrit>adharmam—</sanskrit>
		<indonesian>hal-hal
yang bertentangan dengan prinsip-prinsip dharma; </indonesian>
	</word>	<word>
		<sanskrit>ca—</sanskrit>
		<indonesian>dan; </indonesian>
	</word>	<word>
		<sanskrit>kāryam</sanskrit>
		<indonesian>—apa
yang patut dilakukan; </indonesian>
	</word>	<word>
		<sanskrit>ca—</sanskrit>
		<indonesian>juga; </indonesian>
	</word>	<word>
		<sanskrit>akāryam</sanskrit>
		<indonesian>—apa yang seharusnya tidak
dilakukan; </indonesian>
	</word>	<word>
		<sanskrit>evā—</sanskrit>
		<indonesian>pasti; </indonesian>
	</word>	<word>
		<sanskrit>ca—</sanskrit>
		<indonesian>juga; </indonesian>
	</word>	<word>
		<sanskrit>ayathā-vat</sanskrit>
		<indonesian>—secara tidak
sempurna; </indonesian>
	</word>	<word>
		<sanskrit>prājanati</sanskrit>
		<indonesian>—mengetahui; </indonesian>
	</word>	<word>
		<sanskrit>buddhiḥ</sanskrit>
		<indonesian>—kecerdasan; </indonesian>
	</word>	<word>
		<sanskrit>sa—</sanskrit>
		<indonesian>itu;
</indonesian>
	</word>	<word>
		<sanskrit>pārtha</sanskrit>
		<indonesian>—wahai putera </indonesian>
	</word>	<word>
		<sanskrit>Pṛthā</sanskrit>
		<indonesian>; </indonesian>
	</word>	<word>
		<sanskrit>rājāsi</sanskrit>
		<indonesian>—dalam sifat nafsu.</indonesian>
	</word>	<word>
		<sanskrit>adharmam—</sanskrit>
		<indonesian>hal-hal yang bertentangan dengan dharma; </indonesian>
	</word>	<word>
		<sanskrit>dharmam—</sanskrit>
		<indonesian>dharma;
</indonesian>
	</word>	<word>
		<sanskrit>iti—</sanskrit>
		<indonesian>demikian; </indonesian>
	</word>	<word>
		<sanskrit>yā—</sanskrit>
		<indonesian>yang; </indonesian>
	</word>	<word>
		<sanskrit>manyate</sanskrit>
		<indonesian>—berpikir; </indonesian>
	</word>	<word>
		<sanskrit>tamasā</sanskrit>
		<indonesian>—oleh
khayalan; </indonesian>
	</word>	<word>
		<sanskrit>āvṛtā</sanskrit>
		<indonesian>—ditutupi; </indonesian>
	</word>	<word>
		<sanskrit>sarva-arthān</sanskrit>
		<indonesian>—segala hal; </indonesian>
	</word>	<word>
		<sanskrit>viparītān</sanskrit>
		<indonesian>—ke
arah yang salah; </indonesian>
	</word>	<word>
		<sanskrit>ca—</sanskrit>
		<indonesian>juga; </indonesian>
	</word>	<word>
		<sanskrit>buddhiḥ</sanskrit>
		<indonesian>—kecerdasan; </indonesian>
	</word>	<word>
		<sanskrit>sa—</sanskrit>
		<indonesian>itu; </indonesian>
	</word>	<word>
		<sanskrit>pārtha</sanskrit>
		<indonesian>—wahai
putera </indonesian>
	</word>	<word>
		<sanskrit>Pṛthā</sanskrit>
		<indonesian>; </indonesian>
	</word>	<word>
		<sanskrit>tamasi—</sanskrit>
		<indonesian>dalam sifat kebodohan.</indonesian>
	</word>	<word>
		<sanskrit>dhṛtyā</sanskrit>
		<indonesian>—dari ketabahan hati; </indonesian>
	</word>	<word>
		<sanskrit>yayā</sanskrit>
		<indonesian>—melalui itu; </indonesian>
	</word>	<word>
		<sanskrit>dhārayate</sanskrit>
		<indonesian>—seseorang
memelihara; </indonesian>
	</word>	<word>
		<sanskrit>manaḥ</sanskrit>
		<indonesian>—pikiran; </indonesian>
	</word>	<word>
		<sanskrit>prāṇa—</sanskrit>
		<indonesian>kehidupan; </indonesian>
	</word>	<word>
		<sanskrit>indriya—</sanskrit>
		<indonesian>dan
indera; </indonesian>
	</word>	<word>
		<sanskrit>kriyāḥ—</sanskrit>
		<indonesian>kegiatan; </indonesian>
	</word>	<word>
		<sanskrit>yogena—</sanskrit>
		<indonesian>oleh latihan yoga; </indonesian>
	</word>	<word>
		<sanskrit>avyabhicāriṇyā</sanskrit>
		<indonesian>—tanpa
terputus; </indonesian>
	</word>	<word>
		<sanskrit>dhṛtiḥ</sanskrit>
		<indonesian>—ketabahan hati; </indonesian>
	</word>	<word>
		<sanskrit>sa—</sanskrit>
		<indonesian>itu; </indonesian>
	</word>	<word>
		<sanskrit>pārtha</sanskrit>
		<indonesian>—wahai
putera </indonesian>
	</word>	<word>
		<sanskrit>Pṛthā</sanskrit>
		<indonesian>; </indonesian>
	</word>	<word>
		<sanskrit>sāttvikī</sanskrit>
		<indonesian>—dalam sifat kebaikan.</indonesian>
	</word>	<word>
		<sanskrit>yayā</sanskrit>
		<indonesian>—melalui itu; </indonesian>
	</word>	<word>
		<sanskrit>tu—</sanskrit>
		<indonesian>tetapi; </indonesian>
	</word>	<word>
		<sanskrit>dharma—</sanskrit>
		<indonesian>keagamaan; </indonesian>
	</word>	<word>
		<sanskrit>kāma—</sanskrit>
		<indonesian>kepuasan
indera-indera; </indonesian>
	</word>	<word>
		<sanskrit>arthān</sanskrit>
		<indonesian>—dan pengembangan ekonomi; </indonesian>
	</word>	<word>
		<sanskrit>dhṛtyā</sanskrit>
		<indonesian>—dengan
ketabahan hati; </indonesian>
	</word>	<word>
		<sanskrit>dhārayate</sanskrit>
		<indonesian>—seseorang memelihara; </indonesian>
	</word>	<word>
		<sanskrit>Arjuna—</sanskrit>
		<indonesian>wahai </indonesian>
	</word>	<word>
		<sanskrit>Arjuna</sanskrit>
		<indonesian>;
</indonesian>
	</word>	<word>
		<sanskrit>prasańgena—</sanskrit>
		<indonesian>karena ikatan; </indonesian>
	</word>	<word>
		<sanskrit>phala-ākāńkṣī</sanskrit>
		<indonesian>—menginginkan hasil atau
pahala; </indonesian>
	</word>	<word>
		<sanskrit>dhṛtiḥ</sanskrit>
		<indonesian>—ketabahan hati; </indonesian>
	</word>	<word>
		<sanskrit>sa—</sanskrit>
		<indonesian>itu; </indonesian>
	</word>	<word>
		<sanskrit>pārtha</sanskrit>
		<indonesian>—wahai
putera </indonesian>
	</word>	<word>
		<sanskrit>Pṛthā</sanskrit>
		<indonesian>; </indonesian>
	</word>	<word>
		<sanskrit>rājāsi</sanskrit>
		<indonesian>—dalam sifat nafsu.</indonesian>
	</word>	<word>
		<sanskrit>yayā—</sanskrit>
		<indonesian>melalui itu; </indonesian>
	</word>	<word>
		<sanskrit>svapnam</sanskrit>
		<indonesian>—mimpi; </indonesian>
	</word>	<word>
		<sanskrit>bhayam—</sanskrit>
		<indonesian>ketakutan; </indonesian>
	</word>	<word>
		<sanskrit>śokam</sanskrit>
		<indonesian>—penyesalan;
</indonesian>
	</word>	<word>
		<sanskrit>viṣādam</sanskrit>
		<indonesian>—sifat murung; </indonesian>
	</word>	<word>
		<sanskrit>madam</sanskrit>
		<indonesian>—khayalan; </indonesian>
	</word>	<word>
		<sanskrit>evā—</sanskrit>
		<indonesian>pasti; </indonesian>
	</word>	<word>
		<sanskrit>ca—</sanskrit>
		<indonesian>juga;
</indonesian>
	</word>	<word>
		<sanskrit>na—</sanskrit>
		<indonesian>tidak pernah; </indonesian>
	</word>	<word>
		<sanskrit>vimuñcati</sanskrit>
		<indonesian>—seseorang meninggalkan; </indonesian>
	</word>	<word>
		<sanskrit>durmedhā—</sanskrit>
		<indonesian>kurang
cerdas; </indonesian>
	</word>	<word>
		<sanskrit>dhṛtiḥ</sanskrit>
		<indonesian>—ketabahan hati; </indonesian>
	</word>	<word>
		<sanskrit>sa—</sanskrit>
		<indonesian>itu; </indonesian>
	</word>	<word>
		<sanskrit>pārtha</sanskrit>
		<indonesian>—wahai
putera </indonesian>
	</word>	<word>
		<sanskrit>Pṛthā</sanskrit>
		<indonesian>; </indonesian>
	</word>	<word>
		<sanskrit>tamasi—</sanskrit>
		<indonesian>dalam sifat kebodohan.</indonesian>
	</word>	<word>
		<sanskrit>sukham—</sanskrit>
		<indonesian>kebahagiaan; </indonesian>
	</word>	<word>
		<sanskrit>tu—</sanskrit>
		<indonesian>tetapi; </indonesian>
	</word>	<word>
		<sanskrit>idānīm</sanskrit>
		<indonesian>—sekarang; </indonesian>
	</word>	<word>
		<sanskrit>tri-vidham</sanskrit>
		<indonesian>—terdiri
dari tiga jenis; </indonesian>
	</word>	<word>
		<sanskrit>śṛṇu—</sanskrit>
		<indonesian>dengarlah; </indonesian>
	</word>	<word>
		<sanskrit>me—</sanskrit>
		<indonesian>dari-Ku; </indonesian>
	</word>	<word>
		<sanskrit>bhārata-ṛṣabha</sanskrit>
		<indonesian>—wahai
yang paling baik di antara para </indonesian>
	</word>	<word>
		<sanskrit>Bhārata </sanskrit>
		<indonesian>; </indonesian>
	</word>	<word>
		<sanskrit>abhyāsāt—</sanskrit>
		<indonesian>oleh latihan; </indonesian>
	</word>	<word>
		<sanskrit>ramate—</sanskrit>
		<indonesian>seseorang
menikmati; </indonesian>
	</word>	<word>
		<sanskrit>yātrā—</sanskrit>
		<indonesian>tempat; </indonesian>
	</word>	<word>
		<sanskrit>duḥkha</sanskrit>
		<indonesian>—dari dukacita; </indonesian>
	</word>	<word>
		<sanskrit>antam—</sanskrit>
		<indonesian>berakhirnya;
</indonesian>
	</word>	<word>
		<sanskrit>ca—</sanskrit>
		<indonesian>juga; </indonesian>
	</word>	<word>
		<sanskrit>nigacchati</sanskrit>
		<indonesian>—mencapai.</indonesian>
	</word>	<word>
		<sanskrit>yat—</sanskrit>
		<indonesian>yang; </indonesian>
	</word>	<word>
		<sanskrit>tat—</sanskrit>
		<indonesian>itu; </indonesian>
	</word>	<word>
		<sanskrit>agre</sanskrit>
		<indonesian>—pada permulaan; </indonesian>
	</word>	<word>
		<sanskrit>viṣam ivā—</sanskrit>
		<indonesian>seperti
racun; </indonesian>
	</word>	<word>
		<sanskrit>pariṇāme</sanskrit>
		<indonesian>—pada akhirnya; </indonesian>
	</word>	<word>
		<sanskrit>amṛta</sanskrit>
		<indonesian>—minuman kekekalan; </indonesian>
	</word>	<word>
		<sanskrit>upamam—</sanskrit>
		<indonesian>yang
diumpamakan sebagai; </indonesian>
	</word>	<word>
		<sanskrit>tat—</sanskrit>
		<indonesian>itu; </indonesian>
	</word>	<word>
		<sanskrit>sukham—</sanskrit>
		<indonesian>kebahagiaan; </indonesian>
	</word>	<word>
		<sanskrit>sāttvikam</sanskrit>
		<indonesian>—dalam
sifat kebaikan; </indonesian>
	</word>	<word>
		<sanskrit>proktām</sanskrit>
		<indonesian>—dikatakan; </indonesian>
	</word>	<word>
		<sanskrit>ātmā—</sanskrit>
		<indonesian>dalam sang diri; </indonesian>
	</word>	<word>
		<sanskrit>buddhi—</sanskrit>
		<indonesian>dari
kecerdasan; </indonesian>
	</word>	<word>
		<sanskrit>prasāda-jam</sanskrit>
		<indonesian>—dilahirkan dari kepuasan.</indonesian>
	</word>	<word>
		<sanskrit> viṣaya</sanskrit>
		<indonesian>—dari obyek-obyek indera; </indonesian>
	</word>	<word>
		<sanskrit>indriya—</sanskrit>
		<indonesian>dan indera; </indonesian>
	</word>	<word>
		<sanskrit>saḿyogāt</sanskrit>
		<indonesian>—dari
gabungan; </indonesian>
	</word>	<word>
		<sanskrit>yat—</sanskrit>
		<indonesian>yang; </indonesian>
	</word>	<word>
		<sanskrit>tat—</sanskrit>
		<indonesian>itu; </indonesian>
	</word>	<word>
		<sanskrit>agre</sanskrit>
		<indonesian>—pada permulaan; </indonesian>
	</word>	<word>
		<sanskrit>amṛta-upamam—</sanskrit>
		<indonesian>persis
seperti minuman kekekalan; </indonesian>
	</word>	<word>
		<sanskrit>pariṇāme</sanskrit>
		<indonesian>—akhirnya; </indonesian>
	</word>	<word>
		<sanskrit>viṣam iva—</sanskrit>
		<indonesian>seperti
racun; </indonesian>
	</word>	<word>
		<sanskrit>tat—</sanskrit>
		<indonesian>itu; </indonesian>
	</word>	<word>
		<sanskrit>sukham—</sanskrit>
		<indonesian>kebahagiaan; </indonesian>
	</word>	<word>
		<sanskrit>rājasam</sanskrit>
		<indonesian>—dalam sifat
nafsu; </indonesian>
	</word>	<word>
		<sanskrit>smṛtam—</sanskrit>
		<indonesian>dianggap.</indonesian>
	</word>	<word>
		<sanskrit>yat—</sanskrit>
		<indonesian>itu yang; </indonesian>
	</word>	<word>
		<sanskrit>agre</sanskrit>
		<indonesian>—pada permulaan; </indonesian>
	</word>	<word>
		<sanskrit>ca—</sanskrit>
		<indonesian>juga; </indonesian>
	</word>	<word>
		<sanskrit>anubandhe</sanskrit>
		<indonesian>—akhirnya;
</indonesian>
	</word>	<word>
		<sanskrit>ca—</sanskrit>
		<indonesian>juga; </indonesian>
	</word>	<word>
		<sanskrit>sukham—</sanskrit>
		<indonesian>kebahagiaan; </indonesian>
	</word>	<word>
		<sanskrit>mohanam</sanskrit>
		<indonesian>—bersifat khayalan; </indonesian>
	</word>	<word>
		<sanskrit>ātmanāḥ</sanskrit>
		<indonesian>—dari
sang diri; </indonesian>
	</word>	<word>
		<sanskrit>nidrā</sanskrit>
		<indonesian>—tidur; </indonesian>
	</word>	<word>
		<sanskrit>ālasya</sanskrit>
		<indonesian>—sifat malas; </indonesian>
	</word>	<word>
		<sanskrit>pramāda</sanskrit>
		<indonesian>—khayalan;
</indonesian>
	</word>	<word>
		<sanskrit>uttham</sanskrit>
		<indonesian>—dihasilkan; </indonesian>
	</word>	<word>
		<sanskrit>tat—</sanskrit>
		<indonesian>itu; </indonesian>
	</word>	<word>
		<sanskrit>tāmasam</sanskrit>
		<indonesian>—dalam sifat kebodohan;
</indonesian>
	</word>	<word>
		<sanskrit>udāhṛtam—</sanskrit>
		<indonesian>dikatakan sebagai.</indonesian>
	</word>	<word>
		<sanskrit>na—</sanskrit>
		<indonesian>tidak; </indonesian>
	</word>	<word>
		<sanskrit>tat—</sanskrit>
		<indonesian>itu; </indonesian>
	</word>	<word>
		<sanskrit>asti—</sanskrit>
		<indonesian>ada; </indonesian>
	</word>	<word>
		<sanskrit>pṛthivyām</sanskrit>
		<indonesian>—di bumi;
</indonesian>
	</word>	<word>
		<sanskrit>vā—</sanskrit>
		<indonesian>atau; </indonesian>
	</word>	<word>
		<sanskrit>divi—</sanskrit>
		<indonesian>di sistem planet yang lebih tinggi; </indonesian>
	</word>	<word>
		<sanskrit>deveṣu</sanskrit>
		<indonesian>—di
kalangan para dewa; </indonesian>
	</word>	<word>
		<sanskrit>vā—</sanskrit>
		<indonesian>atau; </indonesian>
	</word>	<word>
		<sanskrit>punaḥ—</sanskrit>
		<indonesian>lagi; </indonesian>
	</word>	<word>
		<sanskrit>sattvam</sanskrit>
		<indonesian>—keberadaan;
</indonesian>
	</word>	<word>
		<sanskrit>prakṛti-jaiḥ</sanskrit>
		<indonesian>—di lahirkan dari alam material; </indonesian>
	</word>	<word>
		<sanskrit>muktam—</sanskrit>
		<indonesian>dibebaskan;
</indonesian>
	</word>	<word>
		<sanskrit>yat—</sanskrit>
		<indonesian>itu; </indonesian>
	</word>	<word>
		<sanskrit>ebhiḥ</sanskrit>
		<indonesian>—dari pengaruh yang lain; </indonesian>
	</word>	<word>
		<sanskrit>syāt</sanskrit>
		<indonesian>—adalah; </indonesian>
	</word>	<word>
		<sanskrit>tribhiḥ</sanskrit>
		<indonesian>—tiga;
</indonesian>
	</word>	<word>
		<sanskrit>guṇaiḥ</sanskrit>
		<indonesian>—sifat-sifat alam material.</indonesian>
	</word>	<word>
		<sanskrit>brahmaṇā—</sanskrit>
		<indonesian>para </indonesian>
	</word>	<word>
		<sanskrit>brahmaṇā</sanskrit>
		<indonesian>; </indonesian>
	</word>	<word>
		<sanskrit>kṣatriya</sanskrit>
		<indonesian>—para </indonesian>
	</word>	<word>
		<sanskrit>kṣatriya</sanskrit>
		<indonesian>;
</indonesian>
	</word>	<word>
		<sanskrit>viśām—</sanskrit>
		<indonesian>dan para vaisya; </indonesian>
	</word>	<word>
		<sanskrit>śūdrāṇām</sanskrit>
		<indonesian>—dari para sudra; </indonesian>
	</word>	<word>
		<sanskrit>ca—</sanskrit>
		<indonesian>dan; </indonesian>
	</word>	<word>
		<sanskrit>parantapa</sanskrit>
		<indonesian>—wahai
penakluk musuh; </indonesian>
	</word>	<word>
		<sanskrit>karmaṇi</sanskrit>
		<indonesian>—kegiatan; </indonesian>
	</word>	<word>
		<sanskrit>pravibhaktāni—</sanskrit>
		<indonesian>dibagikan; </indonesian>
	</word>	<word>
		<sanskrit>svabhāva</sanskrit>
		<indonesian>—sifatnya
sendiri; </indonesian>
	</word>	<word>
		<sanskrit>prabhavaiḥ</sanskrit>
		<indonesian>—dilahirkan dari; </indonesian>
	</word>	<word>
		<sanskrit>guṇaiḥ</sanskrit>
		<indonesian>—oleh sifat-sifat
alam material.</indonesian>
	</word>	<word>
		<sanskrit>samaḥ</sanskrit>
		<indonesian>—kedamaian; </indonesian>
	</word>	<word>
		<sanskrit>damaḥ—</sanskrit>
		<indonesian>mengendalikan diri; </indonesian>
	</word>	<word>
		<sanskrit>tapaḥ—</sanskrit>
		<indonesian>pertapaan;
</indonesian>
	</word>	<word>
		<sanskrit>śaucam</sanskrit>
		<indonesian>—kesucian; </indonesian>
	</word>	<word>
		<sanskrit>kśāntiḥ</sanskrit>
		<indonesian>—toleransi; </indonesian>
	</word>	<word>
		<sanskrit>ārjavam</sanskrit>
		<indonesian>—sifat
kejujuran; </indonesian>
	</word>	<word>
		<sanskrit>evā—</sanskrit>
		<indonesian>pasti; </indonesian>
	</word>	<word>
		<sanskrit>ca—</sanskrit>
		<indonesian>dan; </indonesian>
	</word>	<word>
		<sanskrit>jñānam</sanskrit>
		<indonesian>—pengetahuan; </indonesian>
	</word>	<word>
		<sanskrit>vijñānam</sanskrit>
		<indonesian>—kebijaksanaan;
</indonesian>
	</word>	<word>
		<sanskrit>āstikyam</sanskrit>
		<indonesian>—taat pada prinsip-prinsip keagamaan; </indonesian>
	</word>	<word>
		<sanskrit>brahma—</sanskrit>
		<indonesian>milik
seorang </indonesian>
	</word>	<word>
		<sanskrit>brahmaṇā</sanskrit>
		<indonesian>; </indonesian>
	</word>	<word>
		<sanskrit>karma—</sanskrit>
		<indonesian>kewajiban; </indonesian>
	</word>	<word>
		<sanskrit>svabhāva-jam</sanskrit>
		<indonesian>—dilahirkan
dari sifatnya sendiri.</indonesian>
	</word>	<word>
		<sanskrit>śauryam</sanskrit>
		<indonesian>—kepahlawanan; </indonesian>
	</word>	<word>
		<sanskrit>tejaḥ—</sanskrit>
		<indonesian>kewibawaan; </indonesian>
	</word>	<word>
		<sanskrit>dhṛtiḥ</sanskrit>
		<indonesian>—ketabahan
hati; </indonesian>
	</word>	<word>
		<sanskrit>dākṣyam—</sanskrit>
		<indonesian>pandai memanfaatkan keadaan; </indonesian>
	</word>	<word>
		<sanskrit>yuddhe—</sanskrit>
		<indonesian>di medan
perang; </indonesian>
	</word>	<word>
		<sanskrit>ca—</sanskrit>
		<indonesian>dan; </indonesian>
	</word>	<word>
		<sanskrit>api—</sanskrit>
		<indonesian>juga; </indonesian>
	</word>	<word>
		<sanskrit>apalāyanam</sanskrit>
		<indonesian>—tidak lari; </indonesian>
	</word>	<word>
		<sanskrit>dānam—</sanskrit>
		<indonesian>kedermawanan;
</indonesian>
	</word>	<word>
		<sanskrit>īśvara—</sanskrit>
		<indonesian>tentang kepemimpinan; </indonesian>
	</word>	<word>
		<sanskrit>bhāvaḥ</sanskrit>
		<indonesian>—sifat; </indonesian>
	</word>	<word>
		<sanskrit>ca—</sanskrit>
		<indonesian>dan; </indonesian>
	</word>	<word>
		<sanskrit>kṣātram</sanskrit>
		<indonesian>—untuk
seorang </indonesian>
	</word>	<word>
		<sanskrit>kṣatriya</sanskrit>
		<indonesian>; </indonesian>
	</word>	<word>
		<sanskrit>karma—</sanskrit>
		<indonesian>kewajiban; </indonesian>
	</word>	<word>
		<sanskrit>svabhāva-jam</sanskrit>
		<indonesian>—dilahirkan
dari sifatnya sendiri.</indonesian>
	</word>	<word>
		<sanskrit>kṛṣi</sanskrit>
		<indonesian>—membajak tanah; </indonesian>
	</word>	<word>
		<sanskrit>go</sanskrit>
		<indonesian>—sapi; </indonesian>
	</word>	<word>
		<sanskrit>rakṣya</sanskrit>
		<indonesian>—melindungi; </indonesian>
	</word>	<word>
		<sanskrit>vāṇijyam</sanskrit>
		<indonesian>—perdagangan;
</indonesian>
	</word>	<word>
		<sanskrit>vaiśya</sanskrit>
		<indonesian>—milik seorang; </indonesian>
	</word>	<word>
		<sanskrit>karma—</sanskrit>
		<indonesian>kewajiban; </indonesian>
	</word>	<word>
		<sanskrit>svabhāva-jam</sanskrit>
		<indonesian>—dilahirkan
dari sifatnya sendiri; </indonesian>
	</word>	<word>
		<sanskrit>paricaryā</sanskrit>
		<indonesian>—pengabdian; </indonesian>
	</word>	<word>
		<sanskrit>ātmakam</sanskrit>
		<indonesian>—terdiri
dari; </indonesian>
	</word>	<word>
		<sanskrit>karma—</sanskrit>
		<indonesian>kewajiban; </indonesian>
	</word>	<word>
		<sanskrit>śūdrasya</sanskrit>
		<indonesian>—milik seorang sudra; </indonesian>
	</word>	<word>
		<sanskrit>api—</sanskrit>
		<indonesian>juga;
</indonesian>
	</word>	<word>
		<sanskrit>svabhāva-jam</sanskrit>
		<indonesian>—dilahirkan dari sifatnya sendiri.</indonesian>
	</word>	<word>
		<sanskrit>sve sve</sanskrit>
		<indonesian>—milik masing-masing; </indonesian>
	</word>	<word>
		<sanskrit>karmaṇi</sanskrit>
		<indonesian>—pekerjaan; </indonesian>
	</word>	<word>
		<sanskrit>abhirataḥ—</sanskrit>
		<indonesian>mengikuti;
</indonesian>
	</word>	<word>
		<sanskrit>saḿsiddhim</sanskrit>
		<indonesian>—kesempurnaan; </indonesian>
	</word>	<word>
		<sanskrit>labhate—</sanskrit>
		<indonesian>mencapai; </indonesian>
	</word>	<word>
		<sanskrit>naraḥ—</sanskrit>
		<indonesian>seorang
manusia; </indonesian>
	</word>	<word>
		<sanskrit>sva-karma—</sanskrit>
		<indonesian>dalam kewajibannya sendiri; </indonesian>
	</word>	<word>
		<sanskrit>niratāḥ—</sanskrit>
		<indonesian>sibuk; </indonesian>
	</word>	<word>
		<sanskrit>siddhim</sanskrit>
		<indonesian>—kesempurnaan;
</indonesian>
	</word>	<word>
		<sanskrit>yathā—</sanskrit>
		<indonesian>sebagai; </indonesian>
	</word>	<word>
		<sanskrit>vindati—</sanskrit>
		<indonesian>mencapai; </indonesian>
	</word>	<word>
		<sanskrit>tat—</sanskrit>
		<indonesian>itu; </indonesian>
	</word>	<word>
		<sanskrit>śṛṇu—</sanskrit>
		<indonesian>dengarlah.</indonesian>
	</word>	<word>
		<sanskrit>yataḥ</sanskrit>
		<indonesian>—dari siapa; </indonesian>
	</word>	<word>
		<sanskrit>pravṛttiḥ</sanskrit>
		<indonesian>—pancaran; </indonesian>
	</word>	<word>
		<sanskrit>bhūtānām</sanskrit>
		<indonesian>—semua
para makhluk hidup; </indonesian>
	</word>	<word>
		<sanskrit>yena—</sanskrit>
		<indonesian>oleh siapa; </indonesian>
	</word>	<word>
		<sanskrit>sarvam</sanskrit>
		<indonesian>—semua; </indonesian>
	</word>	<word>
		<sanskrit>idam—</sanskrit>
		<indonesian>ini;
</indonesian>
	</word>	<word>
		<sanskrit>tatam—</sanskrit>
		<indonesian>berada dimana-mana; </indonesian>
	</word>	<word>
		<sanskrit>svakarmaṇā—</sanskrit>
		<indonesian>oleh kewajibannya sendiri; </indonesian>
	</word>	<word>
		<sanskrit>tam—</sanskrit>
		<indonesian>Beliau;
</indonesian>
	</word>	<word>
		<sanskrit>abhyarcyā—</sanskrit>
		<indonesian>dengan menyembah; </indonesian>
	</word>	<word>
		<sanskrit>siddhim</sanskrit>
		<indonesian>—kesempurnaan; </indonesian>
	</word>	<word>
		<sanskrit>vindati—</sanskrit>
		<indonesian>mencapai;
</indonesian>
	</word>	<word>
		<sanskrit>mānavāḥ</sanskrit>
		<indonesian>—seorang manusia.</indonesian>
	</word>	<word>
		<sanskrit>śreyān</sanskrit>
		<indonesian>—lebih baik; </indonesian>
	</word>	<word>
		<sanskrit>sva-dharmaḥ</sanskrit>
		<indonesian>—pekerjaan sendiri; </indonesian>
	</word>	<word>
		<sanskrit>viguṇaḥ</sanskrit>
		<indonesian>—dilakukan
secara tidak sempurna; </indonesian>
	</word>	<word>
		<sanskrit>para-dharmāt</sanskrit>
		<indonesian>—daripada kewajiban orang lain; </indonesian>
	</word>	<word>
		<sanskrit>su-anuṣṭhitāt—</sanskrit>
		<indonesian>dilakukan
secara sempurna; svabhāva-</indonesian>
	</word>	<word>
		<sanskrit>niyatam—</sanskrit>
		<indonesian>ditetapkan menurut sifat seseorang; </indonesian>
	</word>	<word>
		<sanskrit>karma—</sanskrit>
		<indonesian>pekerjaan;
</indonesian>
	</word>	<word>
		<sanskrit>kurvan</sanskrit>
		<indonesian>—melakukan; </indonesian>
	</word>	<word>
		<sanskrit>na—</sanskrit>
		<indonesian>tidak pernah; </indonesian>
	</word>	<word>
		<sanskrit>āpnoti—</sanskrit>
		<indonesian>mencapai; </indonesian>
	</word>	<word>
		<sanskrit>kilbisam</sanskrit>
		<indonesian>—reaksi-reaksi
dosa.</indonesian>
	</word>	<word>
		<sanskrit>saha-jam</sanskrit>
		<indonesian>—dilahirkan sekaligus; </indonesian>
	</word>	<word>
		<sanskrit>karma—</sanskrit>
		<indonesian>pekerjaan; </indonesian>
	</word>	<word>
		<sanskrit>kaunteya</sanskrit>
		<indonesian>—wahai
putera </indonesian>
	</word>	<word>
		<sanskrit>Kuntī</sanskrit>
		<indonesian> ; </indonesian>
	</word>	<word>
		<sanskrit>sa-doṣam</sanskrit>
		<indonesian>—dengan kesalahan; </indonesian>
	</word>	<word>
		<sanskrit>api—</sanskrit>
		<indonesian>walaupun; </indonesian>
	</word>	<word>
		<sanskrit>na—</sanskrit>
		<indonesian>tidak
pernah; </indonesian>
	</word>	<word>
		<sanskrit>tyajet</sanskrit>
		<indonesian>—seseorang harus meninggalkan; </indonesian>
	</word>	<word>
		<sanskrit>sarva-ārambhāḥ—</sanskrit>
		<indonesian>segala
usaha; </indonesian>
	</word>	<word>
		<sanskrit>hi—</sanskrit>
		<indonesian>pasti; </indonesian>
	</word>	<word>
		<sanskrit>doṣeṇa—</sanskrit>
		<indonesian>dengan kesalahan; </indonesian>
	</word>	<word>
		<sanskrit>dhūmena—</sanskrit>
		<indonesian>dengan
asap; </indonesian>
	</word>	<word>
		<sanskrit>agniḥ—</sanskrit>
		<indonesian>api; </indonesian>
	</word>	<word>
		<sanskrit>iva—</sanskrit>
		<indonesian>seperti; </indonesian>
	</word>	<word>
		<sanskrit>āvṛtaḥ</sanskrit>
		<indonesian>—ditutupi.</indonesian>
	</word>	<word>
		<sanskrit>āsakta-buddhiḥ</sanskrit>
		<indonesian>—memiliki kecerdasan yang tidak terikat; </indonesian>
	</word>	<word>
		<sanskrit>sarvatra—</sanskrit>
		<indonesian>di
mana-mana; </indonesian>
	</word>	<word>
		<sanskrit>jita-ātmā</sanskrit>
		<indonesian>—setelah mengendalikan pikiran; </indonesian>
	</word>	<word>
		<sanskrit>vigata-spṛhaḥ</sanskrit>
		<indonesian>—tanpa
keinginan duniawi; </indonesian>
	</word>	<word>
		<sanskrit>naiṣkarmya-siddhim</sanskrit>
		<indonesian>—kesempurnaan tanpa reaksi; </indonesian>
	</word>	<word>
		<sanskrit>paramam—</sanskrit>
		<indonesian>paling
utama; </indonesian>
	</word>	<word>
		<sanskrit>sannyāsena—</sanskrit>
		<indonesian>oleh tingkatan hidup untuk melepaskan ikatan; </indonesian>
	</word>	<word>
		<sanskrit>adhigacchati</sanskrit>
		<indonesian>—seseorang
mencapai.</indonesian>
	</word>	<word>
		<sanskrit>siddhim</sanskrit>
		<indonesian>—kesempurnaan; </indonesian>
	</word>	<word>
		<sanskrit>prāptaḥ</sanskrit>
		<indonesian>—mencapai; </indonesian>
	</word>	<word>
		<sanskrit>yathā—</sanskrit>
		<indonesian>sebagai;
</indonesian>
	</word>	<word>
		<sanskrit>brahma—</sanskrit>
		<indonesian>Yang Mahakuasa; </indonesian>
	</word>	<word>
		<sanskrit>tathā—</sanskrit>
		<indonesian>demikian; </indonesian>
	</word>	<word>
		<sanskrit>āpnoti—</sanskrit>
		<indonesian>seseorang
mencapai; </indonesian>
	</word>	<word>
		<sanskrit>nibodha</sanskrit>
		<indonesian>—coba mengerti; </indonesian>
	</word>	<word>
		<sanskrit>me—</sanskrit>
		<indonesian>dari-Ku; </indonesian>
	</word>	<word>
		<sanskrit>samāsena—</sanskrit>
		<indonesian>secara
ringkas; </indonesian>
	</word>	<word>
		<sanskrit>evā—</sanskrit>
		<indonesian>pasti; </indonesian>
	</word>	<word>
		<sanskrit>kaunteyā—</sanskrit>
		<indonesian>wahai putera </indonesian>
	</word>	<word>
		<sanskrit>Kuntī</sanskrit>
		<indonesian> ; </indonesian>
	</word>	<word>
		<sanskrit>niṣṭhā</sanskrit>
		<indonesian>—tingkat;
</indonesian>
	</word>	<word>
		<sanskrit>jñāna</sanskrit>
		<indonesian>sya—dari pengetahuan; </indonesian>
	</word>	<word>
		<sanskrit>yā—</sanskrit>
		<indonesian>yang; </indonesian>
	</word>	<word>
		<sanskrit>parā—</sanskrit>
		<indonesian>rohani.</indonesian>
	</word>	<word>
		<sanskrit>buddhya</sanskrit>
		<indonesian>—dengan kecerdasan; </indonesian>
	</word>	<word>
		<sanskrit>viśuddhayā</sanskrit>
		<indonesian>—disucikan sepenuhnya; </indonesian>
	</word>	<word>
		<sanskrit>yuktaḥ—</sanskrit>
		<indonesian>tekun;
</indonesian>
	</word>	<word>
		<sanskrit>dhṛtyā</sanskrit>
		<indonesian>—dengan ketabahan hati; </indonesian>
	</word>	<word>
		<sanskrit>ātmanām</sanskrit>
		<indonesian>—sang diri; </indonesian>
	</word>	<word>
		<sanskrit>niyamya</sanskrit>
		<indonesian>—mengatur;
</indonesian>
	</word>	<word>
		<sanskrit>ca—</sanskrit>
		<indonesian>juga; </indonesian>
	</word>	<word>
		<sanskrit>śabda-ādīn</sanskrit>
		<indonesian>—seperti suara; </indonesian>
	</word>	<word>
		<sanskrit>viṣayān—</sanskrit>
		<indonesian>obyek-obyek
indria; </indonesian>
	</word>	<word>
		<sanskrit>tyaktvā</sanskrit>
		<indonesian>—meninggalkan; </indonesian>
	</word>	<word>
		<sanskrit>rāga—</sanskrit>
		<indonesian>ikatan; </indonesian>
	</word>	<word>
		<sanskrit>dveṣau</sanskrit>
		<indonesian>—dan
rasa benci; </indonesian>
	</word>	<word>
		<sanskrit>vyudasya</sanskrit>
		<indonesian>—mengesampingkan; </indonesian>
	</word>	<word>
		<sanskrit>ca—</sanskrit>
		<indonesian>juga; </indonesian>
	</word>	<word>
		<sanskrit>vivikta-sevī</sanskrit>
		<indonesian>—tinggal
di tempat sunyi; </indonesian>
	</word>	<word>
		<sanskrit>laghu-āśī</sanskrit>
		<indonesian>—makan sedikit; </indonesian>
	</word>	<word>
		<sanskrit>yata—</sanskrit>
		<indonesian>setelah
mengendalikan; </indonesian>
	</word>	<word>
		<sanskrit>vāk—</sanskrit>
		<indonesian>pembicaraan; </indonesian>
	</word>	<word>
		<sanskrit>kāya—</sanskrit>
		<indonesian>badan; </indonesian>
	</word>	<word>
		<sanskrit>mānasaḥ</sanskrit>
		<indonesian>—dan
pikiran; </indonesian>
	</word>	<word>
		<sanskrit>dhyāna-yoga-paraḥ—</sanskrit>
		<indonesian>khusuk dalam semadi; </indonesian>
	</word>	<word>
		<sanskrit>nityam</sanskrit>
		<indonesian>—dua puluh
empat jam sehari; </indonesian>
	</word>	<word>
		<sanskrit>vairāgyam</sanskrit>
		<indonesian>—ketidakterikatan; </indonesian>
	</word>	<word>
		<sanskrit>samupāśritaḥ—</sanskrit>
		<indonesian>setelah
berlindung kepada; </indonesian>
	</word>	<word>
		<sanskrit>ahańkāram—</sanskrit>
		<indonesian>keakuan palsu; </indonesian>
	</word>	<word>
		<sanskrit>balam</sanskrit>
		<indonesian>—kekuatan palsu;
</indonesian>
	</word>	<word>
		<sanskrit>darpam</sanskrit>
		<indonesian>—rasa bangga yang palsu; </indonesian>
	</word>	<word>
		<sanskrit>kāmam</sanskrit>
		<indonesian>—hawa nafsu; </indonesian>
	</word>	<word>
		<sanskrit>krodham</sanskrit>
		<indonesian>—amarah;
</indonesian>
	</word>	<word>
		<sanskrit>parigraham—</sanskrit>
		<indonesian>dan penerimaan benda-benda material; </indonesian>
	</word>	<word>
		<sanskrit>vimucya</sanskrit>
		<indonesian>—dengan
diselamatkan dari; </indonesian>
	</word>	<word>
		<sanskrit>nirmamaḥ</sanskrit>
		<indonesian>—tanpa rasa memiliki sesuatu; </indonesian>
	</word>	<word>
		<sanskrit>śāntaḥ</sanskrit>
		<indonesian>—damai;
</indonesian>
	</word>	<word>
		<sanskrit>brahma-bhūyāya</sanskrit>
		<indonesian>—demi keinsafan diri; </indonesian>
	</word>	<word>
		<sanskrit>kalpate</sanskrit>
		<indonesian>—memiliki kwalifikasi.</indonesian>
	</word>	<word>
		<sanskrit>brahma-bhūtaḥ</sanskrit>
		<indonesian>—bersatu dengan Yang Mutlak; </indonesian>
	</word>	<word>
		<sanskrit>prasanna-ātmā</sanskrit>
		<indonesian>—riang
sepenuhnya; </indonesian>
	</word>	<word>
		<sanskrit>na—</sanskrit>
		<indonesian>tidak pernah; </indonesian>
	</word>	<word>
		<sanskrit>śocati</sanskrit>
		<indonesian>—menyesal; </indonesian>
	</word>	<word>
		<sanskrit>na—</sanskrit>
		<indonesian>tidak
pernah; </indonesian>
	</word>	<word>
		<sanskrit>kāńkṣati—</sanskrit>
		<indonesian>menginginkan; </indonesian>
	</word>	<word>
		<sanskrit>samaḥ</sanskrit>
		<indonesian>—bersikap yang sama; </indonesian>
	</word>	<word>
		<sanskrit>sarveṣu</sanskrit>
		<indonesian>—terhadap
semua; </indonesian>
	</word>	<word>
		<sanskrit>bhūteṣu</sanskrit>
		<indonesian>—makhluk hidup; </indonesian>
	</word>	<word>
		<sanskrit>mat-bhaktim</sanskrit>
		<indonesian>—bhakti-Ku; </indonesian>
	</word>	<word>
		<sanskrit>labhate—</sanskrit>
		<indonesian>memperoleh;
</indonesian>
	</word>	<word>
		<sanskrit>param—</sanskrit>
		<indonesian>rohani.</indonesian>
	</word>	<word>
		<sanskrit>bhaktyā</sanskrit>
		<indonesian>—oleh bhakti yang murni; </indonesian>
	</word>	<word>
		<sanskrit>mām—</sanskrit>
		<indonesian>Aku; </indonesian>
	</word>	<word>
		<sanskrit>abhijānāti</sanskrit>
		<indonesian>—seseorang
dapat mengetahui; </indonesian>
	</word>	<word>
		<sanskrit>yāvān—</sanskrit>
		<indonesian> sejauh mana; </indonesian>
	</word>	<word>
		<sanskrit>yaḥ ca asmi—</sanskrit>
		<indonesian>menurut
kedudukan-Ku yang sebenarnya; </indonesian>
	</word>	<word>
		<sanskrit>tattvataḥ</sanskrit>
		<indonesian>—dalam kebenaran; </indonesian>
	</word>	<word>
		<sanskrit>tataḥ—</sanskrit>
		<indonesian>sesudah
itu; </indonesian>
	</word>	<word>
		<sanskrit>mām—</sanskrit>
		<indonesian>Aku; </indonesian>
	</word>	<word>
		<sanskrit>tattvataḥ</sanskrit>
		<indonesian>—dalam kebenaran; </indonesian>
	</word>	<word>
		<sanskrit>jñātvā</sanskrit>
		<indonesian>—dengan
mengetahui; visate—ia memasuki; </indonesian>
	</word>	<word>
		<sanskrit>tat</sanskrit>
		<indonesian>-</indonesian>
	</word>	<word>
		<sanskrit>anantaram</sanskrit>
		<indonesian>—sesudah itu.</indonesian>
	</word>	<word>
		<sanskrit>sarva—</sanskrit>
		<indonesian>semua; </indonesian>
	</word>	<word>
		<sanskrit>karmaṇi</sanskrit>
		<indonesian>—kegiatan; </indonesian>
	</word>	<word>
		<sanskrit>api—</sanskrit>
		<indonesian>walaupun; </indonesian>
	</word>	<word>
		<sanskrit>sadā—</sanskrit>
		<indonesian>selalu;
</indonesian>
	</word>	<word>
		<sanskrit>kurvanaḥ—</sanskrit>
		<indonesian>melakukan; </indonesian>
	</word>	<word>
		<sanskrit>mat-vyapāśrayaḥ—</sanskrit>
		<indonesian>di bawah perlindungan-Ku; </indonesian>
	</word>	<word>
		<sanskrit>mat-prasādāt</sanskrit>
		<indonesian>—atas
karunia-Ku; </indonesian>
	</word>	<word>
		<sanskrit>avāpnoti—</sanskrit>
		<indonesian>seseorang mencapai; </indonesian>
	</word>	<word>
		<sanskrit>śāśvatam—</sanskrit>
		<indonesian>yang kekal; </indonesian>
	</word>	<word>
		<sanskrit>padam—</sanskrit>
		<indonesian>tempat
tinggal; </indonesian>
	</word>	<word>
		<sanskrit>avyayām—</sanskrit>
		<indonesian>tidak dapat dimusnahkan.</indonesian>
	</word>	<word>
		<sanskrit>cetasā</sanskrit>
		<indonesian>—oleh kecerdasan; </indonesian>
	</word>	<word>
		<sanskrit>sarva-karmaṇi</sanskrit>
		<indonesian>—segala jenis
kegiatan; </indonesian>
	</word>	<word>
		<sanskrit>mayi—</sanskrit>
		<indonesian>kepada-Ku; </indonesian>
	</word>	<word>
		<sanskrit>sannyasya—</sanskrit>
		<indonesian>meninggalkan; </indonesian>
	</word>	<word>
		<sanskrit>mat-paraḥ</sanskrit>
		<indonesian>—di
bawah perlindungan-Ku; </indonesian>
	</word>	<word>
		<sanskrit>buddhiyogam</sanskrit>
		<indonesian>—kegiatan bhakti; </indonesian>
	</word>	<word>
		<sanskrit>upāśritya</sanskrit>
		<indonesian>—berlindung
kepada; </indonesian>
	</word>	<word>
		<sanskrit>mat-cittaḥ—</sanskrit>
		<indonesian>sadar kepada-Ku; </indonesian>
	</word>	<word>
		<sanskrit>satatam—</sanskrit>
		<indonesian>selama dua puluh
empat jam sehari; </indonesian>
	</word>	<word>
		<sanskrit>bhava</sanskrit>
		<indonesian>—jadilah.</indonesian>
	</word>	<word>
		<sanskrit>mat—</sanskrit>
		<indonesian>dari-Ku; </indonesian>
	</word>	<word>
		<sanskrit>cittaḥ—</sanskrit>
		<indonesian>menjadi sadar; </indonesian>
	</word>	<word>
		<sanskrit>sarva—</sanskrit>
		<indonesian>semuanya; </indonesian>
	</word>	<word>
		<sanskrit>durgāṇi</sanskrit>
		<indonesian>—rintangan;
</indonesian>
	</word>	<word>
		<sanskrit>mat-prasādāt</sanskrit>
		<indonesian>—atas karunia-Ku; </indonesian>
	</word>	<word>
		<sanskrit>tariṣyasi</sanskrit>
		<indonesian>—engkau akan mengatasi; </indonesian>
	</word>	<word>
		<sanskrit>atha</sanskrit>
		<indonesian>—tetapi;
</indonesian>
	</word>	<word>
		<sanskrit>cet—</sanskrit>
		<indonesian>kalau; </indonesian>
	</word>	<word>
		<sanskrit>tvām</sanskrit>
		<indonesian>—engkau; </indonesian>
	</word>	<word>
		<sanskrit>ahańkārat</sanskrit>
		<indonesian>—oleh keakuan palsu; </indonesian>
	</word>	<word>
		<sanskrit>na
śroṣyasi</sanskrit>
		<indonesian>—tidak mendengar; </indonesian>
	</word>	<word>
		<sanskrit>vinańkṣyasi</sanskrit>
		<indonesian>—engkau akan hilang.</indonesian>
	</word>	<word>
		<sanskrit>yat—</sanskrit>
		<indonesian>jika; </indonesian>
	</word>	<word>
		<sanskrit>ahańkāram—</sanskrit>
		<indonesian>dari keakuan palsu; </indonesian>
	</word>	<word>
		<sanskrit>āśritya</sanskrit>
		<indonesian>—berlindung;
</indonesian>
	</word>	<word>
		<sanskrit>na yotsye</sanskrit>
		<indonesian>—aku tidak akan bertempur; </indonesian>
	</word>	<word>
		<sanskrit>iti—</sanskrit>
		<indonesian>demikian; </indonesian>
	</word>	<word>
		<sanskrit>manyase</sanskrit>
		<indonesian>—engkau
berpikir; </indonesian>
	</word>	<word>
		<sanskrit>mithyā eṣaḥ—</sanskrit>
		<indonesian>ini semua palsu; </indonesian>
	</word>	<word>
		<sanskrit>vyavasāyaḥ—</sanskrit>
		<indonesian>ketabahan
hati; </indonesian>
	</word>	<word>
		<sanskrit>te—</sanskrit>
		<indonesian>milikmu; </indonesian>
	</word>	<word>
		<sanskrit>prakṛtiḥ</sanskrit>
		<indonesian>—alam material; </indonesian>
	</word>	<word>
		<sanskrit>tvām</sanskrit>
		<indonesian>—engkau; </indonesian>
	</word>	<word>
		<sanskrit>niyokṣyati</sanskrit>
		<indonesian>—akan
menjadikan sibuk.</indonesian>
	</word>	<word>
		<sanskrit>svabhāva-jena—</sanskrit>
		<indonesian>dilahirkan dari sifatmu sendiri; </indonesian>
	</word>	<word>
		<sanskrit>kaunteya</sanskrit>
		<indonesian>—wahai
putera </indonesian>
	</word>	<word>
		<sanskrit>Kuntī</sanskrit>
		<indonesian> ; </indonesian>
	</word>	<word>
		<sanskrit>nibaddhaḥ</sanskrit>
		<indonesian>—terikat; </indonesian>
	</word>	<word>
		<sanskrit>svena—</sanskrit>
		<indonesian>oleh milik anda
sendiri; </indonesian>
	</word>	<word>
		<sanskrit>karmaṇā—</sanskrit>
		<indonesian>kegiatan; </indonesian>
	</word>	<word>
		<sanskrit>kartum—</sanskrit>
		<indonesian>melakukan; </indonesian>
	</word>	<word>
		<sanskrit>na—</sanskrit>
		<indonesian>tidak; </indonesian>
	</word>	<word>
		<sanskrit>icchasi</sanskrit>
		<indonesian>—engkau
suka; </indonesian>
	</word>	<word>
		<sanskrit>yat—</sanskrit>
		<indonesian>itu yang; </indonesian>
	</word>	<word>
		<sanskrit>mohāt</sanskrit>
		<indonesian>—oleh khayalan; </indonesian>
	</word>	<word>
		<sanskrit>kariṣyasi</sanskrit>
		<indonesian>—engkau
akan berbuat; </indonesian>
	</word>	<word>
		<sanskrit>avāsaḥ</sanskrit>
		<indonesian>—tidak dengan sukarela; </indonesian>
	</word>	<word>
		<sanskrit>api—</sanskrit>
		<indonesian>walaupun; </indonesian>
	</word>	<word>
		<sanskrit>tat—</sanskrit>
		<indonesian>itu.</indonesian>
	</word>	<word>
		<sanskrit>īśvaraḥ</sanskrit>
		<indonesian>—Tuhan Yang Maha Esa; </indonesian>
	</word>	<word>
		<sanskrit>sarva-bhūtānām</sanskrit>
		<indonesian>—terhadap semua
makhluk hidup; </indonesian>
	</word>	<word>
		<sanskrit>hṛt-deśe—</sanskrit>
		<indonesian>di sekitar jantung; </indonesian>
	</word>	<word>
		<sanskrit>Arjuna—</sanskrit>
		<indonesian>wahai </indonesian>
	</word>	<word>
		<sanskrit>Arjuna</sanskrit>
		<indonesian>;
</indonesian>
	</word>	<word>
		<sanskrit>tiṣṭhati</sanskrit>
		<indonesian>—tinggal di; </indonesian>
	</word>	<word>
		<sanskrit>bhrāmayā</sanskrit>
		<indonesian>—menyebabkan berjalan; </indonesian>
	</word>	<word>
		<sanskrit>sarva-bhūtāni</sanskrit>
		<indonesian>—semua
makhluk hidup; </indonesian>
	</word>	<word>
		<sanskrit>yantra</sanskrit>
		<indonesian>—pada sebuah mesin; </indonesian>
	</word>	<word>
		<sanskrit>ārūḍhani</sanskrit>
		<indonesian>—dengan
ditempatkan; </indonesian>
	</word>	<word>
		<sanskrit>māyayā</sanskrit>
		<indonesian>—di bawah pesona tenaga material.</indonesian>
	</word>	<word>
		<sanskrit>tam—</sanskrit>
		<indonesian>kepada Beliau; </indonesian>
	</word>	<word>
		<sanskrit>evā—</sanskrit>
		<indonesian>pasti; </indonesian>
	</word>	<word>
		<sanskrit>śaraṇam</sanskrit>
		<indonesian> </indonesian>
	</word>	<word>
		<sanskrit>gaccha</sanskrit>
		<indonesian>—serahkan
diri; </indonesian>
	</word>	<word>
		<sanskrit>sarva-bhāvena—</sanskrit>
		<indonesian>dalam segala hal; </indonesian>
	</word>	<word>
		<sanskrit>bhārata</sanskrit>
		<indonesian>—wahai putera </indonesian>
	</word>	<word>
		<sanskrit>Bhārata
</sanskrit>
		<indonesian>; </indonesian>
	</word>	<word>
		<sanskrit>tat-prasādāt</sanskrit>
		<indonesian>—atas karunia Beliau; </indonesian>
	</word>	<word>
		<sanskrit>param—</sanskrit>
		<indonesian>rohani; </indonesian>
	</word>	<word>
		<sanskrit>śāntim—</sanskrit>
		<indonesian>kedamaian;
</indonesian>
	</word>	<word>
		<sanskrit>sthānam</sanskrit>
		<indonesian>—tempat tinggal; </indonesian>
	</word>	<word>
		<sanskrit>prāpsyasi</sanskrit>
		<indonesian>—engkau akan memperoleh; </indonesian>
	</word>	<word>
		<sanskrit>śāśvatam—</sanskrit>
		<indonesian>kekal.</indonesian>
	</word>	<word>
		<sanskrit>iti—</sanskrit>
		<indonesian>demikianlah; </indonesian>
	</word>	<word>
		<sanskrit>te—</sanskrit>
		<indonesian>kepadamu; </indonesian>
	</word>	<word>
		<sanskrit>jñānam</sanskrit>
		<indonesian>—pengetahuan; </indonesian>
	</word>	<word>
		<sanskrit>ākhyātam—</sanskrit>
		<indonesian>diuraikan;
</indonesian>
	</word>	<word>
		<sanskrit>guhyāt—</sanskrit>
		<indonesian>daripada rahasia; </indonesian>
	</word>	<word>
		<sanskrit>guhya-taram</sanskrit>
		<indonesian>—lebih rahasia lagi; </indonesian>
	</word>	<word>
		<sanskrit>mayā—</sanskrit>
		<indonesian>oleh-Ku;
</indonesian>
	</word>	<word>
		<sanskrit>vimṛśya</sanskrit>
		<indonesian>—mempertimbangkan; </indonesian>
	</word>	<word>
		<sanskrit>etat—</sanskrit>
		<indonesian>pada ini; </indonesian>
	</word>	<word>
		<sanskrit>aśeṣeṇa—</sanskrit>
		<indonesian>sepenuhnya;
</indonesian>
	</word>	<word>
		<sanskrit>yathā—</sanskrit>
		<indonesian>sebagai; </indonesian>
	</word>	<word>
		<sanskrit>icchasi</sanskrit>
		<indonesian>—engkau suka; </indonesian>
	</word>	<word>
		<sanskrit>tathā—</sanskrit>
		<indonesian>itu; </indonesian>
	</word>	<word>
		<sanskrit>kuru—</sanskrit>
		<indonesian>lakukan.</indonesian>
	</word>	<word>
		<sanskrit>sarva-guhya-tamam—</sanskrit>
		<indonesian>paling rahasia dari semuanya; </indonesian>
	</word>	<word>
		<sanskrit>bhūyaḥ</sanskrit>
		<indonesian>—ini
lagi; </indonesian>
	</word>	<word>
		<sanskrit>śṛṇu—</sanskrit>
		<indonesian>hanya mendengar; </indonesian>
	</word>	<word>
		<sanskrit>me—</sanskrit>
		<indonesian>Diri-Ku; </indonesian>
	</word>	<word>
		<sanskrit>paramam—</sanskrit>
		<indonesian>Yang
Mahakuasa; </indonesian>
	</word>	<word>
		<sanskrit>vacaḥ</sanskrit>
		<indonesian>—pelajaran; istah </indonesian>
	</word>	<word>
		<sanskrit>asi—</sanskrit>
		<indonesian>engkau tercinta; </indonesian>
	</word>	<word>
		<sanskrit>me—</sanskrit>
		<indonesian>kepada-Ku;
</indonesian>
	</word>	<word>
		<sanskrit>dṛḍham</sanskrit>
		<indonesian>—sangat; </indonesian>
	</word>	<word>
		<sanskrit>iti—</sanskrit>
		<indonesian>demikian; </indonesian>
	</word>	<word>
		<sanskrit>tataḥ—</sanskrit>
		<indonesian>karena itu; </indonesian>
	</word>	<word>
		<sanskrit>vakṣyāmi</sanskrit>
		<indonesian>—Aku
bersabda; </indonesian>
	</word>	<word>
		<sanskrit>te—</sanskrit>
		<indonesian>untuk milikmu; </indonesian>
	</word>	<word>
		<sanskrit>hitam—</sanskrit>
		<indonesian>manfaat.</indonesian>
	</word>	<word>
		<sanskrit>mat-manāḥ</sanskrit>
		<indonesian>—berpikir tentang-Ku; </indonesian>
	</word>	<word>
		<sanskrit>bhava</sanskrit>
		<indonesian>—hanya menjadi; </indonesian>
	</word>	<word>
		<sanskrit>mat-bhaktaḥ</sanskrit>
		<indonesian>—penyembah-Ku;
</indonesian>
	</word>	<word>
		<sanskrit>mat-yājī</sanskrit>
		<indonesian>—orang yang sembahyang kepada-Ku; </indonesian>
	</word>	<word>
		<sanskrit>mām—</sanskrit>
		<indonesian>kepada-Ku; </indonesian>
	</word>	<word>
		<sanskrit>namaskuru—</sanskrit>
		<indonesian>menghaturkan
sembah sujudmu; </indonesian>
	</word>	<word>
		<sanskrit>mām—</sanskrit>
		<indonesian>kepada-Ku; </indonesian>
	</word>	<word>
		<sanskrit>evā—</sanskrit>
		<indonesian>pasti; </indonesian>
	</word>	<word>
		<sanskrit>eṣyasi—</sanskrit>
		<indonesian>engkau
akan datang; </indonesian>
	</word>	<word>
		<sanskrit>satyam—</sanskrit>
		<indonesian>sungguh; </indonesian>
	</word>	<word>
		<sanskrit>te—</sanskrit>
		<indonesian>kepadamu; </indonesian>
	</word>	<word>
		<sanskrit>pratijāne</sanskrit>
		<indonesian>—Aku
berjanji; </indonesian>
	</word>	<word>
		<sanskrit>priyaḥ—</sanskrit>
		<indonesian>tercinta; </indonesian>
	</word>	<word>
		<sanskrit>asi—</sanskrit>
		<indonesian>engkau adalah; </indonesian>
	</word>	<word>
		<sanskrit>me—</sanskrit>
		<indonesian>bagi-Ku.</indonesian>
	</word>	<word>
		<sanskrit>sarva-dharmān</sanskrit>
		<indonesian>—segala jenis dharma; </indonesian>
	</word>	<word>
		<sanskrit>parityajya</sanskrit>
		<indonesian>—tinggalkanlah; </indonesian>
	</word>	<word>
		<sanskrit>mām—</sanskrit>
		<indonesian>kepada-Ku;
</indonesian>
	</word>	<word>
		<sanskrit>ekam—</sanskrit>
		<indonesian>hanya; </indonesian>
	</word>	<word>
		<sanskrit>śaraṇam</sanskrit>
		<indonesian>—untuk penyerahan diri; </indonesian>
	</word>	<word>
		<sanskrit>vrājā</sanskrit>
		<indonesian>—pergi; </indonesian>
	</word>	<word>
		<sanskrit>aham—</sanskrit>
		<indonesian>Aku;
</indonesian>
	</word>	<word>
		<sanskrit>tvām</sanskrit>
		<indonesian>—engkau; </indonesian>
	</word>	<word>
		<sanskrit>sarva—</sanskrit>
		<indonesian>semua; </indonesian>
	</word>	<word>
		<sanskrit>pāpebhyaḥ—</sanskrit>
		<indonesian>dari reaksi-reaksi
dosa; </indonesian>
	</word>	<word>
		<sanskrit>mokṣayiṣyāmi</sanskrit>
		<indonesian>—akan menyelamatkan; </indonesian>
	</word>	<word>
		<sanskrit>mā—</sanskrit>
		<indonesian>jangan; </indonesian>
	</word>	<word>
		<sanskrit>śucaḥ</sanskrit>
		<indonesian>—khawatir.</indonesian>
	</word>	<word>
		<sanskrit>idam—</sanskrit>
		<indonesian>ini; </indonesian>
	</word>	<word>
		<sanskrit>te—</sanskrit>
		<indonesian>oleh engkau; </indonesian>
	</word>	<word>
		<sanskrit>na—</sanskrit>
		<indonesian>tidak pernah; </indonesian>
	</word>	<word>
		<sanskrit>atapaskāya—</sanskrit>
		<indonesian>kepada
orang yang tidak bertapa; </indonesian>
	</word>	<word>
		<sanskrit>na—</sanskrit>
		<indonesian>tidak pernah; </indonesian>
	</word>	<word>
		<sanskrit>abhaktāya</sanskrit>
		<indonesian>—kepada orang
yang bukan penyembah; </indonesian>
	</word>	<word>
		<sanskrit>kadācana—</sanskrit>
		<indonesian>pada suatu waktu; </indonesian>
	</word>	<word>
		<sanskrit>na—</sanskrit>
		<indonesian>tidak pernah;
</indonesian>
	</word>	<word>
		<sanskrit>ca—</sanskrit>
		<indonesian>juga; </indonesian>
	</word>	<word>
		<sanskrit>aśuśrūṣave</sanskrit>
		<indonesian>—kepada orang yang tidak menekuni bhakti; </indonesian>
	</word>	<word>
		<sanskrit>vācyam</sanskrit>
		<indonesian>—untuk
dikatakan; </indonesian>
	</word>	<word>
		<sanskrit>na—</sanskrit>
		<indonesian>tidak pernah; </indonesian>
	</word>	<word>
		<sanskrit>ca—</sanskrit>
		<indonesian>juga; </indonesian>
	</word>	<word>
		<sanskrit>mām—</sanskrit>
		<indonesian>menuju-Ku; </indonesian>
	</word>	<word>
		<sanskrit>yaḥ—</sanskrit>
		<indonesian>siapapun
yang; </indonesian>
	</word>	<word>
		<sanskrit>abhyasūyati—</sanskrit>
		<indonesian>iri hati.</indonesian>
	</word>	<word>
		<sanskrit>yaḥ—</sanskrit>
		<indonesian>siapapun; </indonesian>
	</word>	<word>
		<sanskrit>idam—</sanskrit>
		<indonesian>ini; </indonesian>
	</word>	<word>
		<sanskrit>paramam—</sanskrit>
		<indonesian>paling; </indonesian>
	</word>	<word>
		<sanskrit>guhyam</sanskrit>
		<indonesian>—rahasia;
</indonesian>
	</word>	<word>
		<sanskrit>mat—</sanskrit>
		<indonesian>milik-Ku; </indonesian>
	</word>	<word>
		<sanskrit>bhakteṣu</sanskrit>
		<indonesian>—di kalangan para penyembah; </indonesian>
	</word>	<word>
		<sanskrit>abhidhāsyāti</sanskrit>
		<indonesian>—menjelaskan;
</indonesian>
	</word>	<word>
		<sanskrit>bhaktim</sanskrit>
		<indonesian>—pengabdian suci bhakti; </indonesian>
	</word>	<word>
		<sanskrit>mayi—</sanskrit>
		<indonesian>kepada-Ku; </indonesian>
	</word>	<word>
		<sanskrit>param—</sanskrit>
		<indonesian>rohani;
</indonesian>
	</word>	<word>
		<sanskrit>kṛtvā</sanskrit>
		<indonesian>—melakukan; </indonesian>
	</word>	<word>
		<sanskrit>mām—</sanskrit>
		<indonesian>kepada-Ku; </indonesian>
	</word>	<word>
		<sanskrit>evā—</sanskrit>
		<indonesian>pasti; </indonesian>
	</word>	<word>
		<sanskrit>esyāti</sanskrit>
		<indonesian>—menjadi;
</indonesian>
	</word>	<word>
		<sanskrit>asaḿśayaḥ—</sanskrit>
		<indonesian>tanpa ragu</indonesian>
	</word>	<word>
		<sanskrit>na—</sanskrit>
		<indonesian>tidak pernah; </indonesian>
	</word>	<word>
		<sanskrit>ca—</sanskrit>
		<indonesian>dan; </indonesian>
	</word>	<word>
		<sanskrit>tasmāt—</sanskrit>
		<indonesian>daripada dia; </indonesian>
	</word>	<word>
		<sanskrit>manuṣyeṣu</sanskrit>
		<indonesian>—di
antara manusia; </indonesian>
	</word>	<word>
		<sanskrit>kaścit</sanskrit>
		<indonesian>—siapapun; </indonesian>
	</word>	<word>
		<sanskrit>me—</sanskrit>
		<indonesian>kepada-Ku; </indonesian>
	</word>	<word>
		<sanskrit>priya-kṛt-tamaḥ</sanskrit>
		<indonesian>—lebih
dicintai; </indonesian>
	</word>	<word>
		<sanskrit>bhavitā</sanskrit>
		<indonesian>—akan menjadi; </indonesian>
	</word>	<word>
		<sanskrit>na—</sanskrit>
		<indonesian>tidak juga; </indonesian>
	</word>	<word>
		<sanskrit>ca—</sanskrit>
		<indonesian>dan; </indonesian>
	</word>	<word>
		<sanskrit>me—</sanskrit>
		<indonesian>kepada-Ku;
</indonesian>
	</word>	<word>
		<sanskrit>tasmāt—</sanskrit>
		<indonesian>daripada dia; </indonesian>
	</word>	<word>
		<sanskrit>anyaḥ</sanskrit>
		<indonesian>—lain; </indonesian>
	</word>	<word>
		<sanskrit>priya-taraḥ</sanskrit>
		<indonesian>—lebih
dicintai; </indonesian>
	</word>	<word>
		<sanskrit>bhuvi</sanskrit>
		<indonesian>—di dunia ini.</indonesian>
	</word>	<word>
		<sanskrit>adhyeṣyate</sanskrit>
		<indonesian>—mempelajari; </indonesian>
	</word>	<word>
		<sanskrit>ca—</sanskrit>
		<indonesian>juga; </indonesian>
	</word>	<word>
		<sanskrit>yaḥ—</sanskrit>
		<indonesian>dia yang; </indonesian>
	</word>	<word>
		<sanskrit>imām—</sanskrit>
		<indonesian>ini;
</indonesian>
	</word>	<word>
		<sanskrit>dharmyam</sanskrit>
		<indonesian>—suci; </indonesian>
	</word>	<word>
		<sanskrit>saḿvādam</sanskrit>
		<indonesian>—percakapan; </indonesian>
	</word>	<word>
		<sanskrit>avāyoḥ—</sanskrit>
		<indonesian>milik kita; </indonesian>
	</word>	<word>
		<sanskrit>jñāna</sanskrit>
		<indonesian>—tentang
pengetahuan; </indonesian>
	</word>	<word>
		<sanskrit>yajñena—</sanskrit>
		<indonesian>oleh korban suci; </indonesian>
	</word>	<word>
		<sanskrit>tena—</sanskrit>
		<indonesian>oleh dia; </indonesian>
	</word>	<word>
		<sanskrit>aham—</sanskrit>
		<indonesian>Aku;
</indonesian>
	</word>	<word>
		<sanskrit>iṣṭaḥ</sanskrit>
		<indonesian>—disembah; </indonesian>
	</word>	<word>
		<sanskrit>syām—</sanskrit>
		<indonesian>akan; </indonesian>
	</word>	<word>
		<sanskrit>iti—</sanskrit>
		<indonesian>demikian; </indonesian>
	</word>	<word>
		<sanskrit>me—</sanskrit>
		<indonesian>milik-Ku;
</indonesian>
	</word>	<word>
		<sanskrit>matiḥ</sanskrit>
		<indonesian>—pendapat.</indonesian>
	</word>	<word>
		<sanskrit>śraddhā-vān</sanskrit>
		<indonesian>—yang yakin; </indonesian>
	</word>	<word>
		<sanskrit>anasūyaḥ—</sanskrit>
		<indonesian>tidak iri; </indonesian>
	</word>	<word>
		<sanskrit>ca—</sanskrit>
		<indonesian>dan; </indonesian>
	</word>	<word>
		<sanskrit>śṛṇuyāt—</sanskrit>
		<indonesian>mendengar;
</indonesian>
	</word>	<word>
		<sanskrit>api—</sanskrit>
		<indonesian>pasti; </indonesian>
	</word>	<word>
		<sanskrit>yaḥ—</sanskrit>
		<indonesian>yang; </indonesian>
	</word>	<word>
		<sanskrit>naraḥ—</sanskrit>
		<indonesian>seseorang; </indonesian>
	</word>	<word>
		<sanskrit>saḥ—</sanskrit>
		<indonesian>dia; </indonesian>
	</word>	<word>
		<sanskrit>api—</sanskrit>
		<indonesian>juga;
</indonesian>
	</word>	<word>
		<sanskrit>muktaḥ</sanskrit>
		<indonesian>—dengan dibebaskan; </indonesian>
	</word>	<word>
		<sanskrit>śubhān</sanskrit>
		<indonesian>—yang sangat menguntungkan; </indonesian>
	</word>	<word>
		<sanskrit>lokān</sanskrit>
		<indonesian>—planet-planet;
</indonesian>
	</word>	<word>
		<sanskrit>prāpnuyāt—</sanskrit>
		<indonesian>dia akan mencapai; </indonesian>
	</word>	<word>
		<sanskrit>puṇya-karmaṇām</sanskrit>
		<indonesian>—milik orang saleh.</indonesian>
	</word>	<word>
		<sanskrit>kaccit</sanskrit>
		<indonesian>—apakah; </indonesian>
	</word>	<word>
		<sanskrit>etat—</sanskrit>
		<indonesian>ini; </indonesian>
	</word>	<word>
		<sanskrit>śrutam—</sanskrit>
		<indonesian>didengar; </indonesian>
	</word>	<word>
		<sanskrit>pārtha</sanskrit>
		<indonesian>—wahai
putera </indonesian>
	</word>	<word>
		<sanskrit>Pṛthā</sanskrit>
		<indonesian>; </indonesian>
	</word>	<word>
		<sanskrit>tvayā—</sanskrit>
		<indonesian>oleh engkau; </indonesian>
	</word>	<word>
		<sanskrit>eka-agreṇa—</sanskrit>
		<indonesian>dengan
perhatian penuh; </indonesian>
	</word>	<word>
		<sanskrit>cetasā</sanskrit>
		<indonesian>—oleh pikiran; </indonesian>
	</word>	<word>
		<sanskrit>kaccit</sanskrit>
		<indonesian>—apakah; </indonesian>
	</word>	<word>
		<sanskrit>ajñāna</sanskrit>
		<indonesian>—mengenai
kebodohan; </indonesian>
	</word>	<word>
		<sanskrit>sammohaḥ</sanskrit>
		<indonesian>—khayalan; </indonesian>
	</word>	<word>
		<sanskrit>praṇaṣṭaḥ</sanskrit>
		<indonesian>—dihilangkan; </indonesian>
	</word>	<word>
		<sanskrit>te—</sanskrit>
		<indonesian>dari
engkau; </indonesian>
	</word>	<word>
		<sanskrit>dhanañjaya</sanskrit>
		<indonesian>—wahai perebut kekayaan (</indonesian>
	</word>	<word>
		<sanskrit>Arjuna</sanskrit>
		<indonesian>).</indonesian>
	</word>	<word>
		<sanskrit>Arjunaḥ uvāca—</sanskrit>
		<indonesian>Arjuna berkata; </indonesian>
	</word>	<word>
		<sanskrit>naṣṭaḥ</sanskrit>
		<indonesian>—dihilangkan; </indonesian>
	</word>	<word>
		<sanskrit>mohaḥ—</sanskrit>
		<indonesian>khayalan;</indonesian>
	</word>	<word>
		<sanskrit>smṛtiḥ</sanskrit>
		<indonesian>—ingatan;
</indonesian>
	</word>	<word>
		<sanskrit>labdhā</sanskrit>
		<indonesian>—diperoleh kembali; </indonesian>
	</word>	<word>
		<sanskrit>tvat-prasādāt</sanskrit>
		<indonesian>—atas karunia Mu; </indonesian>
	</word>	<word>
		<sanskrit>mayā</sanskrit>
		<indonesian>—oleh
hamba; </indonesian>
	</word>	<word>
		<sanskrit>acyuta—</sanskrit>
		<indonesian>o Krishna yang tidak pernah gagal; </indonesian>
	</word>	<word>
		<sanskrit>sthitāḥ</sanskrit>
		<indonesian>—mantap;
</indonesian>
	</word>	<word>
		<sanskrit>asmi—</sanskrit>
		<indonesian>hamba adalah; </indonesian>
	</word>	<word>
		<sanskrit>gata—</sanskrit>
		<indonesian>dihilangkan; </indonesian>
	</word>	<word>
		<sanskrit>sandehaḥ</sanskrit>
		<indonesian>—segala
keragu-raguan; </indonesian>
	</word>	<word>
		<sanskrit>kariṣye</sanskrit>
		<indonesian>—Aku akan melaksanakan; </indonesian>
	</word>	<word>
		<sanskrit>vacanam</sanskrit>
		<indonesian>—perintah; </indonesian>
	</word>	<word>
		<sanskrit>tavā—</sanskrit>
		<indonesian>milikMu.</indonesian>
	</word>	<word>
		<sanskrit>sañjayaḥ uvāca—</sanskrit>
		<indonesian>Sañjaya berkata; </indonesian>
	</word>	<word>
		<sanskrit>iti—</sanskrit>
		<indonesian>demikian; </indonesian>
	</word>	<word>
		<sanskrit>aham—</sanskrit>
		<indonesian>Aku;
</indonesian>
	</word>	<word>
		<sanskrit>vāsudevasya—</sanskrit>
		<indonesian>milik Krishna; </indonesian>
	</word>	<word>
		<sanskrit>pārthasya</sanskrit>
		<indonesian>—milik </indonesian>
	</word>	<word>
		<sanskrit>Arjuna</sanskrit>
		<indonesian>; </indonesian>
	</word>	<word>
		<sanskrit>ca—</sanskrit>
		<indonesian>juga;
</indonesian>
	</word>	<word>
		<sanskrit>mahā-ātmānaḥ</sanskrit>
		<indonesian>—dari roh yang mulia; </indonesian>
	</word>	<word>
		<sanskrit>saḿvādam</sanskrit>
		<indonesian>—diskusi; </indonesian>
	</word>	<word>
		<sanskrit>imām—</sanskrit>
		<indonesian>ini;
</indonesian>
	</word>	<word>
		<sanskrit>aśrauṣam</sanskrit>
		<indonesian>—sudah mendengar; </indonesian>
	</word>	<word>
		<sanskrit>adbhutam—</sanskrit>
		<indonesian>ajaib; </indonesian>
	</word>	<word>
		<sanskrit>roma-harṣaṇam</sanskrit>
		<indonesian>—membuat
bulu roma berdiri.</indonesian>
	</word>	<word>
		<sanskrit>vyāsa-prasādāt</sanskrit>
		<indonesian>—atas karunia; </indonesian>
	</word>	<word>
		<sanskrit>śrutavān—</sanskrit>
		<indonesian>sudah mendengar; </indonesian>
	</word>	<word>
		<sanskrit>etat—</sanskrit>
		<indonesian>ini;
</indonesian>
	</word>	<word>
		<sanskrit>guhyam—</sanskrit>
		<indonesian>rahasia; </indonesian>
	</word>	<word>
		<sanskrit>aham—</sanskrit>
		<indonesian>Aku; </indonesian>
	</word>	<word>
		<sanskrit>param—</sanskrit>
		<indonesian>paling utama; </indonesian>
	</word>	<word>
		<sanskrit>yogam</sanskrit>
		<indonesian>—kebatinan;
</indonesian>
	</word>	<word>
		<sanskrit>yoga-īśvarat</sanskrit>
		<indonesian>—dari penguasa segala kebatinan; </indonesian>
	</word>	<word>
		<sanskrit>kṛṣṇat</sanskrit>
		<indonesian>—datang
dari Krishna; </indonesian>
	</word>	<word>
		<sanskrit>sākṣāt</sanskrit>
		<indonesian>—langsung; </indonesian>
	</word>	<word>
		<sanskrit>kathayataḥ—</sanskrit>
		<indonesian>bersabda; </indonesian>
	</word>	<word>
		<sanskrit>svayam—</sanskrit>
		<indonesian>secara
pribadi.</indonesian>
	</word>	<word>
		<sanskrit>rājan</sanskrit>
		<indonesian>—O Raja; </indonesian>
	</word>	<word>
		<sanskrit>saḿsmṛtya</sanskrit>
		<indonesian>—ingat; </indonesian>
	</word>	<word>
		<sanskrit>saḿsmṛtya</sanskrit>
		<indonesian>—ingat; </indonesian>
	</word>	<word>
		<sanskrit>saḿvādam</sanskrit>
		<indonesian>—amanat;
</indonesian>
	</word>	<word>
		<sanskrit>imām—</sanskrit>
		<indonesian>ini; </indonesian>
	</word>	<word>
		<sanskrit>adbhutam—</sanskrit>
		<indonesian>ajaib; </indonesian>
	</word>	<word>
		<sanskrit>keśava—</sanskrit>
		<indonesian>dari Sri Krishna; </indonesian>
	</word>	<word>
		<sanskrit>Arjunayoḥ</sanskrit>
		<indonesian>—dan
</indonesian>
	</word>	<word>
		<sanskrit>Arjuna</sanskrit>
		<indonesian>; </indonesian>
	</word>	<word>
		<sanskrit>puṇyam</sanskrit>
		<indonesian>—saleh; </indonesian>
	</word>	<word>
		<sanskrit>hṛṣyāmi</sanskrit>
		<indonesian>—aku senang; </indonesian>
	</word>	<word>
		<sanskrit>ca—</sanskrit>
		<indonesian>juga;
</indonesian>
	</word>	<word>
		<sanskrit>muhuḥ muhuḥ</sanskrit>
		<indonesian>—berulang kali.</indonesian>
	</word>	<word>
		<sanskrit>tat—</sanskrit>
		<indonesian>itu; </indonesian>
	</word>	<word>
		<sanskrit>ca—</sanskrit>
		<indonesian>juga; </indonesian>
	</word>	<word>
		<sanskrit>saḿsmṛtya</sanskrit>
		<indonesian>—ingat; </indonesian>
	</word>	<word>
		<sanskrit>saḿsmṛtya</sanskrit>
		<indonesian>—ingat;
</indonesian>
	</word>	<word>
		<sanskrit>rūpam—</sanskrit>
		<indonesian>bentuk; </indonesian>
	</word>	<word>
		<sanskrit>ati—</sanskrit>
		<indonesian>secara besar; </indonesian>
	</word>	<word>
		<sanskrit>adbhutam—</sanskrit>
		<indonesian>ajaib; </indonesian>
	</word>	<word>
		<sanskrit>hareḥ</sanskrit>
		<indonesian>—milik
Sri Krishna; </indonesian>
	</word>	<word>
		<sanskrit>vismayāḥ</sanskrit>
		<indonesian>—terharu; </indonesian>
	</word>	<word>
		<sanskrit>me—</sanskrit>
		<indonesian>milik saya; </indonesian>
	</word>	<word>
		<sanskrit>mahān—</sanskrit>
		<indonesian>mulia;
</indonesian>
	</word>	<word>
		<sanskrit>rājan</sanskrit>
		<indonesian>—wahai Baginda Raja; </indonesian>
	</word>	<word>
		<sanskrit>hṛṣyāmi</sanskrit>
		<indonesian>—aku sedang menikmati; </indonesian>
	</word>	<word>
		<sanskrit>ca—</sanskrit>
		<indonesian>juga;
</indonesian>
	</word>	<word>
		<sanskrit>punaḥ punaḥ—</sanskrit>
		<indonesian>berulangkali.</indonesian>
	</word>	<word>
		<sanskrit>yātrā—</sanskrit>
		<indonesian>di mana; </indonesian>
	</word>	<word>
		<sanskrit>yoga-īśvaraḥ</sanskrit>
		<indonesian>—penguasa kebatinan; </indonesian>
	</word>	<word>
		<sanskrit>kṛṣṇah</sanskrit>
		<indonesian>—Sri
Krishna; </indonesian>
	</word>	<word>
		<sanskrit>yatra—</sanskrit>
		<indonesian>di mana; </indonesian>
	</word>	<word>
		<sanskrit>pārthah</sanskrit>
		<indonesian>—putera </indonesian>
	</word>	<word>
		<sanskrit>Pṛthā</sanskrit>
		<indonesian>; </indonesian>
	</word>	<word>
		<sanskrit>dhanuḥ-dharaḥ</sanskrit>
		<indonesian>—pembawa
busur dan anak panah; </indonesian>
	</word>	<word>
		<sanskrit>tatra—</sanskrit>
		<indonesian>di sana; </indonesian>
	</word>	<word>
		<sanskrit>śrīḥ—</sanskrit>
		<indonesian>kekayaan; </indonesian>
	</word>	<word>
		<sanskrit>vijayaḥ—</sanskrit>
		<indonesian>kejayaan;
</indonesian>
	</word>	<word>
		<sanskrit>bhūtiḥ</sanskrit>
		<indonesian>—kekuatan luar biasa; </indonesian>
	</word>	<word>
		<sanskrit>dhruvā</sanskrit>
		<indonesian>—pasti; </indonesian>
	</word>	<word>
		<sanskrit>nītiḥ—</sanskrit>
		<indonesian>moralitas;
</indonesian>
	</word>	<word>
		<sanskrit>matiḥ mama—</sanskrit>
		<indonesian>pendapat saya.</indonesian>
	</word></root>