<?xml version="1.0" encoding="UTF-8"?>
<root>	<word>
		<sanskrit>Śrī-bhagavān
uvāca—</sanskrit>
		<indonesian/>
	</word>	<word>
		<sanskrit>anāśritaḥ</sanskrit>
		<indonesian>—tanpa
berlindung; </indonesian>
	</word>	<word>
		<sanskrit>karma-phalam</sanskrit>
		<indonesian>—terhadap hasil pekerjaan; </indonesian>
	</word>	<word>
		<sanskrit>kāryam</sanskrit>
		<indonesian>—wajib; </indonesian>
	</word>	<word>
		<sanskrit>karma—</sanskrit>
		<indonesian>pekerjaan;
</indonesian>
	</word>	<word>
		<sanskrit>karoti—</sanskrit>
		<indonesian>melaksanakan; </indonesian>
	</word>	<word>
		<sanskrit>yaḥ—</sanskrit>
		<indonesian>orang yang; </indonesian>
	</word>	<word>
		<sanskrit>saḥ—</sanskrit>
		<indonesian>dia; </indonesian>
	</word>	<word>
		<sanskrit>sannyāsī</sanskrit>
		<indonesian>—pada
tingkat meninggalkan hal-hal duniawi; </indonesian>
	</word>	<word>
		<sanskrit>ca—</sanskrit>
		<indonesian>juga; </indonesian>
	</word>	<word>
		<sanskrit>yogī—</sanskrit>
		<indonesian>ahli
kebatinan; </indonesian>
	</word>	<word>
		<sanskrit>ca—</sanskrit>
		<indonesian>juga; </indonesian>
	</word>	<word>
		<sanskrit>na—</sanskrit>
		<indonesian>tidak; </indonesian>
	</word>	<word>
		<sanskrit>niḥ—</sanskrit>
		<indonesian>tanpa; </indonesian>
	</word>	<word>
		<sanskrit>agniḥ—</sanskrit>
		<indonesian>api;
</indonesian>
	</word>	<word>
		<sanskrit>na—</sanskrit>
		<indonesian>tidak juga; </indonesian>
	</word>	<word>
		<sanskrit>ca—</sanskrit>
		<indonesian>juga; </indonesian>
	</word>	<word>
		<sanskrit>akriyaḥ—</sanskrit>
		<indonesian>tanpa kewajiban.</indonesian>
	</word>	<word>
		<sanskrit>yam—</sanskrit>
		<indonesian>apa; </indonesian>
	</word>	<word>
		<sanskrit>sannyāsam</sanskrit>
		<indonesian>—melepaskan
ikatan; </indonesian>
	</word>	<word>
		<sanskrit>iti—</sanskrit>
		<indonesian>demikian; </indonesian>
	</word>	<word>
		<sanskrit>prāhuḥ—</sanskrit>
		<indonesian>mereka mengatakan; </indonesian>
	</word>	<word>
		<sanskrit>yogam</sanskrit>
		<indonesian>—mengadakan
hubungan dengan Yang Mahakuasa; </indonesian>
	</word>	<word>
		<sanskrit>tam—</sanskrit>
		<indonesian>itu; </indonesian>
	</word>	<word>
		<sanskrit>viddhi—</sanskrit>
		<indonesian>engkau harus
mengetahui; </indonesian>
	</word>	<word>
		<sanskrit>pāṇḍava—</sanskrit>
		<indonesian>wahai putera </indonesian>
	</word>	<word>
		<sanskrit>Pāṇḍu </sanskrit>
		<indonesian>; </indonesian>
	</word>	<word>
		<sanskrit>na—</sanskrit>
		<indonesian>tidak
pernah; </indonesian>
	</word>	<word>
		<sanskrit>hi—</sanskrit>
		<indonesian>pasti; </indonesian>
	</word>	<word>
		<sanskrit>asannyasta</sanskrit>
		<indonesian>—tanpa meninggalkan; </indonesian>
	</word>	<word>
		<sanskrit>sańkalpaḥ</sanskrit>
		<indonesian>—keinginan
untuk memuaskan diri sendiri; </indonesian>
	</word>	<word>
		<sanskrit>yogī—</sanskrit>
		<indonesian>seorang rohaniwan yang ahli
kebatinan; </indonesian>
	</word>	<word>
		<sanskrit>bhavati</sanskrit>
		<indonesian>—menjadi; </indonesian>
	</word>	<word>
		<sanskrit>kaścana—</sanskrit>
		<indonesian>siapapun.</indonesian>
	</word>	<word>
		<sanskrit>ārurukṣoḥ</sanskrit>
		<indonesian>—orang yang baru mulai yoga; </indonesian>
	</word>	<word>
		<sanskrit>muneḥ</sanskrit>
		<indonesian>—mengenai
resi; </indonesian>
	</word>	<word>
		<sanskrit>yogam</sanskrit>
		<indonesian>—sistem yoga terdiri dari delapan tahap; </indonesian>
	</word>	<word>
		<sanskrit>karma—</sanskrit>
		<indonesian>pekerjaan;
</indonesian>
	</word>	<word>
		<sanskrit>kāraṇam</sanskrit>
		<indonesian>—cara; </indonesian>
	</word>	<word>
		<sanskrit>ucyate</sanskrit>
		<indonesian>—dikatakan sebagai; </indonesian>
	</word>	<word>
		<sanskrit>yoga—</sanskrit>
		<indonesian>yoga yang
terdiri dari delapan tahap; </indonesian>
	</word>	<word>
		<sanskrit>ārūḍhasya</sanskrit>
		<indonesian>—mengenai orang yang sudah
mencapai; </indonesian>
	</word>	<word>
		<sanskrit>tasya—</sanskrit>
		<indonesian>milik dia; </indonesian>
	</word>	<word>
		<sanskrit>evā—</sanskrit>
		<indonesian>pasti; </indonesian>
	</word>	<word>
		<sanskrit>samaḥ—</sanskrit>
		<indonesian>menghentikan
segala kegiatan material; </indonesian>
	</word>	<word>
		<sanskrit>kāraṇam</sanskrit>
		<indonesian>—cara; </indonesian>
	</word>	<word>
		<sanskrit>ucyate—</sanskrit>
		<indonesian>dikatakan
sebagai.</indonesian>
	</word>	<word>
		<sanskrit>yadā—</sanskrit>
		<indonesian>apabila; </indonesian>
	</word>	<word>
		<sanskrit>hi—</sanskrit>
		<indonesian>pasti; </indonesian>
	</word>	<word>
		<sanskrit>na—</sanskrit>
		<indonesian>tidak;
</indonesian>
	</word>	<word>
		<sanskrit>indriya-artheṣu</sanskrit>
		<indonesian>—dalam kepuasan indera-indera; </indonesian>
	</word>	<word>
		<sanskrit>na—</sanskrit>
		<indonesian>tidak pernah; </indonesian>
	</word>	<word>
		<sanskrit>karmasu</sanskrit>
		<indonesian>—dalam
kegiatan yang dimaksudkan untuk membuahkan hasil; </indonesian>
	</word>	<word>
		<sanskrit>anuṣajjate</sanskrit>
		<indonesian>—seseorang
perlu menjadi sibuk; </indonesian>
	</word>	<word>
		<sanskrit>sarva-sańkalpa</sanskrit>
		<indonesian>—dari segala keinginan material; </indonesian>
	</word>	<word>
		<sanskrit>sannyāsī</sanskrit>
		<indonesian>—orang
yang melepaskan ikatan; </indonesian>
	</word>	<word>
		<sanskrit>yoga-ārūḍhaḥ—</sanskrit>
		<indonesian>maju dalam yoga; </indonesian>
	</word>	<word>
		<sanskrit>tadā</sanskrit>
		<indonesian>—pada
waktu itu; </indonesian>
	</word>	<word>
		<sanskrit>ucyate—</sanskrit>
		<indonesian>dikatakan sebagai.</indonesian>
	</word>	<word>
		<sanskrit>uddharet</sanskrit>
		<indonesian>—seseorang harus menyelamatkan; </indonesian>
	</word>	<word>
		<sanskrit>ātmanā—</sanskrit>
		<indonesian>oleh
pikiran; </indonesian>
	</word>	<word>
		<sanskrit>ātmanām</sanskrit>
		<indonesian>—roh yang terikat; </indonesian>
	</word>	<word>
		<sanskrit>na—</sanskrit>
		<indonesian>tidak pernah; </indonesian>
	</word>	<word>
		<sanskrit>ātmanām</sanskrit>
		<indonesian>—roh
yang terikat; </indonesian>
	</word>	<word>
		<sanskrit>avasādayet</sanskrit>
		<indonesian>—menyebabkan kemerosotan; </indonesian>
	</word>	<word>
		<sanskrit>ātmā—</sanskrit>
		<indonesian>pikiran; </indonesian>
	</word>	<word>
		<sanskrit>evā—</sanskrit>
		<indonesian>pasti;
</indonesian>
	</word>	<word>
		<sanskrit>hi—</sanskrit>
		<indonesian>memang; </indonesian>
	</word>	<word>
		<sanskrit>ātmanāḥ</sanskrit>
		<indonesian>—bagi roh yang terikat; </indonesian>
	</word>	<word>
		<sanskrit>bandhuḥ</sanskrit>
		<indonesian>—kawan;
</indonesian>
	</word>	<word>
		<sanskrit>ātmā—</sanskrit>
		<indonesian>pikiran; </indonesian>
	</word>	<word>
		<sanskrit>evā—</sanskrit>
		<indonesian>pasti; ripuh—musuh; </indonesian>
	</word>	<word>
		<sanskrit>ātmanāḥ</sanskrit>
		<indonesian>—bagi roh
yang terikat.</indonesian>
	</word>	<word>
		<sanskrit>bandhuḥ</sanskrit>
		<indonesian>—kawan; </indonesian>
	</word>	<word>
		<sanskrit>ātmā—</sanskrit>
		<indonesian>pikiran; </indonesian>
	</word>	<word>
		<sanskrit>ātmanāḥ</sanskrit>
		<indonesian>—bagi
makhluk hidup; </indonesian>
	</word>	<word>
		<sanskrit>tasya—</sanskrit>
		<indonesian>bagi dia; </indonesian>
	</word>	<word>
		<sanskrit>yena—</sanskrit>
		<indonesian>oleh siapa; </indonesian>
	</word>	<word>
		<sanskrit>ātmā—</sanskrit>
		<indonesian>pikiran;
</indonesian>
	</word>	<word>
		<sanskrit>evā—</sanskrit>
		<indonesian>pasti; </indonesian>
	</word>	<word>
		<sanskrit>ātmanā—</sanskrit>
		<indonesian>oleh para makhluk hidup; </indonesian>
	</word>	<word>
		<sanskrit>jitaḥ—</sanskrit>
		<indonesian>ditaklukkan;
</indonesian>
	</word>	<word>
		<sanskrit>anātmanāḥ</sanskrit>
		<indonesian>—orang yang gagal mengendalikan pikiran; </indonesian>
	</word>	<word>
		<sanskrit>tu—</sanskrit>
		<indonesian>tetapi; </indonesian>
	</word>	<word>
		<sanskrit>śatrutve</sanskrit>
		<indonesian>—karena
rasa benci; </indonesian>
	</word>	<word>
		<sanskrit>varteta</sanskrit>
		<indonesian>—tetap; </indonesian>
	</word>	<word>
		<sanskrit>ātmā eva—</sanskrit>
		<indonesian>pikiranlah; </indonesian>
	</word>	<word>
		<sanskrit>śatru-vat</sanskrit>
		<indonesian>—sebagai
musuh.</indonesian>
	</word>	<word>
		<sanskrit>jita-ātmanaḥ</sanskrit>
		<indonesian>—mengenai orang yang sudah
menaklukkan pikirannya; </indonesian>
	</word>	<word>
		<sanskrit>praśāntasya—</sanskrit>
		<indonesian>orang yang sudah mencapai tingkat
ketenangan dengan mengendalikan pikiran seperti itu; </indonesian>
	</word>	<word>
		<sanskrit>parama -ātmā</sanskrit>
		<indonesian>—Roh
Yang Utama; </indonesian>
	</word>	<word>
		<sanskrit>samāhitaḥ</sanskrit>
		<indonesian>—sepenuhnya mendekati; </indonesian>
	</word>	<word>
		<sanskrit>śīta—</sanskrit>
		<indonesian>dalam keadaan
dingin; </indonesian>
	</word>	<word>
		<sanskrit>uṣṇa—</sanskrit>
		<indonesian>panas; </indonesian>
	</word>	<word>
		<sanskrit>sukha</sanskrit>
		<indonesian>—suka; </indonesian>
	</word>	<word>
		<sanskrit>duḥkheṣu</sanskrit>
		<indonesian>—dan dukacita;
</indonesian>
	</word>	<word>
		<sanskrit>tathā—</sanskrit>
		<indonesian>juga; </indonesian>
	</word>	<word>
		<sanskrit>māna—</sanskrit>
		<indonesian>dalam kehormatan; </indonesian>
	</word>	<word>
		<sanskrit>apamānayoḥ</sanskrit>
		<indonesian>—penghinaan.</indonesian>
	</word>	<word>
		<sanskrit>jñāna</sanskrit>
		<indonesian>—oleh pengetahuan yang diperoleh; </indonesian>
	</word>	<word>
		<sanskrit>vijñāna</sanskrit>
		<indonesian>—dan
pengetahuan yang diinsafi; </indonesian>
	</word>	<word>
		<sanskrit>tṛpta</sanskrit>
		<indonesian>—dipuaskan; </indonesian>
	</word>	<word>
		<sanskrit>ātmā—</sanskrit>
		<indonesian>makhluk hidup;
kutasthah—mantap secara rohani; </indonesian>
	</word>	<word>
		<sanskrit>vijita-indriyaḥ—</sanskrit>
		<indonesian>mengendalikan
indera-indera; </indonesian>
	</word>	<word>
		<sanskrit>yuktaḥ—</sanskrit>
		<indonesian>sanggup untuk keinsafan diri; </indonesian>
	</word>	<word>
		<sanskrit>iti—</sanskrit>
		<indonesian>demikian;
</indonesian>
	</word>	<word>
		<sanskrit>ucyate</sanskrit>
		<indonesian>—dikatakan; </indonesian>
	</word>	<word>
		<sanskrit>yogī—</sanskrit>
		<indonesian>seorang ahli kebatinan; </indonesian>
	</word>	<word>
		<sanskrit>sama—</sanskrit>
		<indonesian>mantap
secara seimbang; </indonesian>
	</word>	<word>
		<sanskrit>loṣṭra</sanskrit>
		<indonesian>—batu kerikil; </indonesian>
	</word>	<word>
		<sanskrit>aśma—</sanskrit>
		<indonesian>batu; </indonesian>
	</word>	<word>
		<sanskrit>kāñcanaḥ—</sanskrit>
		<indonesian>emas.</indonesian>
	</word>	<word>
		<sanskrit>su-hṛt</sanskrit>
		<indonesian>—kepada orang yang mengharapkan
kesejahteraan sesuai sifatnya; </indonesian>
	</word>	<word>
		<sanskrit>mitra—</sanskrit>
		<indonesian>penolong dengan kasih sayang; </indonesian>
	</word>	<word>
		<sanskrit>ari—</sanskrit>
		<indonesian>musuh-musuh;
</indonesian>
	</word>	<word>
		<sanskrit>udāsīna—</sanskrit>
		<indonesian>orang yang mempunyai kedudukan netral antara orang yang
bermusuhan; </indonesian>
	</word>	<word>
		<sanskrit>madhya-stha—</sanskrit>
		<indonesian>perantara antara orang yang bermusuhan; </indonesian>
	</word>	<word>
		<sanskrit>dveṣya</sanskrit>
		<indonesian>—orang
yang iri hati; </indonesian>
	</word>	<word>
		<sanskrit>bandhuṣu</sanskrit>
		<indonesian>—dan sanak keluarga atau orang yang mengharapkan
kesejahteraan; </indonesian>
	</word>	<word>
		<sanskrit>sādhuṣu</sanskrit>
		<indonesian>—kepada orang saleh; </indonesian>
	</word>	<word>
		<sanskrit>api—</sanskrit>
		<indonesian>beserta; </indonesian>
	</word>	<word>
		<sanskrit>ca—</sanskrit>
		<indonesian>dan;
</indonesian>
	</word>	<word>
		<sanskrit>pāpeṣu</sanskrit>
		<indonesian>—kepada orang berdosa; </indonesian>
	</word>	<word>
		<sanskrit>sama-buddhiḥ</sanskrit>
		<indonesian>—mempunyai kecerdasan
yang merata; </indonesian>
	</word>	<word>
		<sanskrit>viśiṣyate</sanskrit>
		<indonesian>—sudah maju sekali.</indonesian>
	</word>	<word>
		<sanskrit>yogī—</sanskrit>
		<indonesian>seorang rohaniwan; </indonesian>
	</word>	<word>
		<sanskrit>yuñjīta</sanskrit>
		<indonesian>—harus
memusatkan pikiran dalam kesadaran Krishna; </indonesian>
	</word>	<word>
		<sanskrit>satatam—</sanskrit>
		<indonesian>senantiasa; </indonesian>
	</word>	<word>
		<sanskrit>ātmanām</sanskrit>
		<indonesian>—Diri-Nya
(oleh badan, pikiran dan sang diri); </indonesian>
	</word>	<word>
		<sanskrit>rahasi—</sanskrit>
		<indonesian>di tempat sunyi; </indonesian>
	</word>	<word>
		<sanskrit>sthitāḥ</sanskrit>
		<indonesian>—menjadi
mantap seperti itu; </indonesian>
	</word>	<word>
		<sanskrit>ekākī—</sanskrit>
		<indonesian>sendirian; </indonesian>
	</word>	<word>
		<sanskrit>yata-citta-ātmā</sanskrit>
		<indonesian>—selalu
hati-hati dalam pikiran; </indonesian>
	</word>	<word>
		<sanskrit>nirāśīḥ</sanskrit>
		<indonesian>—tanpa tertarik oleh apapun yang lain; </indonesian>
	</word>	<word>
		<sanskrit>aparigrahaḥ</sanskrit>
		<indonesian>—bebas
dari rasa memiliki sesuatu.</indonesian>
	</word></root>