<?xml version="1.0" encoding="UTF-8"?>
<root>	<word>
		<sanskrit>Arjunaḥ uvāca—</sanskrit>
		<indonesian/>
	</word>	<word>
		<sanskrit>mat-anugrahāya</sanskrit>
		<indonesian>—hanya untuk memberi
berkat kepada hamba; </indonesian>
	</word>	<word>
		<sanskrit>paramam—</sanskrit>
		<indonesian>paling utama; </indonesian>
	</word>	<word>
		<sanskrit>guhyam</sanskrit>
		<indonesian>—hal yang
rahasia; </indonesian>
	</word>	<word>
		<sanskrit>adhyātma</sanskrit>
		<indonesian>—rohani; </indonesian>
	</word>	<word>
		<sanskrit>saḿjñitam—</sanskrit>
		<indonesian>dalam hal; </indonesian>
	</word>	<word>
		<sanskrit>yat—</sanskrit>
		<indonesian>apa; </indonesian>
	</word>	<word>
		<sanskrit>tvayā—</sanskrit>
		<indonesian>oleh
Anda; </indonesian>
	</word>	<word>
		<sanskrit>uktam—</sanskrit>
		<indonesian>dikatakan; </indonesian>
	</word>	<word>
		<sanskrit>vacaḥ—</sanskrit>
		<indonesian>sabda; </indonesian>
	</word>	<word>
		<sanskrit>tena—</sanskrit>
		<indonesian>oleh itu; </indonesian>
	</word>	<word>
		<sanskrit>mohaḥ—</sanskrit>
		<indonesian>khayalan;
</indonesian>
	</word>	<word>
		<sanskrit>ayam—</sanskrit>
		<indonesian>ini; </indonesian>
	</word>	<word>
		<sanskrit>vigataḥ—</sanskrit>
		<indonesian>dihilangkan; </indonesian>
	</word>	<word>
		<sanskrit>mama—</sanskrit>
		<indonesian>milik hamba.</indonesian>
	</word>	<word>
		<sanskrit>bhava</sanskrit>
		<indonesian>—munculnya; </indonesian>
	</word>	<word>
		<sanskrit>apyayāu</sanskrit>
		<indonesian>—menghilangnya; </indonesian>
	</word>	<word>
		<sanskrit>hi—</sanskrit>
		<indonesian>pasti; </indonesian>
	</word>	<word>
		<sanskrit>bhūtānām</sanskrit>
		<indonesian>—semua
makhluk hidup; </indonesian>
	</word>	<word>
		<sanskrit>śrutau</sanskrit>
		<indonesian>—sudah mendengar; </indonesian>
	</word>	<word>
		<sanskrit>vistaraśaḥ</sanskrit>
		<indonesian>—secara
terperinci; </indonesian>
	</word>	<word>
		<sanskrit>mayā</sanskrit>
		<indonesian>—olehku; </indonesian>
	</word>	<word>
		<sanskrit>tvattaḥ</sanskrit>
		<indonesian>—dari Anda; </indonesian>
	</word>	<word>
		<sanskrit>kamala-patra-akṣa</sanskrit>
		<indonesian>—o
Krishna yang memiliki mata bagaikan bunga padma; </indonesian>
	</word>	<word>
		<sanskrit>māhātmyam</sanskrit>
		<indonesian>—kebesaran; </indonesian>
	</word>	<word>
		<sanskrit>api—</sanskrit>
		<indonesian>juga;
</indonesian>
	</word>	<word>
		<sanskrit>ca—</sanskrit>
		<indonesian>dan; </indonesian>
	</word>	<word>
		<sanskrit>avyayām—</sanskrit>
		<indonesian>tidak dapat dibinasakan.</indonesian>
	</word>	<word>
		<sanskrit>evam—</sanskrit>
		<indonesian>demikian; </indonesian>
	</word>	<word>
		<sanskrit>etat—</sanskrit>
		<indonesian>ini; </indonesian>
	</word>	<word>
		<sanskrit>yathā—</sanskrit>
		<indonesian>menurut kedudukannya
yang sebenarnya; </indonesian>
	</word>	<word>
		<sanskrit>āttha—</sanskrit>
		<indonesian>sudah bersabda; </indonesian>
	</word>	<word>
		<sanskrit>tvām</sanskrit>
		<indonesian>—Anda; </indonesian>
	</word>	<word>
		<sanskrit>ātmanām</sanskrit>
		<indonesian>—Anda
sendiri; </indonesian>
	</word>	<word>
		<sanskrit>parama -īśvara—</sanskrit>
		<indonesian>o Tuhan Yang Maha Esa; </indonesian>
	</word>	<word>
		<sanskrit>draṣṭum</sanskrit>
		<indonesian>—melihat </indonesian>
	</word>	<word>
		<sanskrit>icchāmi</sanskrit>
		<indonesian>—hamba
ingin; </indonesian>
	</word>	<word>
		<sanskrit>te—</sanskrit>
		<indonesian>milik Anda; </indonesian>
	</word>	<word>
		<sanskrit>rūpam—</sanskrit>
		<indonesian>bentuk; </indonesian>
	</word>	<word>
		<sanskrit>aiśvaram</sanskrit>
		<indonesian>—rohani; </indonesian>
	</word>	<word>
		<sanskrit>puruṣa-uttama</sanskrit>
		<indonesian>—o
Kepribadian yang paling baik.</indonesian>
	</word>	<word>
		<sanskrit>manyase</sanskrit>
		<indonesian>—Anda berpikir; </indonesian>
	</word>	<word>
		<sanskrit>yādi—</sanskrit>
		<indonesian>kalau; </indonesian>
	</word>	<word>
		<sanskrit>tat—</sanskrit>
		<indonesian>itu; </indonesian>
	</word>	<word>
		<sanskrit>śakyam</sanskrit>
		<indonesian>—sanggup;
</indonesian>
	</word>	<word>
		<sanskrit>mayā</sanskrit>
		<indonesian>—oleh hamba; </indonesian>
	</word>	<word>
		<sanskrit>draṣṭum</sanskrit>
		<indonesian>—untuk dilihat; </indonesian>
	</word>	<word>
		<sanskrit>iti—</sanskrit>
		<indonesian>demikian; </indonesian>
	</word>	<word>
		<sanskrit>prabho</sanskrit>
		<indonesian>—o
Tuhan Yang Maha Esa; </indonesian>
	</word>	<word>
		<sanskrit>yoga-īśvara—</sanskrit>
		<indonesian>o Penguasa segala kekuatan batin; </indonesian>
	</word>	<word>
		<sanskrit>tataḥ—</sanskrit>
		<indonesian>maka;
</indonesian>
	</word>	<word>
		<sanskrit>me—</sanskrit>
		<indonesian>kepada hamba; </indonesian>
	</word>	<word>
		<sanskrit>tvām</sanskrit>
		<indonesian>—Anda; </indonesian>
	</word>	<word>
		<sanskrit>darśaya</sanskrit>
		<indonesian>—sudilah kiranya
memperlihatkan; </indonesian>
	</word>	<word>
		<sanskrit>ātmanām</sanskrit>
		<indonesian>—Diri Anda; </indonesian>
	</word>	<word>
		<sanskrit>avyayām—</sanskrit>
		<indonesian>kekal.</indonesian>
	</word>	<word>
		<sanskrit>śrī-bhagavān uvāca—</sanskrit>
		<indonesian>Kepribadian Tuhan Yang Maha Esa bersabda; </indonesian>
	</word>	<word>
		<sanskrit>paśya</sanskrit>
		<indonesian>—lihatlah;
</indonesian>
	</word>	<word>
		<sanskrit>me—</sanskrit>
		<indonesian>milik-Ku; </indonesian>
	</word>	<word>
		<sanskrit>pārtha</sanskrit>
		<indonesian>—wahai putera </indonesian>
	</word>	<word>
		<sanskrit>Pṛthā</sanskrit>
		<indonesian>; </indonesian>
	</word>	<word>
		<sanskrit>rūpāṇi—</sanskrit>
		<indonesian>bentuk-bentuk;
</indonesian>
	</word>	<word>
		<sanskrit>śataśaḥ</sanskrit>
		<indonesian>—beratus-ratus; </indonesian>
	</word>	<word>
		<sanskrit>atha—</sanskrit>
		<indonesian>juga; </indonesian>
	</word>	<word>
		<sanskrit>sahasrasaḥ</sanskrit>
		<indonesian>—beribu-ribu;
</indonesian>
	</word>	<word>
		<sanskrit>nānā-vidhāni</sanskrit>
		<indonesian>—berbagai; </indonesian>
	</word>	<word>
		<sanskrit>divyāni</sanskrit>
		<indonesian>—rohani, mengenai Tuhan; </indonesian>
	</word>	<word>
		<sanskrit>nānā</sanskrit>
		<indonesian>—beraneka;
</indonesian>
	</word>	<word>
		<sanskrit>varṇa—</sanskrit>
		<indonesian>warna; </indonesian>
	</word>	<word>
		<sanskrit>ākṛtīni</sanskrit>
		<indonesian>—bentuk-bentuk; </indonesian>
	</word>	<word>
		<sanskrit>ca—</sanskrit>
		<indonesian>juga.</indonesian>
	</word>	<word>
		<sanskrit>paśya</sanskrit>
		<indonesian>—lihatlah; </indonesian>
	</word>	<word>
		<sanskrit>ādityān—</sanskrit>
		<indonesian>dua belas putera Aditi; </indonesian>
	</word>	<word>
		<sanskrit>vasūn—</sanskrit>
		<indonesian>delapan
Vasu; </indonesian>
	</word>	<word>
		<sanskrit>rudrān</sanskrit>
		<indonesian>—sebelas bentuk Rudra; </indonesian>
	</word>	<word>
		<sanskrit>aśvinau</sanskrit>
		<indonesian>—dua Aśvinīs; </indonesian>
	</word>	<word>
		<sanskrit>mārutaḥ</sanskrit>
		<indonesian>—empat
puluh sembilan Marut (dewa-dewa angin); </indonesian>
	</word>	<word>
		<sanskrit>tathā—</sanskrit>
		<indonesian>juga; </indonesian>
	</word>	<word>
		<sanskrit>bahūni</sanskrit>
		<indonesian>—banyak;
</indonesian>
	</word>	<word>
		<sanskrit>adṛṣṭa</sanskrit>
		<indonesian>—itu yang belum engkau lihat; </indonesian>
	</word>	<word>
		<sanskrit>pūrvāṇi</sanskrit>
		<indonesian>—sebelumnya; </indonesian>
	</word>	<word>
		<sanskrit>paśya</sanskrit>
		<indonesian>—lihatlah;
</indonesian>
	</word>	<word>
		<sanskrit>āścaryāṇi</sanskrit>
		<indonesian>—semua keajaiban; </indonesian>
	</word>	<word>
		<sanskrit>bhārata—</sanskrit>
		<indonesian>wahai yang paling baik di
antara para </indonesian>
	</word>	<word>
		<sanskrit>Bhārata.</sanskrit>
		<indonesian/>
	</word>	<word>
		<sanskrit>iha—</sanskrit>
		<indonesian>dalam ini; </indonesian>
	</word>	<word>
		<sanskrit>eka-stham</sanskrit>
		<indonesian>—di satu tempat; </indonesian>
	</word>	<word>
		<sanskrit>jagat</sanskrit>
		<indonesian>—alam
semesta; </indonesian>
	</word>	<word>
		<sanskrit>kṛtsnam</sanskrit>
		<indonesian>—sepenuhnya; </indonesian>
	</word>	<word>
		<sanskrit>paśya</sanskrit>
		<indonesian>—lihatlah; </indonesian>
	</word>	<word>
		<sanskrit>adya—</sanskrit>
		<indonesian>segera;
</indonesian>
	</word>	<word>
		<sanskrit>sa—</sanskrit>
		<indonesian>dengan; </indonesian>
	</word>	<word>
		<sanskrit>cara—</sanskrit>
		<indonesian>yang bergerak; </indonesian>
	</word>	<word>
		<sanskrit>acaram—</sanskrit>
		<indonesian>dan tidak bergerak; </indonesian>
	</word>	<word>
		<sanskrit>mama—</sanskrit>
		<indonesian>milik-Ku;
</indonesian>
	</word>	<word>
		<sanskrit>dehe—</sanskrit>
		<indonesian>dalam badan ini; </indonesian>
	</word>	<word>
		<sanskrit>guḍākeśa</sanskrit>
		<indonesian>—wahai </indonesian>
	</word>	<word>
		<sanskrit>Arjuna</sanskrit>
		<indonesian>; </indonesian>
	</word>	<word>
		<sanskrit>yat—</sanskrit>
		<indonesian>itu
yang; </indonesian>
	</word>	<word>
		<sanskrit>ca—</sanskrit>
		<indonesian>juga; </indonesian>
	</word>	<word>
		<sanskrit>anyat—</sanskrit>
		<indonesian>lain; </indonesian>
	</word>	<word>
		<sanskrit>draṣṭum</sanskrit>
		<indonesian>—melihat; </indonesian>
	</word>	<word>
		<sanskrit>icchasi</sanskrit>
		<indonesian>—engkau
ingin.</indonesian>
	</word>	<word>
		<sanskrit>na—</sanskrit>
		<indonesian>tidak pernah; </indonesian>
	</word>	<word>
		<sanskrit>tu—</sanskrit>
		<indonesian>tetapi; </indonesian>
	</word>	<word>
		<sanskrit>mām—</sanskrit>
		<indonesian>Aku; </indonesian>
	</word>	<word>
		<sanskrit>śakyase</sanskrit>
		<indonesian>—sanggup;
</indonesian>
	</word>	<word>
		<sanskrit>draṣṭum</sanskrit>
		<indonesian>—melihat; </indonesian>
	</word>	<word>
		<sanskrit>anena—</sanskrit>
		<indonesian>dengan ini; </indonesian>
	</word>	<word>
		<sanskrit>evā—</sanskrit>
		<indonesian>pasti; </indonesian>
	</word>	<word>
		<sanskrit>sva-cakṣuṣā</sanskrit>
		<indonesian>—dengan
matamu sendiri; </indonesian>
	</word>	<word>
		<sanskrit>divyam</sanskrit>
		<indonesian>—rohani; </indonesian>
	</word>	<word>
		<sanskrit>dadāmi</sanskrit>
		<indonesian>—Aku memberikan; </indonesian>
	</word>	<word>
		<sanskrit>te—</sanskrit>
		<indonesian>kepadamu;
</indonesian>
	</word>	<word>
		<sanskrit>cakṣuḥ</sanskrit>
		<indonesian>—mata; </indonesian>
	</word>	<word>
		<sanskrit>paśya</sanskrit>
		<indonesian>—lihatlah; </indonesian>
	</word>	<word>
		<sanskrit>me—</sanskrit>
		<indonesian>milik-Ku; </indonesian>
	</word>	<word>
		<sanskrit>yogam
aiśvaram</sanskrit>
		<indonesian>—kekuatan batin yang tidak dapat dipahami.</indonesian>
	</word>	<word>
		<sanskrit>sañjayaḥ uvāca—</sanskrit>
		<indonesian>Sañjaya berkata; </indonesian>
	</word>	<word>
		<sanskrit>evam—</sanskrit>
		<indonesian>demikian; </indonesian>
	</word>	<word>
		<sanskrit>uktvā</sanskrit>
		<indonesian>—bersabda;
</indonesian>
	</word>	<word>
		<sanskrit>tataḥ—</sanskrit>
		<indonesian>sesudah itu; </indonesian>
	</word>	<word>
		<sanskrit>rājan</sanskrit>
		<indonesian>—wahai Paduka Raja; </indonesian>
	</word>	<word>
		<sanskrit>mahā-yoga-īśvaraḥ</sanskrit>
		<indonesian>—ahli
kebatinan yang paling perkasa; </indonesian>
	</word>	<word>
		<sanskrit>hariḥ—</sanskrit>
		<indonesian>Kepribadian Tuhan Yang Maha Esa,
Krishna; </indonesian>
	</word>	<word>
		<sanskrit>darśayām āsa</sanskrit>
		<indonesian>—memperlihatkan; </indonesian>
	</word>	<word>
		<sanskrit>pārthāya</sanskrit>
		<indonesian>—kepada </indonesian>
	</word>	<word>
		<sanskrit>Arjuna</sanskrit>
		<indonesian>;
</indonesian>
	</word>	<word>
		<sanskrit>paramam—</sanskrit>
		<indonesian>mengenai Tuhan; rupam </indonesian>
	</word>	<word>
		<sanskrit>aiśvaram</sanskrit>
		<indonesian>—bentuk semesta.</indonesian>
	</word>	<word>
		<sanskrit>aneka—</sanskrit>
		<indonesian>berbagai; </indonesian>
	</word>	<word>
		<sanskrit>vaktra—</sanskrit>
		<indonesian>mulut-mulut; </indonesian>
	</word>	<word>
		<sanskrit>nayanam—</sanskrit>
		<indonesian>mata;
</indonesian>
	</word>	<word>
		<sanskrit>aneka—</sanskrit>
		<indonesian>berbagai; </indonesian>
	</word>	<word>
		<sanskrit>adbhuta—</sanskrit>
		<indonesian>ajaib; </indonesian>
	</word>	<word>
		<sanskrit>darśanam</sanskrit>
		<indonesian>—wahyu-wahyu; </indonesian>
	</word>	<word>
		<sanskrit>aneka—</sanskrit>
		<indonesian>berbagai;
</indonesian>
	</word>	<word>
		<sanskrit>divya—</sanskrit>
		<indonesian>rohani, mengenai Tuhan; </indonesian>
	</word>	<word>
		<sanskrit>ābharaṇam</sanskrit>
		<indonesian>—perhiasan; </indonesian>
	</word>	<word>
		<sanskrit>divya—</sanskrit>
		<indonesian>rohani,
mengenai Tuhan; </indonesian>
	</word>	<word>
		<sanskrit>aneka—</sanskrit>
		<indonesian>berbagai; </indonesian>
	</word>	<word>
		<sanskrit>udyata—</sanskrit>
		<indonesian>diangkat; </indonesian>
	</word>	<word>
		<sanskrit>āyudham</sanskrit>
		<indonesian>—senjata-senjata;
</indonesian>
	</word>	<word>
		<sanskrit>divya—</sanskrit>
		<indonesian>rohani, mengenai Tuhan; </indonesian>
	</word>	<word>
		<sanskrit>mālya—</sanskrit>
		<indonesian>banyak kalung rangkaian
bunga; </indonesian>
	</word>	<word>
		<sanskrit>ambara—</sanskrit>
		<indonesian>pakaian; </indonesian>
	</word>	<word>
		<sanskrit>dharam—</sanskrit>
		<indonesian>memakai; </indonesian>
	</word>	<word>
		<sanskrit>divya—</sanskrit>
		<indonesian>rohani,
mengenai Tuhan; </indonesian>
	</word>	<word>
		<sanskrit>gandha—</sanskrit>
		<indonesian>wewangian; </indonesian>
	</word>	<word>
		<sanskrit>anulepanam</sanskrit>
		<indonesian>—diolesi dengan; </indonesian>
	</word>	<word>
		<sanskrit>sarva—</sanskrit>
		<indonesian>semua;
</indonesian>
	</word>	<word>
		<sanskrit>āścarya-mayām</sanskrit>
		<indonesian>—ajaib; </indonesian>
	</word>	<word>
		<sanskrit>devam—</sanskrit>
		<indonesian>cemerlang; </indonesian>
	</word>	<word>
		<sanskrit>anantam—</sanskrit>
		<indonesian>tidak
terbatas; </indonesian>
	</word>	<word>
		<sanskrit>viśvataḥ-mukham—</sanskrit>
		<indonesian>berada di mana-mana.</indonesian>
	</word>	<word>
		<sanskrit>divi—</sanskrit>
		<indonesian>di angkasa; </indonesian>
	</word>	<word>
		<sanskrit>sūrya—</sanskrit>
		<indonesian>matahari-matahari; </indonesian>
	</word>	<word>
		<sanskrit>sahasrasya</sanskrit>
		<indonesian>—dari
beribu-ribu; </indonesian>
	</word>	<word>
		<sanskrit>bhavet—</sanskrit>
		<indonesian>ada; </indonesian>
	</word>	<word>
		<sanskrit>yugapat</sanskrit>
		<indonesian>—pada waktu yang sama; </indonesian>
	</word>	<word>
		<sanskrit>utthitā</sanskrit>
		<indonesian>—berada;
</indonesian>
	</word>	<word>
		<sanskrit>yādi—</sanskrit>
		<indonesian>kalau; </indonesian>
	</word>	<word>
		<sanskrit>bhāḥ—</sanskrit>
		<indonesian>cahaya; </indonesian>
	</word>	<word>
		<sanskrit>sadṛśī</sanskrit>
		<indonesian>—seperti itu; </indonesian>
	</word>	<word>
		<sanskrit>sa—</sanskrit>
		<indonesian>itu;
</indonesian>
	</word>	<word>
		<sanskrit>syāt</sanskrit>
		<indonesian>—mungkin menjadi; </indonesian>
	</word>	<word>
		<sanskrit>bhāsaḥ—</sanskrit>
		<indonesian>cahaya; </indonesian>
	</word>	<word>
		<sanskrit>tasya—</sanskrit>
		<indonesian>milik Beliau; </indonesian>
	</word>	<word>
		<sanskrit>mahā-ātmānaḥ</sanskrit>
		<indonesian>—Tuhan
Yang Maha agung.</indonesian>
	</word>	<word>
		<sanskrit>tatra—</sanskrit>
		<indonesian>di sana; </indonesian>
	</word>	<word>
		<sanskrit>eka-stham</sanskrit>
		<indonesian>—di satu tempat; </indonesian>
	</word>	<word>
		<sanskrit>jagat</sanskrit>
		<indonesian>—alam
semesta; </indonesian>
	</word>	<word>
		<sanskrit>kṛtsnam</sanskrit>
		<indonesian>—lengkap; </indonesian>
	</word>	<word>
		<sanskrit>pravibhaktam—</sanskrit>
		<indonesian>dibagi; </indonesian>
	</word>	<word>
		<sanskrit>anekadhā</sanskrit>
		<indonesian>—ke
dalam banyak; </indonesian>
	</word>	<word>
		<sanskrit>apaśyat</sanskrit>
		<indonesian>—dapat melihat; </indonesian>
	</word>	<word>
		<sanskrit>deva-devaśya—</sanskrit>
		<indonesian>dari
Kepribadian Tuhan Yang Maha Esa; </indonesian>
	</word>	<word>
		<sanskrit>śarīre</sanskrit>
		<indonesian>—dalam bentuk semesta; </indonesian>
	</word>	<word>
		<sanskrit>Pāṇḍavāḥ</sanskrit>
		<indonesian>—</indonesian>
	</word>	<word>
		<sanskrit>Arjuna</sanskrit>
		<indonesian>;
</indonesian>
	</word>	<word>
		<sanskrit>tadā</sanskrit>
		<indonesian>—pada waktu itu.</indonesian>
	</word>	<word>
		<sanskrit>tataḥ—</sanskrit>
		<indonesian>sesudah itu; </indonesian>
	</word>	<word>
		<sanskrit>saḥ—</sanskrit>
		<indonesian>dia; </indonesian>
	</word>	<word>
		<sanskrit>vismayā-āviṣṭaḥ</sanskrit>
		<indonesian>—tergugah
rasa kagum; </indonesian>
	</word>	<word>
		<sanskrit>hṛṣṭa-romā</sanskrit>
		<indonesian>—bulu roma tegak berdiri karena kebahagiaan
rohaninya yang tinggi; </indonesian>
	</word>	<word>
		<sanskrit>dhanañjayah—Arjuna</sanskrit>
		<indonesian>; </indonesian>
	</word>	<word>
		<sanskrit>praṇamya</sanskrit>
		<indonesian>—bersujud; </indonesian>
	</word>	<word>
		<sanskrit>śirasā—</sanskrit>
		<indonesian>kepala;
</indonesian>
	</word>	<word>
		<sanskrit>devam—</sanskrit>
		<indonesian>kepada Kepribadian Tuhan Yang Maha Esa; </indonesian>
	</word>	<word>
		<sanskrit>kṛta-añjaliḥ</sanskrit>
		<indonesian>—dengan
mencakupkan tangan; </indonesian>
	</word>	<word>
		<sanskrit>abhāṣata</sanskrit>
		<indonesian>—mulai bicara.</indonesian>
	</word>	<word>
		<sanskrit>Arjunaḥ uvāca—</sanskrit>
		<indonesian>Arjuna berkata; </indonesian>
	</word>	<word>
		<sanskrit>paśyāmi</sanskrit>
		<indonesian>—hamba melihat; </indonesian>
	</word>	<word>
		<sanskrit>devān—</sanskrit>
		<indonesian>semua
dewa; </indonesian>
	</word>	<word>
		<sanskrit>tavā—</sanskrit>
		<indonesian>milik Anda; </indonesian>
	</word>	<word>
		<sanskrit>deva—</sanskrit>
		<indonesian>o Tuhan; </indonesian>
	</word>	<word>
		<sanskrit>dehe—</sanskrit>
		<indonesian>dalam badan; </indonesian>
	</word>	<word>
		<sanskrit>sarvān</sanskrit>
		<indonesian>—semua;
</indonesian>
	</word>	<word>
		<sanskrit>tathā—</sanskrit>
		<indonesian>juga; </indonesian>
	</word>	<word>
		<sanskrit>bhūta—</sanskrit>
		<indonesian>para makhluk hidup; </indonesian>
	</word>	<word>
		<sanskrit>viśeṣa-sańghān</sanskrit>
		<indonesian>—dikumpulkan
secara khusus; </indonesian>
	</word>	<word>
		<sanskrit>brahmaṇām</sanskrit>
		<indonesian>—Dewa Brahma; </indonesian>
	</word>	<word>
		<sanskrit>īśam—</sanskrit>
		<indonesian>Dewa Siva; </indonesian>
	</word>	<word>
		<sanskrit>kamala-āsana-stham</sanskrit>
		<indonesian>—duduk
di atas bunga padma; </indonesian>
	</word>	<word>
		<sanskrit>ṛṣīn—</sanskrit>
		<indonesian>resi-resi yang mulia; </indonesian>
	</word>	<word>
		<sanskrit>ca—</sanskrit>
		<indonesian>juga; </indonesian>
	</word>	<word>
		<sanskrit>sarvān</sanskrit>
		<indonesian>—semua;
</indonesian>
	</word>	<word>
		<sanskrit>uragān—</sanskrit>
		<indonesian>naga-naga; </indonesian>
	</word>	<word>
		<sanskrit>ca—</sanskrit>
		<indonesian>juga; </indonesian>
	</word>	<word>
		<sanskrit>divyān—</sanskrit>
		<indonesian>rohani.</indonesian>
	</word>	<word>
		<sanskrit>aneka—</sanskrit>
		<indonesian>banyak; </indonesian>
	</word>	<word>
		<sanskrit>bāhu—</sanskrit>
		<indonesian>lenganlengan; udara—perut-perut; </indonesian>
	</word>	<word>
		<sanskrit>vaktra—</sanskrit>
		<indonesian>mulut-mulut;
</indonesian>
	</word>	<word>
		<sanskrit>netram</sanskrit>
		<indonesian>—mata; </indonesian>
	</word>	<word>
		<sanskrit>paśyāmi</sanskrit>
		<indonesian>—hamba melihat; </indonesian>
	</word>	<word>
		<sanskrit>tvām</sanskrit>
		<indonesian>—Anda; </indonesian>
	</word>	<word>
		<sanskrit>sarvataḥ</sanskrit>
		<indonesian>—di
segala sisi; ananta</indonesian>
	</word>	<word>
		<sanskrit>rūpam—</sanskrit>
		<indonesian>bentuk yang tidak terhingga; na </indonesian>
	</word>	<word>
		<sanskrit>antam—</sanskrit>
		<indonesian>tidak
ada habisnya; na </indonesian>
	</word>	<word>
		<sanskrit>madhyam—</sanskrit>
		<indonesian>tidak ada pertengahannya; na </indonesian>
	</word>	<word>
		<sanskrit>punaḥ—</sanskrit>
		<indonesian>tidak
lagi; </indonesian>
	</word>	<word>
		<sanskrit>tavā—</sanskrit>
		<indonesian>milik Anda; </indonesian>
	</word>	<word>
		<sanskrit>ādim—</sanskrit>
		<indonesian>permulaan; </indonesian>
	</word>	<word>
		<sanskrit>paśyāmi</sanskrit>
		<indonesian>—hamba
melihat; </indonesian>
	</word>	<word>
		<sanskrit>viśva-īśvara—</sanskrit>
		<indonesian>o Penguasa alam semesta; </indonesian>
	</word>	<word>
		<sanskrit>viśva-rūpa</sanskrit>
		<indonesian>—dalam
bentuk alam semesta.</indonesian>
	</word>	<word>
		<sanskrit>kirīṭinam</sanskrit>
		<indonesian>—dengan mahkota-mahkota; </indonesian>
	</word>	<word>
		<sanskrit>gadinam</sanskrit>
		<indonesian>—dengan gada-gada; </indonesian>
	</word>	<word>
		<sanskrit>cakriṇam</sanskrit>
		<indonesian>—dengan
cakracakra; </indonesian>
	</word>	<word>
		<sanskrit>ca—</sanskrit>
		<indonesian>dan; </indonesian>
	</word>	<word>
		<sanskrit>dyutimatejaḥ-rāśim</sanskrit>
		<indonesian>—sinar; </indonesian>
	</word>	<word>
		<sanskrit>sarvataḥ</sanskrit>
		<indonesian>—di
segala sisi; </indonesian>
	</word>	<word>
		<sanskrit>dīpti-mantam—</sanskrit>
		<indonesian>menyala; </indonesian>
	</word>	<word>
		<sanskrit>paśyāmi</sanskrit>
		<indonesian>—hamba melihat; </indonesian>
	</word>	<word>
		<sanskrit>tvām</sanskrit>
		<indonesian>—Anda;
</indonesian>
	</word>	<word>
		<sanskrit>durnirīkṣyam—</sanskrit>
		<indonesian>sulit dilihat; </indonesian>
	</word>	<word>
		<sanskrit>samantāt—</sanskrit>
		<indonesian>di mana-mana; </indonesian>
	</word>	<word>
		<sanskrit>dīpta-anala</sanskrit>
		<indonesian>—api
yang menyala; </indonesian>
	</word>	<word>
		<sanskrit>arka—</sanskrit>
		<indonesian>dari matahari; </indonesian>
	</word>	<word>
		<sanskrit>dyutim</sanskrit>
		<indonesian>—sinar matahari; </indonesian>
	</word>	<word>
		<sanskrit>aprameyam</sanskrit>
		<indonesian>—tidak
dapat diukur.</indonesian>
	</word>	<word>
		<sanskrit>tvām</sanskrit>
		<indonesian>—Anda; </indonesian>
	</word>	<word>
		<sanskrit>akṣaram</sanskrit>
		<indonesian>—yang tidak pernah gagal; </indonesian>
	</word>	<word>
		<sanskrit>paramam—</sanskrit>
		<indonesian>paling
utama; </indonesian>
	</word>	<word>
		<sanskrit>veditavyam</sanskrit>
		<indonesian>—harus dimengerti; </indonesian>
	</word>	<word>
		<sanskrit>tvām</sanskrit>
		<indonesian>—Anda; </indonesian>
	</word>	<word>
		<sanskrit>asya—</sanskrit>
		<indonesian>dari
ini; </indonesian>
	</word>	<word>
		<sanskrit>viśvasya</sanskrit>
		<indonesian>—alam semesta; </indonesian>
	</word>	<word>
		<sanskrit>param—</sanskrit>
		<indonesian>paling utama; </indonesian>
	</word>	<word>
		<sanskrit>nidhanam</sanskrit>
		<indonesian>—dasar;
</indonesian>
	</word>	<word>
		<sanskrit>tvām</sanskrit>
		<indonesian>—Anda; </indonesian>
	</word>	<word>
		<sanskrit>avyayāḥ—</sanskrit>
		<indonesian>tidak dapat dimusnahkan; </indonesian>
	</word>	<word>
		<sanskrit>śāśvata-dharma-goptā</sanskrit>
		<indonesian>—Pemelihara
dharma yang kekal; </indonesian>
	</word>	<word>
		<sanskrit>sanātanāḥ—</sanskrit>
		<indonesian>kekal; </indonesian>
	</word>	<word>
		<sanskrit>tvām</sanskrit>
		<indonesian>—Anda; </indonesian>
	</word>	<word>
		<sanskrit>puruṣaḥ</sanskrit>
		<indonesian>—Kepribadian
Yang Paling Utama; </indonesian>
	</word>	<word>
		<sanskrit>mataḥ me—</sanskrit>
		<indonesian>inilah pendapat hamba.</indonesian>
	</word>	<word>
		<sanskrit>anādi—</sanskrit>
		<indonesian>tidak berawal; </indonesian>
	</word>	<word>
		<sanskrit>madhya</sanskrit>
		<indonesian>—pertengahan; </indonesian>
	</word>	<word>
		<sanskrit>antam—</sanskrit>
		<indonesian>atau
akhir; </indonesian>
	</word>	<word>
		<sanskrit>ananta—</sanskrit>
		<indonesian>tidak terbatas; </indonesian>
	</word>	<word>
		<sanskrit>vīryam</sanskrit>
		<indonesian>—kebesaran; </indonesian>
	</word>	<word>
		<sanskrit>ananta—</sanskrit>
		<indonesian>tidak
terbatas; </indonesian>
	</word>	<word>
		<sanskrit>bāhum</sanskrit>
		<indonesian>—lengan-lengan; </indonesian>
	</word>	<word>
		<sanskrit>śaśī—</sanskrit>
		<indonesian>bulan; </indonesian>
	</word>	<word>
		<sanskrit>sūrya—</sanskrit>
		<indonesian>dan
matahari; </indonesian>
	</word>	<word>
		<sanskrit>netram</sanskrit>
		<indonesian>—mata; </indonesian>
	</word>	<word>
		<sanskrit>paśyāmi</sanskrit>
		<indonesian>—hamba melihat; </indonesian>
	</word>	<word>
		<sanskrit>tvām</sanskrit>
		<indonesian>—Anda; </indonesian>
	</word>	<word>
		<sanskrit>dīpta</sanskrit>
		<indonesian>—bernyala;
</indonesian>
	</word>	<word>
		<sanskrit>hutāśa-vaktram</sanskrit>
		<indonesian>—api keluar dari mulut Anda; </indonesian>
	</word>	<word>
		<sanskrit>sva-tejasā</sanskrit>
		<indonesian>—oleh cahaya
Anda; </indonesian>
	</word>	<word>
		<sanskrit>viśvam—</sanskrit>
		<indonesian>alam semesta; </indonesian>
	</word>	<word>
		<sanskrit>idam—</sanskrit>
		<indonesian>ini; </indonesian>
	</word>	<word>
		<sanskrit>tapantam—</sanskrit>
		<indonesian>memanaskan.</indonesian>
	</word>	<word>
		<sanskrit>dyau</sanskrit>
		<indonesian>—dari antariksa; </indonesian>
	</word>	<word>
		<sanskrit>ā-pṛthivyoḥ</sanskrit>
		<indonesian>—sampai bumi; </indonesian>
	</word>	<word>
		<sanskrit>idam—</sanskrit>
		<indonesian>ini;
</indonesian>
	</word>	<word>
		<sanskrit>antaram</sanskrit>
		<indonesian>—antara; </indonesian>
	</word>	<word>
		<sanskrit>hi—</sanskrit>
		<indonesian>pasti; vyap</indonesian>
	</word>	<word>
		<sanskrit>tam—</sanskrit>
		<indonesian>berada di mana-mana; </indonesian>
	</word>	<word>
		<sanskrit>tvayā—</sanskrit>
		<indonesian>oleh
Anda; </indonesian>
	</word>	<word>
		<sanskrit>ekena—</sanskrit>
		<indonesian>sendiri; </indonesian>
	</word>	<word>
		<sanskrit>diśaḥ—</sanskrit>
		<indonesian>arah-arah; </indonesian>
	</word>	<word>
		<sanskrit>ca—</sanskrit>
		<indonesian>dan; </indonesian>
	</word>	<word>
		<sanskrit>sarvaḥ</sanskrit>
		<indonesian>—semua;
</indonesian>
	</word>	<word>
		<sanskrit>dṛṣṭvā</sanskrit>
		<indonesian>—dengan melihat; </indonesian>
	</word>	<word>
		<sanskrit>adbhutam—</sanskrit>
		<indonesian>ajaib; </indonesian>
	</word>	<word>
		<sanskrit>rūpam—</sanskrit>
		<indonesian>bentuk; </indonesian>
	</word>	<word>
		<sanskrit>ugram</sanskrit>
		<indonesian>—mengerikan;
</indonesian>
	</word>	<word>
		<sanskrit>tava</sanskrit>
		<indonesian>—milik Anda; </indonesian>
	</word>	<word>
		<sanskrit>idam—</sanskrit>
		<indonesian>ini; </indonesian>
	</word>	<word>
		<sanskrit>loka—</sanskrit>
		<indonesian>susunan planet-planet; </indonesian>
	</word>	<word>
		<sanskrit>trayam—</sanskrit>
		<indonesian>tiga;
</indonesian>
	</word>	<word>
		<sanskrit>pravyathitam—</sanskrit>
		<indonesian>digoyahkan; </indonesian>
	</word>	<word>
		<sanskrit>mahā-ātman</sanskrit>
		<indonesian>—o Yang Mulia.</indonesian>
	</word>	<word>
		<sanskrit>amī</sanskrit>
		<indonesian>—semua itu; </indonesian>
	</word>	<word>
		<sanskrit>hi—</sanskrit>
		<indonesian>pasti; </indonesian>
	</word>	<word>
		<sanskrit>tvām</sanskrit>
		<indonesian>—Anda; </indonesian>
	</word>	<word>
		<sanskrit>sura-sańghāḥ</sanskrit>
		<indonesian>—kelompok-kelompok
dewa; </indonesian>
	</word>	<word>
		<sanskrit>viśanti</sanskrit>
		<indonesian>—masuk; </indonesian>
	</word>	<word>
		<sanskrit>kecit</sanskrit>
		<indonesian>—beberapa diantaranya; </indonesian>
	</word>	<word>
		<sanskrit>bhītāḥ</sanskrit>
		<indonesian>—karena
rasa takut; </indonesian>
	</word>	<word>
		<sanskrit>prāñjalayaḥ—</sanskrit>
		<indonesian>dengan mencakupkan tangan; </indonesian>
	</word>	<word>
		<sanskrit>gṛṇanti</sanskrit>
		<indonesian>—mempersembahkan
doa-doa pujian; </indonesian>
	</word>	<word>
		<sanskrit>svasti—</sanskrit>
		<indonesian>segala kedamaian; </indonesian>
	</word>	<word>
		<sanskrit>iti—</sanskrit>
		<indonesian>demikian; </indonesian>
	</word>	<word>
		<sanskrit>uktvā</sanskrit>
		<indonesian>—berkata;
</indonesian>
	</word>	<word>
		<sanskrit>mahā-ṛṣi</sanskrit>
		<indonesian>—para resi-resi yang mulia;</indonesian>
	</word>	<word>
		<sanskrit>siddha-sańghāḥ</sanskrit>
		<indonesian>—makhluk-makhluk
yang sempurna; </indonesian>
	</word>	<word>
		<sanskrit>stuvanti</sanskrit>
		<indonesian>—menyanyi doa-doa pujian; </indonesian>
	</word>	<word>
		<sanskrit>tvām</sanskrit>
		<indonesian>—kepada
Anda; </indonesian>
	</word>	<word>
		<sanskrit>stutibhiḥ</sanskrit>
		<indonesian>—dengan doa-doa pujian; </indonesian>
	</word>	<word>
		<sanskrit>puṣkalābhiḥ</sanskrit>
		<indonesian>—mantera-mantera
Veda.</indonesian>
	</word>	<word>
		<sanskrit>rudra</sanskrit>
		<indonesian>—perwujudan-perwujudan Dewa Siva; </indonesian>
	</word>	<word>
		<sanskrit>ādityāḥ—</sanskrit>
		<indonesian>para </indonesian>
	</word>	<word>
		<sanskrit>Āditya</sanskrit>
		<indonesian>;
</indonesian>
	</word>	<word>
		<sanskrit>vāsavaḥ—</sanskrit>
		<indonesian>para Vasu; </indonesian>
	</word>	<word>
		<sanskrit>ye—</sanskrit>
		<indonesian>semua itu; </indonesian>
	</word>	<word>
		<sanskrit>ca—</sanskrit>
		<indonesian>dan; </indonesian>
	</word>	<word>
		<sanskrit>sādhyāḥ—</sanskrit>
		<indonesian>para
Sadhya; </indonesian>
	</word>	<word>
		<sanskrit>viśve</sanskrit>
		<indonesian>—para </indonesian>
	</word>	<word>
		<sanskrit>Viśvedeva</sanskrit>
		<indonesian>; </indonesian>
	</word>	<word>
		<sanskrit>aśvinau</sanskrit>
		<indonesian>—kedua </indonesian>
	</word>	<word>
		<sanskrit>Aśvinī-kumāra</sanskrit>
		<indonesian>;
</indonesian>
	</word>	<word>
		<sanskrit>mārutaḥ</sanskrit>
		<indonesian>—para Marut; </indonesian>
	</word>	<word>
		<sanskrit>ca—</sanskrit>
		<indonesian>dan; </indonesian>
	</word>	<word>
		<sanskrit>uṣma-pāḥ</sanskrit>
		<indonesian>—para leluhur; </indonesian>
	</word>	<word>
		<sanskrit>ca—</sanskrit>
		<indonesian>dan;
</indonesian>
	</word>	<word>
		<sanskrit>gandharva</sanskrit>
		<indonesian>—para Gandharva; </indonesian>
	</word>	<word>
		<sanskrit>yakṣa</sanskrit>
		<indonesian>—para Yaksa; </indonesian>
	</word>	<word>
		<sanskrit>asura</sanskrit>
		<indonesian>—para </indonesian>
	</word>	<word>
		<sanskrit>asura</sanskrit>
		<indonesian>
dan tujuan-tujuan yang jahat; </indonesian>
	</word>	<word>
		<sanskrit>siddha</sanskrit>
		<indonesian>—dan dewa-dewa yang sempurna; </indonesian>
	</word>	<word>
		<sanskrit>sańghāḥ</sanskrit>
		<indonesian>—sidang-sidang;
</indonesian>
	</word>	<word>
		<sanskrit>vīkṣante—</sanskrit>
		<indonesian>sedang menatap; </indonesian>
	</word>	<word>
		<sanskrit>tvām</sanskrit>
		<indonesian>—Anda; </indonesian>
	</word>	<word>
		<sanskrit>vismitāḥ</sanskrit>
		<indonesian>—dengan rasa
kagum; </indonesian>
	</word>	<word>
		<sanskrit>ca—</sanskrit>
		<indonesian>juga; </indonesian>
	</word>	<word>
		<sanskrit>evā—</sanskrit>
		<indonesian>pasti; </indonesian>
	</word>	<word>
		<sanskrit>sarve</sanskrit>
		<indonesian>—semua.</indonesian>
	</word>	<word>
		<sanskrit>rūpam—</sanskrit>
		<indonesian>bentuk; </indonesian>
	</word>	<word>
		<sanskrit>mahat—</sanskrit>
		<indonesian>mulia sekali; </indonesian>
	</word>	<word>
		<sanskrit>te—</sanskrit>
		<indonesian>milik Anda; </indonesian>
	</word>	<word>
		<sanskrit>bahu—banyak</sanskrit>
		<indonesian>;
</indonesian>
	</word>	<word>
		<sanskrit>vaktra</sanskrit>
		<indonesian>—muka-muka; </indonesian>
	</word>	<word>
		<sanskrit>netram</sanskrit>
		<indonesian>—dan mata; </indonesian>
	</word>	<word>
		<sanskrit>mahā-bāho—</sanskrit>
		<indonesian>o Kepribadian
yang berlengan perkasa; </indonesian>
	</word>	<word>
		<sanskrit>bahu—banyak</sanskrit>
		<indonesian>; </indonesian>
	</word>	<word>
		<sanskrit>bāhu—</sanskrit>
		<indonesian>lengan-lengan; </indonesian>
	</word>	<word>
		<sanskrit>ūru</sanskrit>
		<indonesian>—paha;
</indonesian>
	</word>	<word>
		<sanskrit>padam—</sanskrit>
		<indonesian>dan kaki; </indonesian>
	</word>	<word>
		<sanskrit>bahu-udaram</sanskrit>
		<indonesian>—banyak perut; </indonesian>
	</word>	<word>
		<sanskrit>bahu-daḿṣṭrā</sanskrit>
		<indonesian>—banyak
gigi; </indonesian>
	</word>	<word>
		<sanskrit>karālam</sanskrit>
		<indonesian>—mengerikan; </indonesian>
	</word>	<word>
		<sanskrit>dṛṣṭvā</sanskrit>
		<indonesian>—melihat; </indonesian>
	</word>	<word>
		<sanskrit>lokaḥ</sanskrit>
		<indonesian>—semua
planet; </indonesian>
	</word>	<word>
		<sanskrit>pravyathitāḥ</sanskrit>
		<indonesian>—digoyahkan; </indonesian>
	</word>	<word>
		<sanskrit>tathā—</sanskrit>
		<indonesian>seperti itu juga; </indonesian>
	</word>	<word>
		<sanskrit>aham—</sanskrit>
		<indonesian>hamba.</indonesian>
	</word>	<word>
		<sanskrit>nabhaḥ-spṛśam</sanskrit>
		<indonesian>—menyentuh langit; </indonesian>
	</word>	<word>
		<sanskrit>dīptam—</sanskrit>
		<indonesian>bernyala; </indonesian>
	</word>	<word>
		<sanskrit>aneka—</sanskrit>
		<indonesian>banyak;
</indonesian>
	</word>	<word>
		<sanskrit>varṇam</sanskrit>
		<indonesian>—warna; </indonesian>
	</word>	<word>
		<sanskrit>vyātta</sanskrit>
		<indonesian>—terbuka; </indonesian>
	</word>	<word>
		<sanskrit>ānānām</sanskrit>
		<indonesian>—mulut-mulut; </indonesian>
	</word>	<word>
		<sanskrit>dīpta</sanskrit>
		<indonesian>—menyala;
</indonesian>
	</word>	<word>
		<sanskrit>viśāla</sanskrit>
		<indonesian>—mulia sekali; </indonesian>
	</word>	<word>
		<sanskrit>netram</sanskrit>
		<indonesian>—mata; </indonesian>
	</word>	<word>
		<sanskrit>dṛṣṭvā</sanskrit>
		<indonesian>—melihat; </indonesian>
	</word>	<word>
		<sanskrit>hi—</sanskrit>
		<indonesian>pasti;
</indonesian>
	</word>	<word>
		<sanskrit>tvām</sanskrit>
		<indonesian>—Anda; </indonesian>
	</word>	<word>
		<sanskrit>pravyathita</sanskrit>
		<indonesian>—goyah; </indonesian>
	</word>	<word>
		<sanskrit>antaḥ</sanskrit>
		<indonesian>—di dalam; </indonesian>
	</word>	<word>
		<sanskrit>ātmā—</sanskrit>
		<indonesian>roh;
</indonesian>
	</word>	<word>
		<sanskrit>dhṛtim</sanskrit>
		<indonesian>—sikap mantap; </indonesian>
	</word>	<word>
		<sanskrit>na—</sanskrit>
		<indonesian>tidak; </indonesian>
	</word>	<word>
		<sanskrit>vindāmi</sanskrit>
		<indonesian>—hamba mempunyai; </indonesian>
	</word>	<word>
		<sanskrit>samām—</sanskrit>
		<indonesian>ketenangan
pikiran; </indonesian>
	</word>	<word>
		<sanskrit>ca—</sanskrit>
		<indonesian>juga; </indonesian>
	</word>	<word>
		<sanskrit>viṣṇo</sanskrit>
		<indonesian>—o Sri  Visnu.</indonesian>
	</word>	<word>
		<sanskrit>daḿṣṭrā</sanskrit>
		<indonesian>—gigi; </indonesian>
	</word>	<word>
		<sanskrit>karālāni</sanskrit>
		<indonesian>—mengerikan; </indonesian>
	</word>	<word>
		<sanskrit>ca—</sanskrit>
		<indonesian>juga; </indonesian>
	</word>	<word>
		<sanskrit>te—</sanskrit>
		<indonesian>milik
Anda; </indonesian>
	</word>	<word>
		<sanskrit>mukhāni</sanskrit>
		<indonesian>—wajah-wajah; </indonesian>
	</word>	<word>
		<sanskrit>dṛṣṭvā</sanskrit>
		<indonesian>—dengan melihat; </indonesian>
	</word>	<word>
		<sanskrit>evā—</sanskrit>
		<indonesian>demikian;
</indonesian>
	</word>	<word>
		<sanskrit>kāla-anala</sanskrit>
		<indonesian>—api kematian; </indonesian>
	</word>	<word>
		<sanskrit>sannibhāni</sanskrit>
		<indonesian>—seolah-olah; </indonesian>
	</word>	<word>
		<sanskrit>diśaḥ—</sanskrit>
		<indonesian>arah-arah;
</indonesian>
	</word>	<word>
		<sanskrit>na—</sanskrit>
		<indonesian>tidak; </indonesian>
	</word>	<word>
		<sanskrit>jāne</sanskrit>
		<indonesian>—hamba mengetahui; </indonesian>
	</word>	<word>
		<sanskrit>na—</sanskrit>
		<indonesian>tidak; </indonesian>
	</word>	<word>
		<sanskrit>labhe</sanskrit>
		<indonesian>—hamba
memperoleh; </indonesian>
	</word>	<word>
		<sanskrit>ca—</sanskrit>
		<indonesian>dan; </indonesian>
	</word>	<word>
		<sanskrit>śarma</sanskrit>
		<indonesian>—karunia; </indonesian>
	</word>	<word>
		<sanskrit>prasīda</sanskrit>
		<indonesian>—berpuas hati; </indonesian>
	</word>	<word>
		<sanskrit>deva-īśa</sanskrit>
		<indonesian>—o
Penguasa semua dewa; </indonesian>
	</word>	<word>
		<sanskrit>jagat-nivāsa</sanskrit>
		<indonesian>—o Pelindung dunia-dunia.</indonesian>
	</word>	<word>
		<sanskrit>amī</sanskrit>
		<indonesian>—yang ini; </indonesian>
	</word>	<word>
		<sanskrit>ca—</sanskrit>
		<indonesian>juga; </indonesian>
	</word>	<word>
		<sanskrit>tvām</sanskrit>
		<indonesian>—Anda; </indonesian>
	</word>	<word>
		<sanskrit>dhṛtarāṣṭrasya</sanskrit>
		<indonesian>—milik
</indonesian>
	</word>	<word>
		<sanskrit>Dhṛtarāṣṭra</sanskrit>
		<indonesian>; </indonesian>
	</word>	<word>
		<sanskrit>putrāḥ</sanskrit>
		<indonesian>—para putera; </indonesian>
	</word>	<word>
		<sanskrit>sarve</sanskrit>
		<indonesian>—semua; </indonesian>
	</word>	<word>
		<sanskrit>saha—</sanskrit>
		<indonesian>dengan;
</indonesian>
	</word>	<word>
		<sanskrit>evā—</sanskrit>
		<indonesian>memang; </indonesian>
	</word>	<word>
		<sanskrit>avani-pāla</sanskrit>
		<indonesian>—para raja  kesatria; </indonesian>
	</word>	<word>
		<sanskrit>sańghaiḥ</sanskrit>
		<indonesian>—kelompok-kelompok;
</indonesian>
	</word>	<word>
		<sanskrit>bhīṣmaḥ</sanskrit>
		<indonesian>—Bhīṣmadeva; </indonesian>
	</word>	<word>
		<sanskrit>dronaḥ—</sanskrit>
		<indonesian>Dronacarya; </indonesian>
	</word>	<word>
		<sanskrit>sūta-putraḥ</sanskrit>
		<indonesian>—</indonesian>
	</word>	<word>
		<sanskrit>Karṇa</sanskrit>
		<indonesian>;
</indonesian>
	</word>	<word>
		<sanskrit>tathā—</sanskrit>
		<indonesian>juga; </indonesian>
	</word>	<word>
		<sanskrit>asau</sanskrit>
		<indonesian>—itu; </indonesian>
	</word>	<word>
		<sanskrit>saha—</sanskrit>
		<indonesian>dengan; </indonesian>
	</word>	<word>
		<sanskrit>asmadīyaiḥ</sanskrit>
		<indonesian>—milik
kita; </indonesian>
	</word>	<word>
		<sanskrit>api—</sanskrit>
		<indonesian>juga; </indonesian>
	</word>	<word>
		<sanskrit>yodha-mukhyaiḥ</sanskrit>
		<indonesian>—pemimpin-pemimpin para kesatria; </indonesian>
	</word>	<word>
		<sanskrit>vaktrāṇi</sanskrit>
		<indonesian>—mulut-mulut;
</indonesian>
	</word>	<word>
		<sanskrit>te—</sanskrit>
		<indonesian>milik Anda; </indonesian>
	</word>	<word>
		<sanskrit>tvaramāṇāḥ</sanskrit>
		<indonesian>—lari; </indonesian>
	</word>	<word>
		<sanskrit>viśanti</sanskrit>
		<indonesian>—masuk; </indonesian>
	</word>	<word>
		<sanskrit>daḿṣṭrā</sanskrit>
		<indonesian>—gigi;
</indonesian>
	</word>	<word>
		<sanskrit>karālāni</sanskrit>
		<indonesian>—mengerikan; </indonesian>
	</word>	<word>
		<sanskrit>bhayānakāni</sanskrit>
		<indonesian>—sangat menakutkan; </indonesian>
	</word>	<word>
		<sanskrit>kecit</sanskrit>
		<indonesian>—beberapa
diantaranya; </indonesian>
	</word>	<word>
		<sanskrit>vilagnāḥ—</sanskrit>
		<indonesian>menjadi terikat; </indonesian>
	</word>	<word>
		<sanskrit>daśana-antareṣu</sanskrit>
		<indonesian>—antara
gigi; </indonesian>
	</word>	<word>
		<sanskrit>sandṛśyante—</sanskrit>
		<indonesian>dilihat; </indonesian>
	</word>	<word>
		<sanskrit>cūrṇitaiḥ</sanskrit>
		<indonesian>—dengan yang dihancurkan; </indonesian>
	</word>	<word>
		<sanskrit>uttama-ańgaiḥ</sanskrit>
		<indonesian>—kepala-kepala.</indonesian>
	</word>	<word>
		<sanskrit>yathā—</sanskrit>
		<indonesian>bagaikan; </indonesian>
	</word>	<word>
		<sanskrit>nadīnām</sanskrit>
		<indonesian>—dari sungai-sungai; </indonesian>
	</word>	<word>
		<sanskrit>bahavah</sanskrit>
		<indonesian>—banyak;
</indonesian>
	</word>	<word>
		<sanskrit>ambu-vegāḥ</sanskrit>
		<indonesian>—ombak-ombak dalam air; </indonesian>
	</word>	<word>
		<sanskrit>samudram</sanskrit>
		<indonesian>—lautan; </indonesian>
	</word>	<word>
		<sanskrit>evā—</sanskrit>
		<indonesian>pasti;
</indonesian>
	</word>	<word>
		<sanskrit>abhimukhāḥ</sanskrit>
		<indonesian>—menuju; </indonesian>
	</word>	<word>
		<sanskrit>dravanti</sanskrit>
		<indonesian>—meluncur; </indonesian>
	</word>	<word>
		<sanskrit>tathā—</sanskrit>
		<indonesian>seperti itu
pula; </indonesian>
	</word>	<word>
		<sanskrit>tavā—</sanskrit>
		<indonesian>milik Anda; </indonesian>
	</word>	<word>
		<sanskrit>amī</sanskrit>
		<indonesian>—semua ini; </indonesian>
	</word>	<word>
		<sanskrit>nara-loka-vīrāḥ</sanskrit>
		<indonesian>—raja-raja
masyarakat manusia; </indonesian>
	</word>	<word>
		<sanskrit>viśanti</sanskrit>
		<indonesian>—masuk; </indonesian>
	</word>	<word>
		<sanskrit>vaktrāṇi</sanskrit>
		<indonesian>—mulut-mulut; </indonesian>
	</word>	<word>
		<sanskrit>abhivijvalanti</sanskrit>
		<indonesian>—dan
menyala.</indonesian>
	</word>	<word>
		<sanskrit>yathā—</sanskrit>
		<indonesian>bagaikan; </indonesian>
	</word>	<word>
		<sanskrit>pradīptam—</sanskrit>
		<indonesian>menyala; </indonesian>
	</word>	<word>
		<sanskrit>jvalanam</sanskrit>
		<indonesian>—api; </indonesian>
	</word>	<word>
		<sanskrit>patańgāḥ</sanskrit>
		<indonesian>—kupu-kupu;
</indonesian>
	</word>	<word>
		<sanskrit>viśanti</sanskrit>
		<indonesian>—masuk; </indonesian>
	</word>	<word>
		<sanskrit>nāśāya</sanskrit>
		<indonesian>—untuk dihancurkan; </indonesian>
	</word>	<word>
		<sanskrit>samṛddha</sanskrit>
		<indonesian>—dengan
penuh; </indonesian>
	</word>	<word>
		<sanskrit>vegāḥ</sanskrit>
		<indonesian>—kecepatan; </indonesian>
	</word>	<word>
		<sanskrit>tathā</sanskrit>
		<indonesian> </indonesian>
	</word>	<word>
		<sanskrit>evā—</sanskrit>
		<indonesian>seperti itu pula; </indonesian>
	</word>	<word>
		<sanskrit>nāśāya</sanskrit>
		<indonesian>—untuk
dihancurkan; </indonesian>
	</word>	<word>
		<sanskrit>viśanti</sanskrit>
		<indonesian>—masuk; </indonesian>
	</word>	<word>
		<sanskrit>lokaḥ</sanskrit>
		<indonesian>—semua orang; </indonesian>
	</word>	<word>
		<sanskrit>tavā—</sanskrit>
		<indonesian>milik
Anda; </indonesian>
	</word>	<word>
		<sanskrit>api—</sanskrit>
		<indonesian>juga; </indonesian>
	</word>	<word>
		<sanskrit>vaktrāṇi</sanskrit>
		<indonesian>—mulut-mulut; </indonesian>
	</word>	<word>
		<sanskrit>samṛddhavegāḥ</sanskrit>
		<indonesian>—dengan
kecepatan penuh.</indonesian>
	</word>	<word>
		<sanskrit>lelihyase</sanskrit>
		<indonesian>—Anda menjilat; </indonesian>
	</word>	<word>
		<sanskrit>grasamānaḥ</sanskrit>
		<indonesian>—menelan; </indonesian>
	</word>	<word>
		<sanskrit>samantāt—</sanskrit>
		<indonesian>segala
arah; </indonesian>
	</word>	<word>
		<sanskrit>lokān</sanskrit>
		<indonesian>—orang; </indonesian>
	</word>	<word>
		<sanskrit>samagrān</sanskrit>
		<indonesian>—semua; </indonesian>
	</word>	<word>
		<sanskrit>vādān aiḥ</sanskrit>
		<indonesian>—oleh
mulut-mulut; </indonesian>
	</word>	<word>
		<sanskrit>jvaladbhiḥ</sanskrit>
		<indonesian>—yang mengeluarkan banyak api; </indonesian>
	</word>	<word>
		<sanskrit>tejobhiḥ</sanskrit>
		<indonesian>—oleh
cahaya; apurya—menutupi; </indonesian>
	</word>	<word>
		<sanskrit>jagat</sanskrit>
		<indonesian>—alam semesta; </indonesian>
	</word>	<word>
		<sanskrit>samagram—</sanskrit>
		<indonesian>semua; </indonesian>
	</word>	<word>
		<sanskrit>bhāsaḥ—</sanskrit>
		<indonesian>sinar-sinar;
</indonesian>
	</word>	<word>
		<sanskrit>tava</sanskrit>
		<indonesian>—milik Anda; </indonesian>
	</word>	<word>
		<sanskrit>ugrāḥ</sanskrit>
		<indonesian>—mengerikan; </indonesian>
	</word>	<word>
		<sanskrit>pratapanti</sanskrit>
		<indonesian>—menganguskan;
</indonesian>
	</word>	<word>
		<sanskrit>viṣṇo</sanskrit>
		<indonesian>—o Tuhan Yang Maha Esa yang berada di mana-mana.</indonesian>
	</word>	<word>
		<sanskrit>ākhyāhi—</sanskrit>
		<indonesian>mohon menjelaskan; </indonesian>
	</word>	<word>
		<sanskrit>me—</sanskrit>
		<indonesian>kepada hamba; </indonesian>
	</word>	<word>
		<sanskrit>kaḥ—</sanskrit>
		<indonesian>siapa;
</indonesian>
	</word>	<word>
		<sanskrit>bhavān</sanskrit>
		<indonesian>—Anda; </indonesian>
	</word>	<word>
		<sanskrit>ugra-rūpaḥ</sanskrit>
		<indonesian>—bentuk yang ganas; </indonesian>
	</word>	<word>
		<sanskrit>namaḥ astu—</sanskrit>
		<indonesian>sembah
sujud; </indonesian>
	</word>	<word>
		<sanskrit>te—</sanskrit>
		<indonesian>kepada Anda; </indonesian>
	</word>	<word>
		<sanskrit>deva-vara—</sanskrit>
		<indonesian>o Kepribadian yang mulia di
kalangan para dewa; </indonesian>
	</word>	<word>
		<sanskrit>prasīda</sanskrit>
		<indonesian>—memberi karunia; </indonesian>
	</word>	<word>
		<sanskrit>vijñātum</sanskrit>
		<indonesian>—mengenal; </indonesian>
	</word>	<word>
		<sanskrit>icchāmi</sanskrit>
		<indonesian>—hamba
ingin; </indonesian>
	</word>	<word>
		<sanskrit>bhavāntam—</sanskrit>
		<indonesian>Anda; </indonesian>
	</word>	<word>
		<sanskrit>ādyam—</sanskrit>
		<indonesian>yang asli; </indonesian>
	</word>	<word>
		<sanskrit>na—</sanskrit>
		<indonesian>tidak; </indonesian>
	</word>	<word>
		<sanskrit>hi—</sanskrit>
		<indonesian>pasti;
</indonesian>
	</word>	<word>
		<sanskrit>prajānāmi</sanskrit>
		<indonesian>—hamba mengetahui; </indonesian>
	</word>	<word>
		<sanskrit>tavā—</sanskrit>
		<indonesian>milik Anda; </indonesian>
	</word>	<word>
		<sanskrit>pravṛttim</sanskrit>
		<indonesian>—maksud.</indonesian>
	</word>	<word>
		<sanskrit>Śrī-bhagavān uvāca—</sanskrit>
		<indonesian>Kepribadian Tuhan Yang Maha Esa bersabda; </indonesian>
	</word>	<word>
		<sanskrit>kālaḥ—</sanskrit>
		<indonesian>waktu;
</indonesian>
	</word>	<word>
		<sanskrit>asmi—</sanskrit>
		<indonesian>Aku adalah; </indonesian>
	</word>	<word>
		<sanskrit>loka—</sanskrit>
		<indonesian>terhadap dunia-dunia; </indonesian>
	</word>	<word>
		<sanskrit>kṣaya-kṛt</sanskrit>
		<indonesian>—yang
membinasakan; </indonesian>
	</word>	<word>
		<sanskrit>pravṛddhaḥ</sanskrit>
		<indonesian>—mulia; </indonesian>
	</word>	<word>
		<sanskrit>lokān</sanskrit>
		<indonesian>—semua orang; </indonesian>
	</word>	<word>
		<sanskrit>samāhartum</sanskrit>
		<indonesian>—dalam
menghancurkan; </indonesian>
	</word>	<word>
		<sanskrit>iha—</sanskrit>
		<indonesian>di dunia ini; </indonesian>
	</word>	<word>
		<sanskrit>pravṛddhaḥ</sanskrit>
		<indonesian>—sibuk; </indonesian>
	</word>	<word>
		<sanskrit>ṛte—</sanskrit>
		<indonesian>tanpa
kecuali; </indonesian>
	</word>	<word>
		<sanskrit>api—</sanskrit>
		<indonesian>pun; </indonesian>
	</word>	<word>
		<sanskrit>tvām</sanskrit>
		<indonesian>—engkau; </indonesian>
	</word>	<word>
		<sanskrit>na—</sanskrit>
		<indonesian>tidak pernah; </indonesian>
	</word>	<word>
		<sanskrit>bhaviṣyanti—</sanskrit>
		<indonesian>akan
menjadi; </indonesian>
	</word>	<word>
		<sanskrit>sarve</sanskrit>
		<indonesian>—semua; </indonesian>
	</word>	<word>
		<sanskrit>ye—</sanskrit>
		<indonesian>yang; </indonesian>
	</word>	<word>
		<sanskrit>avasthitāḥ</sanskrit>
		<indonesian>—berada; </indonesian>
	</word>	<word>
		<sanskrit>prati-anīkeṣu—</sanskrit>
		<indonesian>di
pihak-pihak yang saling melawan; </indonesian>
	</word>	<word>
		<sanskrit>yodhāḥ</sanskrit>
		<indonesian>—tentara.</indonesian>
	</word>	<word>
		<sanskrit>tasmāt—</sanskrit>
		<indonesian>karena itu; </indonesian>
	</word>	<word>
		<sanskrit>tvām</sanskrit>
		<indonesian>—engkau; </indonesian>
	</word>	<word>
		<sanskrit>uttiṣṭha</sanskrit>
		<indonesian>—bangun; </indonesian>
	</word>	<word>
		<sanskrit>yaśaḥ—</sanskrit>
		<indonesian>kemasyhuran;
</indonesian>
	</word>	<word>
		<sanskrit>labhasva</sanskrit>
		<indonesian>—keuntungan; </indonesian>
	</word>	<word>
		<sanskrit>jitvā—</sanskrit>
		<indonesian>menaklukkan; </indonesian>
	</word>	<word>
		<sanskrit>śatrūn</sanskrit>
		<indonesian>—musuh; </indonesian>
	</word>	<word>
		<sanskrit>bhuńkṣva</sanskrit>
		<indonesian>—menikmati;
</indonesian>
	</word>	<word>
		<sanskrit>rājyam—</sanskrit>
		<indonesian>kerajaan; </indonesian>
	</word>	<word>
		<sanskrit>samṛddham</sanskrit>
		<indonesian>—makmur; </indonesian>
	</word>	<word>
		<sanskrit>mayā</sanskrit>
		<indonesian>—oleh-Ku; </indonesian>
	</word>	<word>
		<sanskrit>eva</sanskrit>
		<indonesian>—pasti;
</indonesian>
	</word>	<word>
		<sanskrit>ete—</sanskrit>
		<indonesian>semua ini; </indonesian>
	</word>	<word>
		<sanskrit>nihatāḥ—</sanskrit>
		<indonesian>dibunuh; </indonesian>
	</word>	<word>
		<sanskrit>pūrvam eva—</sanskrit>
		<indonesian>oleh sesuatu
yang sudah diatur sebelumnya; </indonesian>
	</word>	<word>
		<sanskrit>nimitta-mātram</sanskrit>
		<indonesian>—hanya menyebabkan; </indonesian>
	</word>	<word>
		<sanskrit>bhava</sanskrit>
		<indonesian>—menjadi;
</indonesian>
	</word>	<word>
		<sanskrit>savya-sācin</sanskrit>
		<indonesian>—wahai Savyasaci.</indonesian>
	</word>	<word>
		<sanskrit>droṇam</sanskrit>
		<indonesian> </indonesian>
	</word>	<word>
		<sanskrit>ca—</sanskrit>
		<indonesian>juga Drona; </indonesian>
	</word>	<word>
		<sanskrit>Bhīṣmam</sanskrit>
		<indonesian> </indonesian>
	</word>	<word>
		<sanskrit>ca—</sanskrit>
		<indonesian>juga </indonesian>
	</word>	<word>
		<sanskrit>Bhīṣma</sanskrit>
		<indonesian>;
</indonesian>
	</word>	<word>
		<sanskrit>jayadrathamca—</sanskrit>
		<indonesian>juga Jayadratha; </indonesian>
	</word>	<word>
		<sanskrit>karṇam</sanskrit>
		<indonesian>—</indonesian>
	</word>	<word>
		<sanskrit>Karṇa</sanskrit>
		<indonesian>; </indonesian>
	</word>	<word>
		<sanskrit>tathā—</sanskrit>
		<indonesian>juga;
</indonesian>
	</word>	<word>
		<sanskrit>anyān—</sanskrit>
		<indonesian>lain-lain; </indonesian>
	</word>	<word>
		<sanskrit>api—</sanskrit>
		<indonesian>pasti; </indonesian>
	</word>	<word>
		<sanskrit>yodha-vīrān</sanskrit>
		<indonesian>—kesatria-kesatria
yang berwibawa; </indonesian>
	</word>	<word>
		<sanskrit>mayā</sanskrit>
		<indonesian>—oleh-Ku; </indonesian>
	</word>	<word>
		<sanskrit>hatān</sanskrit>
		<indonesian>—sudah dibunuh; </indonesian>
	</word>	<word>
		<sanskrit>tvām</sanskrit>
		<indonesian>—engkau;
</indonesian>
	</word>	<word>
		<sanskrit>jahi—</sanskrit>
		<indonesian>membinasakan; </indonesian>
	</word>	<word>
		<sanskrit>mā—</sanskrit>
		<indonesian>jangan; </indonesian>
	</word>	<word>
		<sanskrit>vyathiṣṭhāḥ—</sanskrit>
		<indonesian>merasa goyah;
</indonesian>
	</word>	<word>
		<sanskrit>yudhyasva</sanskrit>
		<indonesian>—hanya bertempur; </indonesian>
	</word>	<word>
		<sanskrit>jetā asi—</sanskrit>
		<indonesian>engkau akan menang; </indonesian>
	</word>	<word>
		<sanskrit>raṇe—</sanskrit>
		<indonesian>dalam
pertempuran; </indonesian>
	</word>	<word>
		<sanskrit>sapatnān</sanskrit>
		<indonesian>—musuh.</indonesian>
	</word>	<word>
		<sanskrit>sañjayaḥ uvāca—</sanskrit>
		<indonesian>Sañjaya berkata; </indonesian>
	</word>	<word>
		<sanskrit>etat—</sanskrit>
		<indonesian>demikian; </indonesian>
	</word>	<word>
		<sanskrit>śrutvā</sanskrit>
		<indonesian>—mendengar;
</indonesian>
	</word>	<word>
		<sanskrit>vacanam</sanskrit>
		<indonesian>—sabda; </indonesian>
	</word>	<word>
		<sanskrit>keśavasya</sanskrit>
		<indonesian>—dari Krishna; </indonesian>
	</word>	<word>
		<sanskrit>kṛta-añjaliḥ</sanskrit>
		<indonesian>—dengan
mencakupkan tangan; </indonesian>
	</word>	<word>
		<sanskrit>vepamānaḥ</sanskrit>
		<indonesian>—gemetar; </indonesian>
	</word>	<word>
		<sanskrit>kirītī</sanskrit>
		<indonesian>—</indonesian>
	</word>	<word>
		<sanskrit>Arjuna</sanskrit>
		<indonesian>; </indonesian>
	</word>	<word>
		<sanskrit>namaskṛtvā</sanskrit>
		<indonesian>—bersujud;
</indonesian>
	</word>	<word>
		<sanskrit>bhūyaḥ—</sanskrit>
		<indonesian>lagi; </indonesian>
	</word>	<word>
		<sanskrit>evā—</sanskrit>
		<indonesian>juga; </indonesian>
	</word>	<word>
		<sanskrit>āha—</sanskrit>
		<indonesian>berkata; </indonesian>
	</word>	<word>
		<sanskrit>kṛṣṇam</sanskrit>
		<indonesian>—kepada
Krishna; </indonesian>
	</word>	<word>
		<sanskrit>sa-gadgadam</sanskrit>
		<indonesian>—dengan suara yang tersendat-sendat; </indonesian>
	</word>	<word>
		<sanskrit>bhīta-bhītaḥ</sanskrit>
		<indonesian>—penuh
rasa takut; </indonesian>
	</word>	<word>
		<sanskrit>praṇamya</sanskrit>
		<indonesian>—bersujud.</indonesian>
	</word>	<word>
		<sanskrit>Arjunaḥ uvāca—</sanskrit>
		<indonesian>Arjuna berkata; </indonesian>
	</word>	<word>
		<sanskrit>sthāne</sanskrit>
		<indonesian>—patut; </indonesian>
	</word>	<word>
		<sanskrit>hṛṣīka-īśa</sanskrit>
		<indonesian>—Penguasa
semua indera; </indonesian>
	</word>	<word>
		<sanskrit>tavā—</sanskrit>
		<indonesian>milik Anda; </indonesian>
	</word>	<word>
		<sanskrit>prakīrtyā</sanskrit>
		<indonesian>—oleh kebesaran; </indonesian>
	</word>	<word>
		<sanskrit>jagat</sanskrit>
		<indonesian>—seluruh
dunia; </indonesian>
	</word>	<word>
		<sanskrit>prahṛṣyati</sanskrit>
		<indonesian>—merasa riang; </indonesian>
	</word>	<word>
		<sanskrit>anurajyate</sanskrit>
		<indonesian>—menjadi terikat; </indonesian>
	</word>	<word>
		<sanskrit>ca—</sanskrit>
		<indonesian>dan;
</indonesian>
	</word>	<word>
		<sanskrit>rakṣāḿsi</sanskrit>
		<indonesian>—raksasa-raksasa; </indonesian>
	</word>	<word>
		<sanskrit>bhītāni—</sanskrit>
		<indonesian>karena takut; </indonesian>
	</word>	<word>
		<sanskrit>diśaḥ—</sanskrit>
		<indonesian>ke
segala penjuru; </indonesian>
	</word>	<word>
		<sanskrit>dravanti</sanskrit>
		<indonesian>—lari; </indonesian>
	</word>	<word>
		<sanskrit>sarve</sanskrit>
		<indonesian>—semua; </indonesian>
	</word>	<word>
		<sanskrit>namasyanti—</sanskrit>
		<indonesian>bersujud;
</indonesian>
	</word>	<word>
		<sanskrit>ca—</sanskrit>
		<indonesian>juga; </indonesian>
	</word>	<word>
		<sanskrit>siddha</sanskrit>
		<indonesian> </indonesian>
	</word>	<word>
		<sanskrit>sańghāḥ</sanskrit>
		<indonesian>—manusia yang sempurna.</indonesian>
	</word>	<word>
		<sanskrit>kasmāt—</sanskrit>
		<indonesian>mengapa; </indonesian>
	</word>	<word>
		<sanskrit>ca—</sanskrit>
		<indonesian>juga; </indonesian>
	</word>	<word>
		<sanskrit>te—</sanskrit>
		<indonesian>kepada Anda; </indonesian>
	</word>	<word>
		<sanskrit>na—</sanskrit>
		<indonesian>tidak;
</indonesian>
	</word>	<word>
		<sanskrit>nameran</sanskrit>
		<indonesian>—seyogyanya mereka bersujud secara layak; </indonesian>
	</word>	<word>
		<sanskrit>mahā-ātman</sanskrit>
		<indonesian>—o
Kepribadian yang mulia; </indonesian>
	</word>	<word>
		<sanskrit>garīyase</sanskrit>
		<indonesian>—yang lebih baik; </indonesian>
	</word>	<word>
		<sanskrit>brahmaṇaḥ</sanskrit>
		<indonesian>—daripada
Brahma; </indonesian>
	</word>	<word>
		<sanskrit>api—</sanskrit>
		<indonesian>walaupun; </indonesian>
	</word>	<word>
		<sanskrit>ādi-kartre</sanskrit>
		<indonesian>—kepada Pencipta yang paling
utama; </indonesian>
	</word>	<word>
		<sanskrit>ananta—</sanskrit>
		<indonesian>o Yang tidak terhingga; </indonesian>
	</word>	<word>
		<sanskrit>deva-īśa</sanskrit>
		<indonesian>—o Tuhan yang
disembah oleh semua dewa; </indonesian>
	</word>	<word>
		<sanskrit>jagat-nivāsa</sanskrit>
		<indonesian>—o Pelindung alam semesta; </indonesian>
	</word>	<word>
		<sanskrit>tvām</sanskrit>
		<indonesian>—Anda
adalah; </indonesian>
	</word>	<word>
		<sanskrit>akṣaram</sanskrit>
		<indonesian>—tidak dapat dimusnahkan; </indonesian>
	</word>	<word>
		<sanskrit>sat-asat—</sanskrit>
		<indonesian>menyebabkan
dan melaksanakan; tat </indonesian>
	</word>	<word>
		<sanskrit>param—</sanskrit>
		<indonesian>melampaui; </indonesian>
	</word>	<word>
		<sanskrit>yat—</sanskrit>
		<indonesian>karena.</indonesian>
	</word>	<word>
		<sanskrit>tvām</sanskrit>
		<indonesian>—Anda; </indonesian>
	</word>	<word>
		<sanskrit>ādi-devaḥ—</sanskrit>
		<indonesian>Tuhan Yang Maha Esa yang asli; </indonesian>
	</word>	<word>
		<sanskrit>puruṣaḥ</sanskrit>
		<indonesian>—Kepribadian;
</indonesian>
	</word>	<word>
		<sanskrit>purāṇaḥ—</sanskrit>
		<indonesian>tua; </indonesian>
	</word>	<word>
		<sanskrit>tvām</sanskrit>
		<indonesian>—Anda; </indonesian>
	</word>	<word>
		<sanskrit>asya—</sanskrit>
		<indonesian>dari ini; </indonesian>
	</word>	<word>
		<sanskrit>viśvasya—</sanskrit>
		<indonesian>alam
semesta; </indonesian>
	</word>	<word>
		<sanskrit>param—</sanskrit>
		<indonesian>rohani dan melampaui hal-hal duniawi; </indonesian>
	</word>	<word>
		<sanskrit>nidhanam</sanskrit>
		<indonesian>—Pelindung;
</indonesian>
	</word>	<word>
		<sanskrit>vettā</sanskrit>
		<indonesian>—Yang mengetahui; </indonesian>
	</word>	<word>
		<sanskrit>asi—</sanskrit>
		<indonesian>Anda adalah; </indonesian>
	</word>	<word>
		<sanskrit>vedyam</sanskrit>
		<indonesian>—yang dapat
diketahui; </indonesian>
	</word>	<word>
		<sanskrit>ca—</sanskrit>
		<indonesian>dan; </indonesian>
	</word>	<word>
		<sanskrit>param—</sanskrit>
		<indonesian>melampaui; </indonesian>
	</word>	<word>
		<sanskrit>ca—</sanskrit>
		<indonesian>dan; </indonesian>
	</word>	<word>
		<sanskrit>dhāma</sanskrit>
		<indonesian>—Pelindung;
</indonesian>
	</word>	<word>
		<sanskrit>tvayā—</sanskrit>
		<indonesian>oleh Anda; </indonesian>
	</word>	<word>
		<sanskrit>tatam—</sanskrit>
		<indonesian>berada di mana-mana; </indonesian>
	</word>	<word>
		<sanskrit>viśvam—</sanskrit>
		<indonesian>alam
semesta; </indonesian>
	</word>	<word>
		<sanskrit>ananta-rūpa</sanskrit>
		<indonesian>—o bentuk yang tidak terhingga.</indonesian>
	</word>	<word>
		<sanskrit>vāyuḥ</sanskrit>
		<indonesian>—udara; </indonesian>
	</word>	<word>
		<sanskrit>yamaḥ—</sanskrit>
		<indonesian>yang mengendalikan; </indonesian>
	</word>	<word>
		<sanskrit>agniḥ—</sanskrit>
		<indonesian>api; </indonesian>
	</word>	<word>
		<sanskrit>varuṇaḥ—</sanskrit>
		<indonesian>air;
</indonesian>
	</word>	<word>
		<sanskrit>śaśa-ańkaḥ—</sanskrit>
		<indonesian>bulan; </indonesian>
	</word>	<word>
		<sanskrit>prajā-patiḥ</sanskrit>
		<indonesian>—Brahma; </indonesian>
	</word>	<word>
		<sanskrit>tvām</sanskrit>
		<indonesian>—Anda; </indonesian>
	</word>	<word>
		<sanskrit>prapitāmahaḥ</sanskrit>
		<indonesian>—kakek
moyang; </indonesian>
	</word>	<word>
		<sanskrit>ca—</sanskrit>
		<indonesian>juga; </indonesian>
	</word>	<word>
		<sanskrit>namaḥ</sanskrit>
		<indonesian>—hamba bersujud; </indonesian>
	</word>	<word>
		<sanskrit>namaḥ</sanskrit>
		<indonesian>—sekali lagi
hamba bersujud; </indonesian>
	</word>	<word>
		<sanskrit>te—</sanskrit>
		<indonesian>kepada Anda; </indonesian>
	</word>	<word>
		<sanskrit>astu—</sanskrit>
		<indonesian>semoga ada; </indonesian>
	</word>	<word>
		<sanskrit>sahasrakṛtvāh</sanskrit>
		<indonesian>—seribu
kali; punah </indonesian>
	</word>	<word>
		<sanskrit>ca—</sanskrit>
		<indonesian>dan sekali lagi; </indonesian>
	</word>	<word>
		<sanskrit>bhūyaḥ</sanskrit>
		<indonesian>—lagi; </indonesian>
	</word>	<word>
		<sanskrit>api—</sanskrit>
		<indonesian>juga; </indonesian>
	</word>	<word>
		<sanskrit>namaḥ</sanskrit>
		<indonesian>—hamba
bersujud; </indonesian>
	</word>	<word>
		<sanskrit>namaḥ</sanskrit>
		<indonesian> </indonesian>
	</word>	<word>
		<sanskrit>te—</sanskrit>
		<indonesian>hamba bersujud kepada Anda.</indonesian>
	</word>	<word>
		<sanskrit>namaḥ</sanskrit>
		<indonesian>—bersujud; </indonesian>
	</word>	<word>
		<sanskrit>purastāt—</sanskrit>
		<indonesian>dari depan; </indonesian>
	</word>	<word>
		<sanskrit>atha—</sanskrit>
		<indonesian>juga; </indonesian>
	</word>	<word>
		<sanskrit>pṛṣṭhataḥ—</sanskrit>
		<indonesian>dari
belakang; </indonesian>
	</word>	<word>
		<sanskrit>te—</sanskrit>
		<indonesian>kepada Anda; </indonesian>
	</word>	<word>
		<sanskrit>namaḥ astu—</sanskrit>
		<indonesian>hamba bersujud; </indonesian>
	</word>	<word>
		<sanskrit>te—</sanskrit>
		<indonesian>kepada
Anda; </indonesian>
	</word>	<word>
		<sanskrit>sarvataḥ</sanskrit>
		<indonesian>—dari semua sisi; </indonesian>
	</word>	<word>
		<sanskrit>evā—</sanskrit>
		<indonesian>memang; </indonesian>
	</word>	<word>
		<sanskrit>sarva—</sanskrit>
		<indonesian>karena
Andalah segala sesuatu; </indonesian>
	</word>	<word>
		<sanskrit>ananta-vīrya</sanskrit>
		<indonesian>—kekuatan yang tidak terhingga; </indonesian>
	</word>	<word>
		<sanskrit>amita-vikramaḥ—</sanskrit>
		<indonesian>dan
kekuatan yang tidak terhingga; </indonesian>
	</word>	<word>
		<sanskrit>tvām</sanskrit>
		<indonesian>—Anda; </indonesian>
	</word>	<word>
		<sanskrit>sarvam</sanskrit>
		<indonesian>—segala sesuatu; </indonesian>
	</word>	<word>
		<sanskrit>samāpnoṣi</sanskrit>
		<indonesian>—Anda
menutupi; </indonesian>
	</word>	<word>
		<sanskrit>tataḥ—</sanskrit>
		<indonesian>karena itu; </indonesian>
	</word>	<word>
		<sanskrit>asi—</sanskrit>
		<indonesian>Anda adalah; </indonesian>
	</word>	<word>
		<sanskrit>sarvaḥ</sanskrit>
		<indonesian>—segala
sesuatu.</indonesian>
	</word>	<word>
		<sanskrit>sakhā—</sanskrit>
		<indonesian>kawan; </indonesian>
	</word>	<word>
		<sanskrit>iti—</sanskrit>
		<indonesian>dengan demikian; </indonesian>
	</word>	<word>
		<sanskrit>matvā—</sanskrit>
		<indonesian>berpikir; </indonesian>
	</word>	<word>
		<sanskrit>prasabham</sanskrit>
		<indonesian>—terlalu
berani; </indonesian>
	</word>	<word>
		<sanskrit>yat—</sanskrit>
		<indonesian>apa pun; </indonesian>
	</word>	<word>
		<sanskrit>uktam—</sanskrit>
		<indonesian>dikatakan; </indonesian>
	</word>	<word>
		<sanskrit>he kṛṣṇa—</sanskrit>
		<indonesian>hai
Krishna; </indonesian>
	</word>	<word>
		<sanskrit>he yādava—</sanskrit>
		<indonesian>hai Yadava; </indonesian>
	</word>	<word>
		<sanskrit>he sakhe</sanskrit>
		<indonesian>—hai kawanku yang
tercinta; </indonesian>
	</word>	<word>
		<sanskrit>iti—</sanskrit>
		<indonesian>seperti itu; </indonesian>
	</word>	<word>
		<sanskrit>ajānatā</sanskrit>
		<indonesian>—tanpa mengetahui; </indonesian>
	</word>	<word>
		<sanskrit>mahīmānam</sanskrit>
		<indonesian>—kebesaran;
</indonesian>
	</word>	<word>
		<sanskrit>tavā—</sanskrit>
		<indonesian>milik Anda; </indonesian>
	</word>	<word>
		<sanskrit>idam—</sanskrit>
		<indonesian>ini; </indonesian>
	</word>	<word>
		<sanskrit>mayā</sanskrit>
		<indonesian>—olehku; </indonesian>
	</word>	<word>
		<sanskrit>pramādāt</sanskrit>
		<indonesian>—karena
kebodohan; </indonesian>
	</word>	<word>
		<sanskrit>praṇayena—</sanskrit>
		<indonesian>karena cinta kasih; </indonesian>
	</word>	<word>
		<sanskrit>vā api—</sanskrit>
		<indonesian>atau; </indonesian>
	</word>	<word>
		<sanskrit>yat—</sanskrit>
		<indonesian>apa
pun; </indonesian>
	</word>	<word>
		<sanskrit>ca—</sanskrit>
		<indonesian>juga; </indonesian>
	</word>	<word>
		<sanskrit>avahāsa-artham</sanskrit>
		<indonesian>—karena bercanda; </indonesian>
	</word>	<word>
		<sanskrit>asat-kṛtaḥ</sanskrit>
		<indonesian>—dihina;
</indonesian>
	</word>	<word>
		<sanskrit>asi—</sanskrit>
		<indonesian>Anda sudah; </indonesian>
	</word>	<word>
		<sanskrit>vihāra</sanskrit>
		<indonesian>—pada waktu istirahat; </indonesian>
	</word>	<word>
		<sanskrit>śayyā—</sanskrit>
		<indonesian>pada
waktu berbaring; </indonesian>
	</word>	<word>
		<sanskrit>āsana—</sanskrit>
		<indonesian>pada waktu duduk; </indonesian>
	</word>	<word>
		<sanskrit>bhojaneṣu</sanskrit>
		<indonesian>—atau sambil
makan bersama-sama; </indonesian>
	</word>	<word>
		<sanskrit>ekaḥ—</sanskrit>
		<indonesian>sendirian; </indonesian>
	</word>	<word>
		<sanskrit>atha vā—</sanskrit>
		<indonesian>atau; </indonesian>
	</word>	<word>
		<sanskrit>api—</sanskrit>
		<indonesian>juga;
</indonesian>
	</word>	<word>
		<sanskrit>acyuta—</sanskrit>
		<indonesian>o Kepribadian yang tidak mungkin gagal; </indonesian>
	</word>	<word>
		<sanskrit>tat-samakṣam</sanskrit>
		<indonesian>—bersama
rekanrekan; </indonesian>
	</word>	<word>
		<sanskrit>tat—</sanskrit>
		<indonesian>semua itu; </indonesian>
	</word>	<word>
		<sanskrit>kṣāmaye</sanskrit>
		<indonesian>—minta maaf; </indonesian>
	</word>	<word>
		<sanskrit>tvām</sanskrit>
		<indonesian>—dari
Anda; </indonesian>
	</word>	<word>
		<sanskrit>aham—</sanskrit>
		<indonesian>hamba; </indonesian>
	</word>	<word>
		<sanskrit>aprameyam</sanskrit>
		<indonesian>—tidak dapat diukur.</indonesian>
	</word>	<word>
		<sanskrit>pitā—</sanskrit>
		<indonesian>ayah; </indonesian>
	</word>	<word>
		<sanskrit>asi—</sanskrit>
		<indonesian>Anda adalah; </indonesian>
	</word>	<word>
		<sanskrit>lokasya</sanskrit>
		<indonesian>—bagi seluruh dunia;
</indonesian>
	</word>	<word>
		<sanskrit>cara—</sanskrit>
		<indonesian>bergerak; </indonesian>
	</word>	<word>
		<sanskrit>acarasya</sanskrit>
		<indonesian>—dan tidak bergerak; </indonesian>
	</word>	<word>
		<sanskrit>tvām</sanskrit>
		<indonesian>—Anda adalah;
</indonesian>
	</word>	<word>
		<sanskrit>asya—</sanskrit>
		<indonesian>dari; </indonesian>
	</word>	<word>
		<sanskrit>pūjyaḥ—</sanskrit>
		<indonesian>patut disembah; </indonesian>
	</word>	<word>
		<sanskrit>ca—</sanskrit>
		<indonesian>juga; </indonesian>
	</word>	<word>
		<sanskrit>guruḥ</sanskrit>
		<indonesian>—guru;
</indonesian>
	</word>	<word>
		<sanskrit>garīyān—</sanskrit>
		<indonesian>mulia; </indonesian>
	</word>	<word>
		<sanskrit>na—</sanskrit>
		<indonesian>tidak pernah; </indonesian>
	</word>	<word>
		<sanskrit>tvat-samaḥ</sanskrit>
		<indonesian>—sejajar dengan
Anda; </indonesian>
	</word>	<word>
		<sanskrit>asti—</sanskrit>
		<indonesian>ada; </indonesian>
	</word>	<word>
		<sanskrit>abhyadhikaḥ</sanskrit>
		<indonesian>—lebih agung; </indonesian>
	</word>	<word>
		<sanskrit>kutaḥ</sanskrit>
		<indonesian>—bagaimana
mungkin; </indonesian>
	</word>	<word>
		<sanskrit>anyaḥ</sanskrit>
		<indonesian>—lain; </indonesian>
	</word>	<word>
		<sanskrit>loka-traye</sanskrit>
		<indonesian>—dalam tiga susunan planet; </indonesian>
	</word>	<word>
		<sanskrit>api—</sanskrit>
		<indonesian>juga;
</indonesian>
	</word>	<word>
		<sanskrit>apratima-prabhāva</sanskrit>
		<indonesian>—o kekuatan yang tidak dapat diukur.</indonesian>
	</word>	<word>
		<sanskrit>tasmāt—</sanskrit>
		<indonesian>karena itu; </indonesian>
	</word>	<word>
		<sanskrit>praṇamya</sanskrit>
		<indonesian>—bersujud; </indonesian>
	</word>	<word>
		<sanskrit>praṇidhāya</sanskrit>
		<indonesian>—berbaring;
</indonesian>
	</word>	<word>
		<sanskrit>kāyam—</sanskrit>
		<indonesian>badan; </indonesian>
	</word>	<word>
		<sanskrit>prasādaye</sanskrit>
		<indonesian>—mohon karunia; </indonesian>
	</word>	<word>
		<sanskrit>tvām</sanskrit>
		<indonesian>—kepada Anda; </indonesian>
	</word>	<word>
		<sanskrit>aham—</sanskrit>
		<indonesian>hamba;
</indonesian>
	</word>	<word>
		<sanskrit>īśam—</sanskrit>
		<indonesian>kepada Tuhan Yang Maha Esa; </indonesian>
	</word>	<word>
		<sanskrit>īḍyam</sanskrit>
		<indonesian>—patut disembah; </indonesian>
	</word>	<word>
		<sanskrit>pitā
iva—</sanskrit>
		<indonesian>seperti seorang ayah; </indonesian>
	</word>	<word>
		<sanskrit>putrasya</sanskrit>
		<indonesian>—dengan seorang putera; </indonesian>
	</word>	<word>
		<sanskrit>sakhā iva—</sanskrit>
		<indonesian>seperti
seorang kawan; </indonesian>
	</word>	<word>
		<sanskrit>sakhyuḥ</sanskrit>
		<indonesian>—dengan seorang kawan; </indonesian>
	</word>	<word>
		<sanskrit>priyaḥ—</sanskrit>
		<indonesian>seorang
kekasih; </indonesian>
	</word>	<word>
		<sanskrit>priyāyāḥ</sanskrit>
		<indonesian>—dengan yang paling tercinta; </indonesian>
	</word>	<word>
		<sanskrit>arhasi</sanskrit>
		<indonesian>—Anda
harus; </indonesian>
	</word>	<word>
		<sanskrit>deva—</sanskrit>
		<indonesian>Tuhan; </indonesian>
	</word>	<word>
		<sanskrit>soḍhum</sanskrit>
		<indonesian>—</indonesian>
	</word>	<word>
		<sanskrit>adṛṣṭa-pūrvam</sanskrit>
		<indonesian>—belum pernah dilihat; </indonesian>
	</word>	<word>
		<sanskrit>hṛṣitaḥ</sanskrit>
		<indonesian>—berbahagia; </indonesian>
	</word>	<word>
		<sanskrit>asmi—</sanskrit>
		<indonesian>hamba
menjadi; </indonesian>
	</word>	<word>
		<sanskrit>dṛṣṭvā</sanskrit>
		<indonesian>—melihat; </indonesian>
	</word>	<word>
		<sanskrit>bhayena—</sanskrit>
		<indonesian>karena takut; </indonesian>
	</word>	<word>
		<sanskrit>ca—</sanskrit>
		<indonesian>juga;
</indonesian>
	</word>	<word>
		<sanskrit>pravyathitam—</sanskrit>
		<indonesian>goyah; </indonesian>
	</word>	<word>
		<sanskrit>manaḥ</sanskrit>
		<indonesian>—pikiran; </indonesian>
	</word>	<word>
		<sanskrit>me—</sanskrit>
		<indonesian>milik hamba; </indonesian>
	</word>	<word>
		<sanskrit>tat—</sanskrit>
		<indonesian>itu;
</indonesian>
	</word>	<word>
		<sanskrit>evā—</sanskrit>
		<indonesian>pasti; </indonesian>
	</word>	<word>
		<sanskrit>me—</sanskrit>
		<indonesian>kepada hamba; </indonesian>
	</word>	<word>
		<sanskrit>darśaya</sanskrit>
		<indonesian>—memperlihatkan; </indonesian>
	</word>	<word>
		<sanskrit>deva—</sanskrit>
		<indonesian>o
Tuhan Yang Maha Esa; </indonesian>
	</word>	<word>
		<sanskrit>rūpam—</sanskrit>
		<indonesian>bentuk; </indonesian>
	</word>	<word>
		<sanskrit>prasīda</sanskrit>
		<indonesian>—mohon karunia; </indonesian>
	</word>	<word>
		<sanskrit>deva-īśa</sanskrit>
		<indonesian>—o
Tuhan yang disembah oleh segala dewa; </indonesian>
	</word>	<word>
		<sanskrit>jagat-nivāsa</sanskrit>
		<indonesian>—o Pelindung alam
semesta.</indonesian>
	</word>	<word>
		<sanskrit>kirīṭinam</sanskrit>
		<indonesian>—dengan mahkota; </indonesian>
	</word>	<word>
		<sanskrit>gadinam</sanskrit>
		<indonesian>—dengan gada; </indonesian>
	</word>	<word>
		<sanskrit>cakra-hastam—</sanskrit>
		<indonesian>cakra
di tangan; </indonesian>
	</word>	<word>
		<sanskrit>icchāmi</sanskrit>
		<indonesian>—hamba ingin; </indonesian>
	</word>	<word>
		<sanskrit>tvām</sanskrit>
		<indonesian>—Anda; </indonesian>
	</word>	<word>
		<sanskrit>draṣṭum</sanskrit>
		<indonesian>—melihat;
</indonesian>
	</word>	<word>
		<sanskrit>aham—</sanskrit>
		<indonesian>hamba; </indonesian>
	</word>	<word>
		<sanskrit>tathā</sanskrit>
		<indonesian> </indonesian>
	</word>	<word>
		<sanskrit>evā—</sanskrit>
		<indonesian>dalam kedudukan itu; </indonesian>
	</word>	<word>
		<sanskrit>tena</sanskrit>
		<indonesian> </indonesian>
	</word>	<word>
		<sanskrit>evā—</sanskrit>
		<indonesian>dalam
itu; </indonesian>
	</word>	<word>
		<sanskrit>rūpeṇa—</sanskrit>
		<indonesian>bentuk; </indonesian>
	</word>	<word>
		<sanskrit>catuḥ-bhujena—</sanskrit>
		<indonesian>berlengan empat; </indonesian>
	</word>	<word>
		<sanskrit>sahasra-bāho—</sanskrit>
		<indonesian>o
Kepribadian yang berlengan seribu; </indonesian>
	</word>	<word>
		<sanskrit>bhava</sanskrit>
		<indonesian>—mohon menjadi; </indonesian>
	</word>	<word>
		<sanskrit>viśva-mūrte</sanskrit>
		<indonesian>—o
bentuk semesta.</indonesian>
	</word>	<word>
		<sanskrit>Śrī-bhagavān uvāca—</sanskrit>
		<indonesian>Kepribadian Tuhan Yang Maha Esa bersabda; </indonesian>
	</word>	<word>
		<sanskrit>mayā—</sanskrit>
		<indonesian>oleh-Ku;
</indonesian>
	</word>	<word>
		<sanskrit>prasannena—</sanskrit>
		<indonesian>dengan bahagia; </indonesian>
	</word>	<word>
		<sanskrit>tavā—</sanskrit>
		<indonesian>kepadamu; </indonesian>
	</word>	<word>
		<sanskrit>Arjuna—</sanskrit>
		<indonesian>wahai </indonesian>
	</word>	<word>
		<sanskrit>Arjuna</sanskrit>
		<indonesian>;
</indonesian>
	</word>	<word>
		<sanskrit>idam—</sanskrit>
		<indonesian>ini; </indonesian>
	</word>	<word>
		<sanskrit>rūpam—</sanskrit>
		<indonesian>bentuk; </indonesian>
	</word>	<word>
		<sanskrit>param—</sanskrit>
		<indonesian>rohani; </indonesian>
	</word>	<word>
		<sanskrit>darśitam—</sanskrit>
		<indonesian>diperlihatkan;
</indonesian>
	</word>	<word>
		<sanskrit>ātma-yogāt</sanskrit>
		<indonesian>—oleh kekuatan dalam dari Diri-Ku; </indonesian>
	</word>	<word>
		<sanskrit>tejaḥ-mayam</sanskrit>
		<indonesian>m—penuh
cahaya; </indonesian>
	</word>	<word>
		<sanskrit>viśvam—</sanskrit>
		<indonesian>seluruh alam semesta; </indonesian>
	</word>	<word>
		<sanskrit>anantam—</sanskrit>
		<indonesian>tidak terbatas; </indonesian>
	</word>	<word>
		<sanskrit>ādyam—</sanskrit>
		<indonesian>asli;
</indonesian>
	</word>	<word>
		<sanskrit>yat—</sanskrit>
		<indonesian>itu yang; </indonesian>
	</word>	<word>
		<sanskrit>me—</sanskrit>
		<indonesian>milik-Ku; </indonesian>
	</word>	<word>
		<sanskrit>tvat anyena—</sanskrit>
		<indonesian>selain engkau; </indonesian>
	</word>	<word>
		<sanskrit>na
dṛṣṭa-pūrvam</sanskrit>
		<indonesian>—belum pernah ada orang yang melihat sebelumnya.</indonesian>
	</word>	<word>
		<sanskrit>na—</sanskrit>
		<indonesian>tidak pernah; </indonesian>
	</word>	<word>
		<sanskrit>veda-yajña—</sanskrit>
		<indonesian>oleh korban suci; </indonesian>
	</word>	<word>
		<sanskrit>adhyayānaiḥ</sanskrit>
		<indonesian>—atau
mempelajari Veda; </indonesian>
	</word>	<word>
		<sanskrit>na—</sanskrit>
		<indonesian>tidak pernah; </indonesian>
	</word>	<word>
		<sanskrit>dānaiḥ</sanskrit>
		<indonesian>—oleh kedermawanan; </indonesian>
	</word>	<word>
		<sanskrit>na—</sanskrit>
		<indonesian>tidak
pernah; </indonesian>
	</word>	<word>
		<sanskrit>ca—</sanskrit>
		<indonesian>juga; </indonesian>
	</word>	<word>
		<sanskrit>kriyābhiḥ—</sanskrit>
		<indonesian>oleh kegiatan saleh; </indonesian>
	</word>	<word>
		<sanskrit>na—</sanskrit>
		<indonesian>tidak
pernah; </indonesian>
	</word>	<word>
		<sanskrit>tapobhiḥ</sanskrit>
		<indonesian>—oleh pertapaan yang serius; </indonesian>
	</word>	<word>
		<sanskrit>ugraiḥ</sanskrit>
		<indonesian>—keras; </indonesian>
	</word>	<word>
		<sanskrit>evam-rūpaḥ</sanskrit>
		<indonesian>—dalam
bentuk ini; </indonesian>
	</word>	<word>
		<sanskrit>śakyaḥ—</sanskrit>
		<indonesian>dapat; </indonesian>
	</word>	<word>
		<sanskrit>aham—</sanskrit>
		<indonesian>Aku; </indonesian>
	</word>	<word>
		<sanskrit>nṛ-loke—</sanskrit>
		<indonesian>di dunia
material ini; </indonesian>
	</word>	<word>
		<sanskrit>draṣṭum</sanskrit>
		<indonesian>—dilihat; </indonesian>
	</word>	<word>
		<sanskrit>tvat—</sanskrit>
		<indonesian>daripada engkau; </indonesian>
	</word>	<word>
		<sanskrit>anyena—</sanskrit>
		<indonesian>oleh
yang lain; </indonesian>
	</word>	<word>
		<sanskrit>kuru-pravīra</sanskrit>
		<indonesian>—wahai yang paling baik di antara para kesatria Kuru.</indonesian>
	</word>	<word>
		<sanskrit>mā—</sanskrit>
		<indonesian>supaya jangan; </indonesian>
	</word>	<word>
		<sanskrit>te—</sanskrit>
		<indonesian>kepadamu; </indonesian>
	</word>	<word>
		<sanskrit>vyathā—</sanskrit>
		<indonesian>kesulitan; </indonesian>
	</word>	<word>
		<sanskrit>mā—</sanskrit>
		<indonesian>supaya
jangan; </indonesian>
	</word>	<word>
		<sanskrit>ca—</sanskrit>
		<indonesian>juga; </indonesian>
	</word>	<word>
		<sanskrit>vimūḍhabhāvaḥ—</sanskrit>
		<indonesian>kebingungan; </indonesian>
	</word>	<word>
		<sanskrit>dṛṣṭvā</sanskrit>
		<indonesian>—dengan
melihat; </indonesian>
	</word>	<word>
		<sanskrit>rūpam—</sanskrit>
		<indonesian>bentuk; </indonesian>
	</word>	<word>
		<sanskrit>ghoram</sanskrit>
		<indonesian>—mengerikan; </indonesian>
	</word>	<word>
		<sanskrit>īdṛk</sanskrit>
		<indonesian>—menurut
aslinya; </indonesian>
	</word>	<word>
		<sanskrit>mama—</sanskrit>
		<indonesian>milik-Ku; </indonesian>
	</word>	<word>
		<sanskrit>idam—</sanskrit>
		<indonesian>ini; </indonesian>
	</word>	<word>
		<sanskrit>vyapeta-bhīḥ</sanskrit>
		<indonesian>—bebas dari
segala rasa takut; </indonesian>
	</word>	<word>
		<sanskrit>prīta-manāḥ</sanskrit>
		<indonesian>—senang dalam pikiran; </indonesian>
	</word>	<word>
		<sanskrit>punaḥ—</sanskrit>
		<indonesian>lagi;
</indonesian>
	</word>	<word>
		<sanskrit>tvām</sanskrit>
		<indonesian>—engkau; </indonesian>
	</word>	<word>
		<sanskrit>tat—</sanskrit>
		<indonesian>itu; </indonesian>
	</word>	<word>
		<sanskrit>evā—</sanskrit>
		<indonesian>demikian; </indonesian>
	</word>	<word>
		<sanskrit>me—</sanskrit>
		<indonesian>milik-Ku; </indonesian>
	</word>	<word>
		<sanskrit>rūpam—</sanskrit>
		<indonesian>bentuk;
</indonesian>
	</word>	<word>
		<sanskrit>idam—</sanskrit>
		<indonesian>ini; </indonesian>
	</word>	<word>
		<sanskrit>prapaśya</sanskrit>
		<indonesian>—lihatlah.</indonesian>
	</word>	<word>
		<sanskrit>sañjayaḥ uvāca—</sanskrit>
		<indonesian>Sañjaya berkata; </indonesian>
	</word>	<word>
		<sanskrit>iti—</sanskrit>
		<indonesian>demikian; </indonesian>
	</word>	<word>
		<sanskrit>Arjunam</sanskrit>
		<indonesian>—kepada
</indonesian>
	</word>	<word>
		<sanskrit>Arjuna</sanskrit>
		<indonesian>; </indonesian>
	</word>	<word>
		<sanskrit>vāsudevaḥ—</sanskrit>
		<indonesian>Krishna; </indonesian>
	</word>	<word>
		<sanskrit>tathā—</sanskrit>
		<indonesian>dengan cara seperti itu;
</indonesian>
	</word>	<word>
		<sanskrit>uktvā</sanskrit>
		<indonesian>—bersabda; </indonesian>
	</word>	<word>
		<sanskrit>svakam—</sanskrit>
		<indonesian>milik Beliau Sendiri; </indonesian>
	</word>	<word>
		<sanskrit>rūpam—</sanskrit>
		<indonesian>bentuk;
</indonesian>
	</word>	<word>
		<sanskrit>darśayām āsa—</sanskrit>
		<indonesian>memperlihatkan; </indonesian>
	</word>	<word>
		<sanskrit>bhūyaḥ</sanskrit>
		<indonesian>—lagi; </indonesian>
	</word>	<word>
		<sanskrit>āśvāsayām āsa—</sanskrit>
		<indonesian>memberi
semangat; </indonesian>
	</word>	<word>
		<sanskrit>ca—</sanskrit>
		<indonesian>juga; </indonesian>
	</word>	<word>
		<sanskrit>bhītam—</sanskrit>
		<indonesian>takut; </indonesian>
	</word>	<word>
		<sanskrit>enam—</sanskrit>
		<indonesian>dia; </indonesian>
	</word>	<word>
		<sanskrit>bhūtvā</sanskrit>
		<indonesian>—menjadi;
</indonesian>
	</word>	<word>
		<sanskrit>punaḥ—</sanskrit>
		<indonesian>lagi; </indonesian>
	</word>	<word>
		<sanskrit>saumya-vapuḥ</sanskrit>
		<indonesian>—bentuk yang tampan; </indonesian>
	</word>	<word>
		<sanskrit>mahā-ātmā</sanskrit>
		<indonesian>—Kepribadian
yang mulia.</indonesian>
	</word>	<word>
		<sanskrit>Arjunaḥ uvāca—</sanskrit>
		<indonesian>Arjuna berkata; </indonesian>
	</word>	<word>
		<sanskrit>dṛṣṭvā</sanskrit>
		<indonesian>—melihat; </indonesian>
	</word>	<word>
		<sanskrit>idam—</sanskrit>
		<indonesian>ini;
</indonesian>
	</word>	<word>
		<sanskrit>mānuṣam</sanskrit>
		<indonesian>—seperti manusia; </indonesian>
	</word>	<word>
		<sanskrit>rūpam—</sanskrit>
		<indonesian>bentuk; </indonesian>
	</word>	<word>
		<sanskrit>tavā—</sanskrit>
		<indonesian>milik Anda; </indonesian>
	</word>	<word>
		<sanskrit>saumyam</sanskrit>
		<indonesian>—tampan
sekali </indonesian>
	</word>	<word>
		<sanskrit>janārdana—</sanskrit>
		<indonesian>o Kepribadian yang menghukum musuh; </indonesian>
	</word>	<word>
		<sanskrit>idānīm</sanskrit>
		<indonesian>—sekarang;
</indonesian>
	</word>	<word>
		<sanskrit>asmi—</sanskrit>
		<indonesian>hamba adalah; </indonesian>
	</word>	<word>
		<sanskrit>saḿvṛttaḥ</sanskrit>
		<indonesian>—tenang; </indonesian>
	</word>	<word>
		<sanskrit>sa-cetāḥ</sanskrit>
		<indonesian>—dalam
kesadaran hamba; </indonesian>
	</word>	<word>
		<sanskrit>prakṛtim</sanskrit>
		<indonesian>—kepada sifat Anda sendiri; </indonesian>
	</word>	<word>
		<sanskrit>gataḥ—</sanskrit>
		<indonesian>kembali.</indonesian>
	</word>	<word>
		<sanskrit>Śrī-bhagavān uvāca—</sanskrit>
		<indonesian>Kepribadian Tuhan Yang Maha Esa bersabda; </indonesian>
	</word>	<word>
		<sanskrit>su-durdarśam</sanskrit>
		<indonesian>—sulit
sekali dilihat; </indonesian>
	</word>	<word>
		<sanskrit>idam—</sanskrit>
		<indonesian>ini; </indonesian>
	</word>	<word>
		<sanskrit>rūpam—</sanskrit>
		<indonesian>bentuk; d‚stavan </indonesian>
	</word>	<word>
		<sanskrit>asi—</sanskrit>
		<indonesian>sebagaimana
engkau sudah melihat; </indonesian>
	</word>	<word>
		<sanskrit>yat—</sanskrit>
		<indonesian>yang mana; </indonesian>
	</word>	<word>
		<sanskrit>mama—</sanskrit>
		<indonesian>milik-Ku; </indonesian>
	</word>	<word>
		<sanskrit>devāḥ—</sanskrit>
		<indonesian>para
dewa; </indonesian>
	</word>	<word>
		<sanskrit>api—</sanskrit>
		<indonesian>juga; </indonesian>
	</word>	<word>
		<sanskrit>asya—</sanskrit>
		<indonesian>ini; </indonesian>
	</word>	<word>
		<sanskrit>rūpasya</sanskrit>
		<indonesian>—bentuk; </indonesian>
	</word>	<word>
		<sanskrit>nityam</sanskrit>
		<indonesian>—untuk
selamanya; </indonesian>
	</word>	<word>
		<sanskrit>darśana-kāńkṣiṇaḥ—</sanskrit>
		<indonesian>bercita-cita melihat.</indonesian>
	</word>	<word>
		<sanskrit>na—</sanskrit>
		<indonesian>tidak pernah; </indonesian>
	</word>	<word>
		<sanskrit>aham—</sanskrit>
		<indonesian>Aku; </indonesian>
	</word>	<word>
		<sanskrit>vedaiḥ</sanskrit>
		<indonesian>—dengan cara
mempelajari Veda; </indonesian>
	</word>	<word>
		<sanskrit>na—</sanskrit>
		<indonesian>tidak pernah; </indonesian>
	</word>	<word>
		<sanskrit>tapasā</sanskrit>
		<indonesian>—oleh pertapaan yang
serius; </indonesian>
	</word>	<word>
		<sanskrit>na—</sanskrit>
		<indonesian>tidak pernah; </indonesian>
	</word>	<word>
		<sanskrit>dānena—</sanskrit>
		<indonesian>oleh kedermawanan; </indonesian>
	</word>	<word>
		<sanskrit>na—</sanskrit>
		<indonesian>tidak
pernah; </indonesian>
	</word>	<word>
		<sanskrit>ca—</sanskrit>
		<indonesian>juga; </indonesian>
	</word>	<word>
		<sanskrit>ijyayā</sanskrit>
		<indonesian>—oleh sembahyang; </indonesian>
	</word>	<word>
		<sanskrit>śakyaḥ—</sanskrit>
		<indonesian>dimungkinkan;
</indonesian>
	</word>	<word>
		<sanskrit>evam-vidhaḥ</sanskrit>
		<indonesian>—seperti ini; </indonesian>
	</word>	<word>
		<sanskrit>draṣṭum</sanskrit>
		<indonesian>—melihat; </indonesian>
	</word>	<word>
		<sanskrit>dṛṣṭavān—</sanskrit>
		<indonesian>dengan
melihat; </indonesian>
	</word>	<word>
		<sanskrit>asi—</sanskrit>
		<indonesian>engkau adalah; </indonesian>
	</word>	<word>
		<sanskrit>mām—</sanskrit>
		<indonesian>Aku; </indonesian>
	</word>	<word>
		<sanskrit>yathā—</sanskrit>
		<indonesian>sebagai.</indonesian>
	</word>	<word>
		<sanskrit>bhaktyā</sanskrit>
		<indonesian>—oleh bhakti; </indonesian>
	</word>	<word>
		<sanskrit>tu—</sanskrit>
		<indonesian>tetapi; </indonesian>
	</word>	<word>
		<sanskrit>ananyayā</sanskrit>
		<indonesian>—tanpa dicampur
dengan kegiatan yang dimaksudkan untuk membuahkan hasil atau pengetahuan
berdasarkan angan-angan; </indonesian>
	</word>	<word>
		<sanskrit>śakyaḥ—</sanskrit>
		<indonesian>dimungkinkan; </indonesian>
	</word>	<word>
		<sanskrit>aham—</sanskrit>
		<indonesian>Aku; </indonesian>
	</word>	<word>
		<sanskrit>evam-vidhaḥ</sanskrit>
		<indonesian>—seperti
ini; </indonesian>
	</word>	<word>
		<sanskrit>Arjuna—</sanskrit>
		<indonesian>wahai </indonesian>
	</word>	<word>
		<sanskrit>Arjuna</sanskrit>
		<indonesian>; </indonesian>
	</word>	<word>
		<sanskrit>jñātum</sanskrit>
		<indonesian>—mengetahui; </indonesian>
	</word>	<word>
		<sanskrit>draṣṭum</sanskrit>
		<indonesian>—melihat;
</indonesian>
	</word>	<word>
		<sanskrit>ca—</sanskrit>
		<indonesian>dan; </indonesian>
	</word>	<word>
		<sanskrit>tattvena—</sanskrit>
		<indonesian>dengan sebenarnya; </indonesian>
	</word>	<word>
		<sanskrit>praveṣṭum</sanskrit>
		<indonesian>—masuk ke
dalam; </indonesian>
	</word>	<word>
		<sanskrit>ca—</sanskrit>
		<indonesian>juga; </indonesian>
	</word>	<word>
		<sanskrit>parantapa</sanskrit>
		<indonesian>—wahai yang berlengan perkasa.</indonesian>
	</word>	<word>
		<sanskrit>mat-karma-kṛt</sanskrit>
		<indonesian>—tekun dalam melakukan pekerjaan-Ku; </indonesian>
	</word>	<word>
		<sanskrit>mat-paramaḥ</sanskrit>
		<indonesian>—dengan
mengakui Aku sebagai Yang Mahakuasa; </indonesian>
	</word>	<word>
		<sanskrit>mat-bhaktaḥ</sanskrit>
		<indonesian>—tekun dalam bhakti
kepada-Ku; </indonesian>
	</word>	<word>
		<sanskrit>sańga-varjitaḥ</sanskrit>
		<indonesian>—bebas dari pengaruh kegiatan untuk membuahkan
hasil dan angan-angan; </indonesian>
	</word>	<word>
		<sanskrit>nirvairaḥ</sanskrit>
		<indonesian>—tidak mempunyai musuh; </indonesian>
	</word>	<word>
		<sanskrit>sarva-bhūteṣu</sanskrit>
		<indonesian>—di
antara semua makhluk hidup; </indonesian>
	</word>	<word>
		<sanskrit>yaḥ—</sanskrit>
		<indonesian>orang yang; </indonesian>
	</word>	<word>
		<sanskrit>saḥ—</sanskrit>
		<indonesian>dia; </indonesian>
	</word>	<word>
		<sanskrit>mām—</sanskrit>
		<indonesian>kepada-Ku;
</indonesian>
	</word>	<word>
		<sanskrit>eti—</sanskrit>
		<indonesian>datang; </indonesian>
	</word>	<word>
		<sanskrit>pāṇḍava—</sanskrit>
		<indonesian>wahai putera </indonesian>
	</word>	<word>
		<sanskrit>Pāṇḍu</sanskrit>
		<indonesian>.</indonesian>
	</word></root>