<?xml version="1.0" encoding="UTF-8"?>
<root>	<word>
		<sanskrit>Śrī-bhagavān
</sanskrit>
		<indonesian/>
	</word>	<word>
		<sanskrit>uvāca—</sanskrit>
		<indonesian>Tuhan Yang Maha
Esa bersabda; </indonesian>
	</word>	<word>
		<sanskrit>mayi—</sanskrit>
		<indonesian>kepada-Ku; </indonesian>
	</word>	<word>
		<sanskrit>asaktamanaḥ</sanskrit>
		<indonesian>—pikiran terikat; </indonesian>
	</word>	<word>
		<sanskrit>pārtha</sanskrit>
		<indonesian>—wahai
putera </indonesian>
	</word>	<word>
		<sanskrit>Pṛthā</sanskrit>
		<indonesian>; </indonesian>
	</word>	<word>
		<sanskrit>yogam</sanskrit>
		<indonesian>—keinsafan diri; </indonesian>
	</word>	<word>
		<sanskrit>yuñjan—</sanskrit>
		<indonesian>berlatih; </indonesian>
	</word>	<word>
		<sanskrit>mat-āśrayaḥ—</sanskrit>
		<indonesian>sadar
kepada-Ku (kesadaran Krishna); </indonesian>
	</word>	<word>
		<sanskrit>asaḿśayam—</sanskrit>
		<indonesian>tanpa keragu-raguan; </indonesian>
	</word>	<word>
		<sanskrit>samagram—</sanskrit>
		<indonesian>sepenuhnya;
</indonesian>
	</word>	<word>
		<sanskrit>mām—</sanskrit>
		<indonesian>Aku; </indonesian>
	</word>	<word>
		<sanskrit>yathā—</sanskrit>
		<indonesian>bagaimana; </indonesian>
	</word>	<word>
		<sanskrit>jñāsyasi</sanskrit>
		<indonesian>—engkau dapat mengenal; </indonesian>
	</word>	<word>
		<sanskrit>tat—</sanskrit>
		<indonesian>itu;
</indonesian>
	</word>	<word>
		<sanskrit>śṛṇu—</sanskrit>
		<indonesian>coba mendengar.</indonesian>
	</word>	<word>
		<sanskrit>jñānam</sanskrit>
		<indonesian>—pengetahuan yang dapat dilihat; </indonesian>
	</word>	<word>
		<sanskrit>te—</sanskrit>
		<indonesian>kepadamu;
</indonesian>
	</word>	<word>
		<sanskrit>aham—</sanskrit>
		<indonesian>Aku; </indonesian>
	</word>	<word>
		<sanskrit>sa</sanskrit>
		<indonesian>—dengan; </indonesian>
	</word>	<word>
		<sanskrit>vijñānam</sanskrit>
		<indonesian>—pengetahuan yang tidak dapat
dilihat; </indonesian>
	</word>	<word>
		<sanskrit>idam—</sanskrit>
		<indonesian>ini; </indonesian>
	</word>	<word>
		<sanskrit>vakṣyāmi</sanskrit>
		<indonesian>—akan menjelaskan; </indonesian>
	</word>	<word>
		<sanskrit>aśeṣataḥ</sanskrit>
		<indonesian>—sepenuhnya;
</indonesian>
	</word>	<word>
		<sanskrit>yat—</sanskrit>
		<indonesian>yang; </indonesian>
	</word>	<word>
		<sanskrit>jñātvā</sanskrit>
		<indonesian>—mengetahui; </indonesian>
	</word>	<word>
		<sanskrit>na—</sanskrit>
		<indonesian>tidak; </indonesian>
	</word>	<word>
		<sanskrit>iha—</sanskrit>
		<indonesian>di dunia
ini; </indonesian>
	</word>	<word>
		<sanskrit>bhūyaḥ</sanskrit>
		<indonesian>—lebih lanjut; </indonesian>
	</word>	<word>
		<sanskrit>anyat—</sanskrit>
		<indonesian>sesuatu yang lebih; </indonesian>
	</word>	<word>
		<sanskrit>jñātavyam</sanskrit>
		<indonesian>—dapat
diketahui; </indonesian>
	</word>	<word>
		<sanskrit>avaśiṣyate</sanskrit>
		<indonesian>—tinggal.</indonesian>
	</word>	<word>
		<sanskrit>manuṣyāṇām</sanskrit>
		<indonesian/>
	</word>	<word>
		<sanskrit>sahasresu</sanskrit>
		<indonesian>—di antara beriburibu; </indonesian>
	</word>	<word>
		<sanskrit>kaścit</sanskrit>
		<indonesian>—seseorang;
</indonesian>
	</word>	<word>
		<sanskrit>yatati—</sanskrit>
		<indonesian>berusaha; </indonesian>
	</word>	<word>
		<sanskrit>siddhaye</sanskrit>
		<indonesian>—untuk kesempurnaan; </indonesian>
	</word>	<word>
		<sanskrit>yatatām—</sanskrit>
		<indonesian>mereka
yang berusaha seperti itu; </indonesian>
	</word>	<word>
		<sanskrit>api—</sanskrit>
		<indonesian>memang; </indonesian>
	</word>	<word>
		<sanskrit>siddhānām</sanskrit>
		<indonesian>—dari mereka yang
sudah mencapai kesempurnaan; </indonesian>
	</word>	<word>
		<sanskrit>kaścit</sanskrit>
		<indonesian>—seseorang; </indonesian>
	</word>	<word>
		<sanskrit>mām—</sanskrit>
		<indonesian>Aku; </indonesian>
	</word>	<word>
		<sanskrit>vetti—</sanskrit>
		<indonesian>mengetahui;
</indonesian>
	</word>	<word>
		<sanskrit>tattvataḥ</sanskrit>
		<indonesian>—dengan sebenarnya.</indonesian>
	</word>	<word>
		<sanskrit>bhūmiḥ</sanskrit>
		<indonesian>—tanah; </indonesian>
	</word>	<word>
		<sanskrit>āpaḥ—</sanskrit>
		<indonesian>air; </indonesian>
	</word>	<word>
		<sanskrit>analaḥ</sanskrit>
		<indonesian>—api;
</indonesian>
	</word>	<word>
		<sanskrit>vāyuḥ</sanskrit>
		<indonesian>—udara; </indonesian>
	</word>	<word>
		<sanskrit>kham</sanskrit>
		<indonesian>—angkasa; </indonesian>
	</word>	<word>
		<sanskrit>manaḥ</sanskrit>
		<indonesian>—pikiran; </indonesian>
	</word>	<word>
		<sanskrit>buddhiḥ</sanskrit>
		<indonesian>—kecerdasan;
</indonesian>
	</word>	<word>
		<sanskrit>evā—</sanskrit>
		<indonesian>pasti; </indonesian>
	</word>	<word>
		<sanskrit>ca—</sanskrit>
		<indonesian>dan; </indonesian>
	</word>	<word>
		<sanskrit>ahańkāraḥ</sanskrit>
		<indonesian>—keakuan yang palsu; </indonesian>
	</word>	<word>
		<sanskrit>iti—</sanskrit>
		<indonesian>demikian;
</indonesian>
	</word>	<word>
		<sanskrit>iyam—</sanskrit>
		<indonesian>semua ini; </indonesian>
	</word>	<word>
		<sanskrit>me—</sanskrit>
		<indonesian>milik-Ku; </indonesian>
	</word>	<word>
		<sanskrit>bhinnā—</sanskrit>
		<indonesian>terpisah; </indonesian>
	</word>	<word>
		<sanskrit>prakṛtiḥ</sanskrit>
		<indonesian>—tenaga-tenaga;
</indonesian>
	</word>	<word>
		<sanskrit>aṣṭadhā</sanskrit>
		<indonesian>—delapan jenis.</indonesian>
	</word>	<word>
		<sanskrit>aparā—</sanskrit>
		<indonesian>lebih rendah; </indonesian>
	</word>	<word>
		<sanskrit>iyam—</sanskrit>
		<indonesian>ini; </indonesian>
	</word>	<word>
		<sanskrit>itaḥ</sanskrit>
		<indonesian>—di
samping ini; </indonesian>
	</word>	<word>
		<sanskrit>tu—</sanskrit>
		<indonesian>tetapi; </indonesian>
	</word>	<word>
		<sanskrit>anyam</sanskrit>
		<indonesian>—lain; </indonesian>
	</word>	<word>
		<sanskrit>prakṛtim</sanskrit>
		<indonesian>—tenaga; </indonesian>
	</word>	<word>
		<sanskrit>viddhi—</sanskrit>
		<indonesian>cobalah
untuk mengerti; </indonesian>
	</word>	<word>
		<sanskrit>me—</sanskrit>
		<indonesian>milik-Ku; </indonesian>
	</word>	<word>
		<sanskrit>param—</sanskrit>
		<indonesian>utama; </indonesian>
	</word>	<word>
		<sanskrit>jīva-bhūtām—</sanskrit>
		<indonesian>terdiri
dari para makhluk hidup; </indonesian>
	</word>	<word>
		<sanskrit>mahā-bāho—</sanskrit>
		<indonesian>wahai yang berlengan perkasa; </indonesian>
	</word>	<word>
		<sanskrit>yayā</sanskrit>
		<indonesian>—oleh
siapa; </indonesian>
	</word>	<word>
		<sanskrit>idam—</sanskrit>
		<indonesian>ini; </indonesian>
	</word>	<word>
		<sanskrit>dhāryate</sanskrit>
		<indonesian>—digunakan atau diperah; </indonesian>
	</word>	<word>
		<sanskrit>jagat</sanskrit>
		<indonesian>—dunia
material.</indonesian>
	</word>	<word>
		<sanskrit>etat—</sanskrit>
		<indonesian>dua tenaga tersebut; </indonesian>
	</word>	<word>
		<sanskrit>yonīni</sanskrit>
		<indonesian>—sumber
kelahirannya; </indonesian>
	</word>	<word>
		<sanskrit>bhūtāni</sanskrit>
		<indonesian>—segala sesuatu yang diciptakan; </indonesian>
	</word>	<word>
		<sanskrit>sarvāni</sanskrit>
		<indonesian>—semua;
</indonesian>
	</word>	<word>
		<sanskrit>iti—</sanskrit>
		<indonesian>demikian; </indonesian>
	</word>	<word>
		<sanskrit>upadhāraya</sanskrit>
		<indonesian>—mengenal; </indonesian>
	</word>	<word>
		<sanskrit>aham—</sanskrit>
		<indonesian>Aku; </indonesian>
	</word>	<word>
		<sanskrit>kṛtsnasya</sanskrit>
		<indonesian>—mengandung
segala sesuatu; </indonesian>
	</word>	<word>
		<sanskrit>jagataḥ</sanskrit>
		<indonesian>—dunia; </indonesian>
	</word>	<word>
		<sanskrit>prabhāvaḥ—</sanskrit>
		<indonesian>sumber perwujudan; </indonesian>
	</word>	<word>
		<sanskrit>pralayaḥ—</sanskrit>
		<indonesian>peleburan;
</indonesian>
	</word>	<word>
		<sanskrit>tathā—</sanskrit>
		<indonesian>beserta.</indonesian>
	</word>	<word>
		<sanskrit>mattaḥ—</sanskrit>
		<indonesian>melampaui-Ku; </indonesian>
	</word>	<word>
		<sanskrit>para-taram</sanskrit>
		<indonesian>—lebih
tinggi; </indonesian>
	</word>	<word>
		<sanskrit>na—</sanskrit>
		<indonesian>tidak; </indonesian>
	</word>	<word>
		<sanskrit>anyat</sanskrit>
		<indonesian> </indonesian>
	</word>	<word>
		<sanskrit>kiñcit—</sanskrit>
		<indonesian>apapun yang lain; </indonesian>
	</word>	<word>
		<sanskrit>asti—</sanskrit>
		<indonesian>ada;
</indonesian>
	</word>	<word>
		<sanskrit>dhanañjaya</sanskrit>
		<indonesian>—wahai perebut kekayaan; </indonesian>
	</word>	<word>
		<sanskrit>mayi—</sanskrit>
		<indonesian>di dalam Diri-Ku; </indonesian>
	</word>	<word>
		<sanskrit>sarvam</sanskrit>
		<indonesian>—segala
sesuatu yang ada; </indonesian>
	</word>	<word>
		<sanskrit>idam—</sanskrit>
		<indonesian>yang kita lihat; </indonesian>
	</word>	<word>
		<sanskrit>protam—</sanskrit>
		<indonesian>diikat pada seutas
tali; </indonesian>
	</word>	<word>
		<sanskrit>sūtre</sanskrit>
		<indonesian>—benang; </indonesian>
	</word>	<word>
		<sanskrit>maṇi-gaṇāḥ—</sanskrit>
		<indonesian>mutiara-mutiara; </indonesian>
	</word>	<word>
		<sanskrit>ivā—</sanskrit>
		<indonesian>seperti.</indonesian>
	</word>	<word>
		<sanskrit>rasaḥ</sanskrit>
		<indonesian>—rasa; </indonesian>
	</word>	<word>
		<sanskrit>aham—</sanskrit>
		<indonesian>Aku; </indonesian>
	</word>	<word>
		<sanskrit>apsu</sanskrit>
		<indonesian>—di
dalam air; </indonesian>
	</word>	<word>
		<sanskrit>kaunteya</sanskrit>
		<indonesian>—wahai putera </indonesian>
	</word>	<word>
		<sanskrit>Kuntī</sanskrit>
		<indonesian> ; </indonesian>
	</word>	<word>
		<sanskrit>prabhā</sanskrit>
		<indonesian>—cahaya; </indonesian>
	</word>	<word>
		<sanskrit>asmi—</sanskrit>
		<indonesian>Aku
adalah; </indonesian>
	</word>	<word>
		<sanskrit>śaśi-sūryayoḥ</sanskrit>
		<indonesian>—dari matahari dan bulan; </indonesian>
	</word>	<word>
		<sanskrit>praṇavaḥ</sanskrit>
		<indonesian>—tiga
huruf aum; </indonesian>
	</word>	<word>
		<sanskrit>sarva—</sanskrit>
		<indonesian>di dalam semua; </indonesian>
	</word>	<word>
		<sanskrit>vedeṣu</sanskrit>
		<indonesian>—Veda; </indonesian>
	</word>	<word>
		<sanskrit>śabdaḥ</sanskrit>
		<indonesian>—getaran
suara; </indonesian>
	</word>	<word>
		<sanskrit>khe</sanskrit>
		<indonesian>—di angkasa; </indonesian>
	</word>	<word>
		<sanskrit>pauruṣam</sanskrit>
		<indonesian>—kesanggupan; </indonesian>
	</word>	<word>
		<sanskrit>nṛṣu</sanskrit>
		<indonesian>—dalam
manusia.</indonesian>
	</word>	<word>
		<sanskrit>puṇyāḥ—</sanskrit>
		<indonesian>asli; </indonesian>
	</word>	<word>
		<sanskrit>gandhaḥ</sanskrit>
		<indonesian>—harum; </indonesian>
	</word>	<word>
		<sanskrit>pṛthivyām</sanskrit>
		<indonesian>—di
dalam tanah; </indonesian>
	</word>	<word>
		<sanskrit>ca—</sanskrit>
		<indonesian>juga; </indonesian>
	</word>	<word>
		<sanskrit>tejaḥ—</sanskrit>
		<indonesian>panas; </indonesian>
	</word>	<word>
		<sanskrit>ca—</sanskrit>
		<indonesian>juga; </indonesian>
	</word>	<word>
		<sanskrit>asmi—</sanskrit>
		<indonesian>Aku
adalah; </indonesian>
	</word>	<word>
		<sanskrit>vibhāvasau</sanskrit>
		<indonesian>—di dalam api; </indonesian>
	</word>	<word>
		<sanskrit>jīvanam</sanskrit>
		<indonesian>—nyawa; </indonesian>
	</word>	<word>
		<sanskrit>sarva—</sanskrit>
		<indonesian>di
dalam semua; </indonesian>
	</word>	<word>
		<sanskrit>bhūteṣu</sanskrit>
		<indonesian>—para makhluk hidup; </indonesian>
	</word>	<word>
		<sanskrit>tapaḥ</sanskrit>
		<indonesian>—pertapaan; </indonesian>
	</word>	<word>
		<sanskrit>ca—</sanskrit>
		<indonesian>juga;
</indonesian>
	</word>	<word>
		<sanskrit>asmi—</sanskrit>
		<indonesian>Aku adalah; </indonesian>
	</word>	<word>
		<sanskrit>tapasviṣu</sanskrit>
		<indonesian>—orang yang bertapa.</indonesian>
	</word>	<word>
		<sanskrit>bījam—</sanskrit>
		<indonesian>biji; </indonesian>
	</word>	<word>
		<sanskrit>mām—</sanskrit>
		<indonesian>Aku; </indonesian>
	</word>	<word>
		<sanskrit>sarva-bhūtānām</sanskrit>
		<indonesian>—milik
semua makhluk hidup; </indonesian>
	</word>	<word>
		<sanskrit>viddhi—</sanskrit>
		<indonesian>cobalah mengerti; </indonesian>
	</word>	<word>
		<sanskrit>pārtha</sanskrit>
		<indonesian>—wahai putera
</indonesian>
	</word>	<word>
		<sanskrit>Pṛthā</sanskrit>
		<indonesian>; </indonesian>
	</word>	<word>
		<sanskrit>sanātanam</sanskrit>
		<indonesian>—asli, kekal; </indonesian>
	</word>	<word>
		<sanskrit>buddhiḥ</sanskrit>
		<indonesian>—kecerdasan; </indonesian>
	</word>	<word>
		<sanskrit>buddhimatam—</sanskrit>
		<indonesian>milik
orang yang cerdas; </indonesian>
	</word>	<word>
		<sanskrit>asmi—</sanskrit>
		<indonesian>Aku adalah; </indonesian>
	</word>	<word>
		<sanskrit>tejaḥ—</sanskrit>
		<indonesian>kewibawaan; </indonesian>
	</word>	<word>
		<sanskrit>tejasvinām</sanskrit>
		<indonesian>—milik
orang yang perkasa; </indonesian>
	</word>	<word>
		<sanskrit>aham—</sanskrit>
		<indonesian>Aku adalah.</indonesian>
	</word>	<word>
		<sanskrit>balam</sanskrit>
		<indonesian>—kekuatan; </indonesian>
	</word>	<word>
		<sanskrit>bala-vatam—</sanskrit>
		<indonesian>milik
orang yang kuat; </indonesian>
	</word>	<word>
		<sanskrit>ca—</sanskrit>
		<indonesian>dan; </indonesian>
	</word>	<word>
		<sanskrit>aham—</sanskrit>
		<indonesian>Aku adalah; </indonesian>
	</word>	<word>
		<sanskrit>kāma—</sanskrit>
		<indonesian>nafsu; </indonesian>
	</word>	<word>
		<sanskrit>rāga—</sanskrit>
		<indonesian>dan
ikatan; </indonesian>
	</word>	<word>
		<sanskrit>vivarjitam—</sanskrit>
		<indonesian>tanpa; </indonesian>
	</word>	<word>
		<sanskrit>dharma-aviruddhaḥ</sanskrit>
		<indonesian>—tidak bertentangan
dengan prinsip-prinsip keagamaan; </indonesian>
	</word>	<word>
		<sanskrit>bhūteṣu—</sanskrit>
		<indonesian>dalam semua makhluk; </indonesian>
	</word>	<word>
		<sanskrit>kāmaḥ</sanskrit>
		<indonesian>—hubungan
suami isteri; </indonesian>
	</word>	<word>
		<sanskrit>asmi—</sanskrit>
		<indonesian>Aku adalah; </indonesian>
	</word>	<word>
		<sanskrit>bhārata-ṛṣabha</sanskrit>
		<indonesian>—wahai prabhu dari
keluarga </indonesian>
	</word>	<word>
		<sanskrit>Bhārata</sanskrit>
		<indonesian>.</indonesian>
	</word>	<word>
		<sanskrit>ye—</sanskrit>
		<indonesian>semua yang; </indonesian>
	</word>	<word>
		<sanskrit>ca—</sanskrit>
		<indonesian>dan; </indonesian>
	</word>	<word>
		<sanskrit>evā—</sanskrit>
		<indonesian>pasti;
</indonesian>
	</word>	<word>
		<sanskrit>sāttvikaḥ—</sanskrit>
		<indonesian>dalam kebaikan; </indonesian>
	</word>	<word>
		<sanskrit>bhāvaḥ</sanskrit>
		<indonesian>—keadaan-keadaan hidup; </indonesian>
	</word>	<word>
		<sanskrit>rājasāḥ</sanskrit>
		<indonesian>—dalam
sifat nafsu; </indonesian>
	</word>	<word>
		<sanskrit>tamasaḥ</sanskrit>
		<indonesian>—dalam sifat kebodohan; </indonesian>
	</word>	<word>
		<sanskrit>ca—</sanskrit>
		<indonesian>juga; </indonesian>
	</word>	<word>
		<sanskrit>ye—</sanskrit>
		<indonesian>semua
yang; </indonesian>
	</word>	<word>
		<sanskrit>mattaḥ—</sanskrit>
		<indonesian>dari-Ku; </indonesian>
	</word>	<word>
		<sanskrit>evā—</sanskrit>
		<indonesian>pasti; </indonesian>
	</word>	<word>
		<sanskrit>iti—</sanskrit>
		<indonesian>demikian; </indonesian>
	</word>	<word>
		<sanskrit>tān—</sanskrit>
		<indonesian>yang
itu; </indonesian>
	</word>	<word>
		<sanskrit>viddhi—</sanskrit>
		<indonesian>cobalah mengenal; </indonesian>
	</word>	<word>
		<sanskrit>na—</sanskrit>
		<indonesian>tidak; </indonesian>
	</word>	<word>
		<sanskrit>tu—</sanskrit>
		<indonesian>tetapi; </indonesian>
	</word>	<word>
		<sanskrit>aham—</sanskrit>
		<indonesian>Aku;
</indonesian>
	</word>	<word>
		<sanskrit>teṣu—</sanskrit>
		<indonesian>dalam itu; </indonesian>
	</word>	<word>
		<sanskrit>te—</sanskrit>
		<indonesian>yang itu; </indonesian>
	</word>	<word>
		<sanskrit>mayi—</sanskrit>
		<indonesian>di dalam Diri-Ku.</indonesian>
	</word>	<word>
		<sanskrit>tribhiḥ</sanskrit>
		<indonesian>—tiga; </indonesian>
	</word>	<word>
		<sanskrit>guṇa-mayāiḥ</sanskrit>
		<indonesian>—terdiri
dari tiga guna; </indonesian>
	</word>	<word>
		<sanskrit>bhāvaiḥ</sanskrit>
		<indonesian>—oleh keadaan keadaan hidup; </indonesian>
	</word>	<word>
		<sanskrit>ebhiḥ</sanskrit>
		<indonesian>—semua
ini; </indonesian>
	</word>	<word>
		<sanskrit>sarvam</sanskrit>
		<indonesian>—seluruh; </indonesian>
	</word>	<word>
		<sanskrit>idam—</sanskrit>
		<indonesian>ini; </indonesian>
	</word>	<word>
		<sanskrit>jagat</sanskrit>
		<indonesian>—alam semesta; </indonesian>
	</word>	<word>
		<sanskrit>mohitam—</sanskrit>
		<indonesian>dikhayalkan;
</indonesian>
	</word>	<word>
		<sanskrit>na abhijānāti</sanskrit>
		<indonesian>—tidak mengenal; </indonesian>
	</word>	<word>
		<sanskrit>mām—</sanskrit>
		<indonesian>Aku; </indonesian>
	</word>	<word>
		<sanskrit>ebhyaḥ—</sanskrit>
		<indonesian>di atas
ini; </indonesian>
	</word>	<word>
		<sanskrit>param—</sanskrit>
		<indonesian>Yang Mahakuasa; </indonesian>
	</word>	<word>
		<sanskrit>avyayām—</sanskrit>
		<indonesian>tidak dapat dihabiskan.</indonesian>
	</word>	<word>
		<sanskrit>daivī</sanskrit>
		<indonesian>—rohani; </indonesian>
	</word>	<word>
		<sanskrit>hi—</sanskrit>
		<indonesian>pasti; </indonesian>
	</word>	<word>
		<sanskrit>eṣā—</sanskrit>
		<indonesian>ini;
</indonesian>
	</word>	<word>
		<sanskrit>guṇa-mayī—</sanskrit>
		<indonesian>terdiri dari tiga sifat alam material; </indonesian>
	</word>	<word>
		<sanskrit>mama—</sanskrit>
		<indonesian>milik-Ku; </indonesian>
	</word>	<word>
		<sanskrit>mayā</sanskrit>
		<indonesian>—tenaga;
</indonesian>
	</word>	<word>
		<sanskrit>duratyayā</sanskrit>
		<indonesian>—sulit sekali diatasi; </indonesian>
	</word>	<word>
		<sanskrit>mām—</sanskrit>
		<indonesian>kepada-Ku; </indonesian>
	</word>	<word>
		<sanskrit>evā—</sanskrit>
		<indonesian>pasti; </indonesian>
	</word>	<word>
		<sanskrit>ye—</sanskrit>
		<indonesian>orang
yang; </indonesian>
	</word>	<word>
		<sanskrit>prapadyante—</sanskrit>
		<indonesian>menyerahkan diri; </indonesian>
	</word>	<word>
		<sanskrit>māyām etām</sanskrit>
		<indonesian>—tenaga ini yang
mengkhayalkan; </indonesian>
	</word>	<word>
		<sanskrit>taranti</sanskrit>
		<indonesian>—mengatasi; </indonesian>
	</word>	<word>
		<sanskrit>te—</sanskrit>
		<indonesian>mereka.</indonesian>
	</word>	<word>
		<sanskrit>na—</sanskrit>
		<indonesian>tidak; </indonesian>
	</word>	<word>
		<sanskrit>mām—</sanskrit>
		<indonesian>kepada-Ku; </indonesian>
	</word>	<word>
		<sanskrit>duṣkṛtinaḥ—</sanskrit>
		<indonesian>orang
jahat; </indonesian>
	</word>	<word>
		<sanskrit>mūḍhāḥ—</sanskrit>
		<indonesian>bodoh; </indonesian>
	</word>	<word>
		<sanskrit>prapadyante—</sanskrit>
		<indonesian>menyerahkan diri; </indonesian>
	</word>	<word>
		<sanskrit>nara-adhamāḥ</sanskrit>
		<indonesian>—manusia
yang paling rendah; </indonesian>
	</word>	<word>
		<sanskrit>māyayā</sanskrit>
		<indonesian>—oleh tenaga yang mengkhayalkan; </indonesian>
	</word>	<word>
		<sanskrit>apahṛta</sanskrit>
		<indonesian>—dicuri;
</indonesian>
	</word>	<word>
		<sanskrit>jñānāḥ</sanskrit>
		<indonesian>—pengetahuan; </indonesian>
	</word>	<word>
		<sanskrit>āsuram</sanskrit>
		<indonesian>—jahat; </indonesian>
	</word>	<word>
		<sanskrit>bhāvam—</sanskrit>
		<indonesian>sifat; </indonesian>
	</word>	<word>
		<sanskrit>aśritāh—</sanskrit>
		<indonesian>menerima.</indonesian>
	</word>	<word>
		<sanskrit>catuḥ-vidhāḥ</sanskrit>
		<indonesian>—empat jenis; </indonesian>
	</word>	<word>
		<sanskrit>bhajante—</sanskrit>
		<indonesian>mengabdikan
diri; </indonesian>
	</word>	<word>
		<sanskrit>mām—</sanskrit>
		<indonesian>kepada-Ku; </indonesian>
	</word>	<word>
		<sanskrit>janaḥ—</sanskrit>
		<indonesian>orang; </indonesian>
	</word>	<word>
		<sanskrit>su-kṛtinaḥ—</sanskrit>
		<indonesian>orang
saleh; </indonesian>
	</word>	<word>
		<sanskrit>Arjuna—</sanskrit>
		<indonesian>wahai </indonesian>
	</word>	<word>
		<sanskrit>Arjuna</sanskrit>
		<indonesian>; </indonesian>
	</word>	<word>
		<sanskrit>ārtaḥ</sanskrit>
		<indonesian>—orang yang berdukacita;
</indonesian>
	</word>	<word>
		<sanskrit>jijñāsuḥ</sanskrit>
		<indonesian>—orang yang ingin tahu; </indonesian>
	</word>	<word>
		<sanskrit>artha-arthī—</sanskrit>
		<indonesian>orang yang
menginginkan keuntungan material; </indonesian>
	</word>	<word>
		<sanskrit>jñānī</sanskrit>
		<indonesian>—orang yang mengetahui tentang
hal-hal dengan sebenarnya; </indonesian>
	</word>	<word>
		<sanskrit>ca—</sanskrit>
		<indonesian>juga; </indonesian>
	</word>	<word>
		<sanskrit>bhārata-ṛṣabha</sanskrit>
		<indonesian>—wahai
Kepribadian Yang Mulia di kalangan keturunan keluarga </indonesian>
	</word>	<word>
		<sanskrit>Bhārata</sanskrit>
		<indonesian>.</indonesian>
	</word>	<word>
		<sanskrit>teṣām—</sanskrit>
		<indonesian>di antara mereka; </indonesian>
	</word>	<word>
		<sanskrit>jñānī</sanskrit>
		<indonesian>—orang
yang memiliki pengetahuan yang lengkap; </indonesian>
	</word>	<word>
		<sanskrit>nitya-yuktaḥ—</sanskrit>
		<indonesian>selalu tekun; </indonesian>
	</word>	<word>
		<sanskrit>ekā—</sanskrit>
		<indonesian>hanya;
</indonesian>
	</word>	<word>
		<sanskrit>bhaktiḥ</sanskrit>
		<indonesian>—dalam bhakti; </indonesian>
	</word>	<word>
		<sanskrit>viśiṣyate</sanskrit>
		<indonesian>—adalah istimewa; </indonesian>
	</word>	<word>
		<sanskrit>priyaḥ—</sanskrit>
		<indonesian>sangat
dicintai; </indonesian>
	</word>	<word>
		<sanskrit>hi—</sanskrit>
		<indonesian>pasti; </indonesian>
	</word>	<word>
		<sanskrit>jñāninaḥ</sanskrit>
		<indonesian>—kepada orang yang memiliki
pengetahuan; </indonesian>
	</word>	<word>
		<sanskrit>atyartham</sanskrit>
		<indonesian>—sangat; </indonesian>
	</word>	<word>
		<sanskrit>aham—</sanskrit>
		<indonesian>Aku adalah; </indonesian>
	</word>	<word>
		<sanskrit>saḥ—</sanskrit>
		<indonesian>dia; </indonesian>
	</word>	<word>
		<sanskrit>ca—</sanskrit>
		<indonesian>juga;
</indonesian>
	</word>	<word>
		<sanskrit>mama—</sanskrit>
		<indonesian>kepada-Ku; </indonesian>
	</word>	<word>
		<sanskrit>priyaḥ—</sanskrit>
		<indonesian>tercinta.</indonesian>
	</word>	<word>
		<sanskrit>udārāḥ</sanskrit>
		<indonesian>—murah hati; </indonesian>
	</word>	<word>
		<sanskrit>sarve</sanskrit>
		<indonesian>—semua; </indonesian>
	</word>	<word>
		<sanskrit>evā—</sanskrit>
		<indonesian>pasti;
</indonesian>
	</word>	<word>
		<sanskrit>ete—</sanskrit>
		<indonesian>ini; </indonesian>
	</word>	<word>
		<sanskrit>jñānī</sanskrit>
		<indonesian>—orang yang memiliki pengetahuan; </indonesian>
	</word>	<word>
		<sanskrit>tu—</sanskrit>
		<indonesian>tetapi;
</indonesian>
	</word>	<word>
		<sanskrit>ātmā eva—</sanskrit>
		<indonesian>seperti Diri-Ku; </indonesian>
	</word>	<word>
		<sanskrit>me—</sanskrit>
		<indonesian>milik -Ku; </indonesian>
	</word>	<word>
		<sanskrit>matam—</sanskrit>
		<indonesian>pendapat; </indonesian>
	</word>	<word>
		<sanskrit>āsthitāḥ</sanskrit>
		<indonesian>—mantap;
</indonesian>
	</word>	<word>
		<sanskrit>saḥ—</sanskrit>
		<indonesian>dia; </indonesian>
	</word>	<word>
		<sanskrit>hi—</sanskrit>
		<indonesian>pasti; </indonesian>
	</word>	<word>
		<sanskrit>yukta-ātmā</sanskrit>
		<indonesian>—tekun dalam bhakti; </indonesian>
	</word>	<word>
		<sanskrit>mām—</sanskrit>
		<indonesian>dalam
Diri-Ku; </indonesian>
	</word>	<word>
		<sanskrit>evā—</sanskrit>
		<indonesian>pasti; </indonesian>
	</word>	<word>
		<sanskrit>anuttamām—</sanskrit>
		<indonesian>tertinggi; </indonesian>
	</word>	<word>
		<sanskrit>gatim</sanskrit>
		<indonesian>—tujuan.</indonesian>
	</word>	<word>
		<sanskrit>bahūnām</sanskrit>
		<indonesian>—banyak; </indonesian>
	</word>	<word>
		<sanskrit>janmanām</sanskrit>
		<indonesian>—dilahirkan
dan meninggal berulangkali; </indonesian>
	</word>	<word>
		<sanskrit>ante</sanskrit>
		<indonesian>—sesudah; </indonesian>
	</word>	<word>
		<sanskrit>jñāna-vān</sanskrit>
		<indonesian>—orang yang
memiliki pengetahuan yang lengkap; </indonesian>
	</word>	<word>
		<sanskrit>mām—</sanskrit>
		<indonesian>kepada-Ku; </indonesian>
	</word>	<word>
		<sanskrit>prapadyate</sanskrit>
		<indonesian>—menyerahkan
diri; </indonesian>
	</word>	<word>
		<sanskrit>vāsudevaḥ—</sanskrit>
		<indonesian>Kepribadian Tuhan Yang Maha Esa, Krishna; </indonesian>
	</word>	<word>
		<sanskrit>sarvam</sanskrit>
		<indonesian>—segala
sesuatu; </indonesian>
	</word>	<word>
		<sanskrit>iti—</sanskrit>
		<indonesian>demikian; </indonesian>
	</word>	<word>
		<sanskrit>saḥ—</sanskrit>
		<indonesian>itu; </indonesian>
	</word>	<word>
		<sanskrit>mahā-ātmā</sanskrit>
		<indonesian>—roh yang mulia;
</indonesian>
	</word>	<word>
		<sanskrit>sudurlabhaḥ—</sanskrit>
		<indonesian>jarang sekali dilihat.</indonesian>
	</word>	<word>
		<sanskrit>kāmaiḥ</sanskrit>
		<indonesian>—oleh keinginan; </indonesian>
	</word>	<word>
		<sanskrit>taiḥ taiḥ—</sanskrit>
		<indonesian>berbagai;
</indonesian>
	</word>	<word>
		<sanskrit>hṛta</sanskrit>
		<indonesian>—kehilangan; </indonesian>
	</word>	<word>
		<sanskrit>jñānāḥ</sanskrit>
		<indonesian>—pengetahuan; </indonesian>
	</word>	<word>
		<sanskrit>prapadyante—</sanskrit>
		<indonesian>menyerahkan
diri; </indonesian>
	</word>	<word>
		<sanskrit>anya—</sanskrit>
		<indonesian>kepada yang lain; </indonesian>
	</word>	<word>
		<sanskrit>devatāḥ</sanskrit>
		<indonesian>—para dewa; </indonesian>
	</word>	<word>
		<sanskrit>tam</sanskrit>
		<indonesian> </indonesian>
	</word>	<word>
		<sanskrit>tam—</sanskrit>
		<indonesian>cocok;
</indonesian>
	</word>	<word>
		<sanskrit>niyamam—</sanskrit>
		<indonesian>peraturan; </indonesian>
	</word>	<word>
		<sanskrit>āsthāya</sanskrit>
		<indonesian>—mengikuti; </indonesian>
	</word>	<word>
		<sanskrit>prakṛtyā</sanskrit>
		<indonesian>—oleh
sifat; </indonesian>
	</word>	<word>
		<sanskrit>niyatāḥ—</sanskrit>
		<indonesian>dikendalikan; </indonesian>
	</word>	<word>
		<sanskrit>svayā—</sanskrit>
		<indonesian>oleh yang dimiliki sendiri.</indonesian>
	</word>	<word>
		<sanskrit>yaḥ yaḥ—</sanskrit>
		<indonesian>siapapun; </indonesian>
	</word>	<word>
		<sanskrit>yām yām—</sanskrit>
		<indonesian>manapun; </indonesian>
	</word>	<word>
		<sanskrit>tanum</sanskrit>
		<indonesian>—bentuk dewa;
</indonesian>
	</word>	<word>
		<sanskrit>bhaktaḥ</sanskrit>
		<indonesian>—penyembah; </indonesian>
	</word>	<word>
		<sanskrit>śraddhayā</sanskrit>
		<indonesian>—dengan kepercayaan; </indonesian>
	</word>	<word>
		<sanskrit>arcitum</sanskrit>
		<indonesian>—untuk
menyembah; </indonesian>
	</word>	<word>
		<sanskrit>icchati</sanskrit>
		<indonesian>—menginginkan; tasya </indonesian>
	</word>	<word>
		<sanskrit>tasya—</sanskrit>
		<indonesian>kepada dia; </indonesian>
	</word>	<word>
		<sanskrit>acalam—</sanskrit>
		<indonesian>mantap;
</indonesian>
	</word>	<word>
		<sanskrit>śraddhām</sanskrit>
		<indonesian>—kepercayaan; </indonesian>
	</word>	<word>
		<sanskrit>tam—</sanskrit>
		<indonesian>itu; </indonesian>
	</word>	<word>
		<sanskrit>evā—</sanskrit>
		<indonesian>pasti; </indonesian>
	</word>	<word>
		<sanskrit>vidadhāmi</sanskrit>
		<indonesian>—memberikan;
</indonesian>
	</word>	<word>
		<sanskrit>aham—</sanskrit>
		<indonesian>Aku.</indonesian>
	</word>	<word>
		<sanskrit>saḥ—</sanskrit>
		<indonesian>dia; </indonesian>
	</word>	<word>
		<sanskrit>tayā—</sanskrit>
		<indonesian>dengan itu; </indonesian>
	</word>	<word>
		<sanskrit>śraddhayā</sanskrit>
		<indonesian>—semangat;
</indonesian>
	</word>	<word>
		<sanskrit>yuktaḥ—</sanskrit>
		<indonesian>diberikan; </indonesian>
	</word>	<word>
		<sanskrit>tasya—</sanskrit>
		<indonesian>dari dewa itu; </indonesian>
	</word>	<word>
		<sanskrit>ārādhanam</sanskrit>
		<indonesian>—untuk
sembahyang; </indonesian>
	</word>	<word>
		<sanskrit>īhate</sanskrit>
		<indonesian>—ia bercita-cita; </indonesian>
	</word>	<word>
		<sanskrit>labhate—</sanskrit>
		<indonesian>memperoleh; </indonesian>
	</word>	<word>
		<sanskrit>ca—</sanskrit>
		<indonesian>dan;
</indonesian>
	</word>	<word>
		<sanskrit>tataḥ—</sanskrit>
		<indonesian>dari itu; </indonesian>
	</word>	<word>
		<sanskrit>kāmān—</sanskrit>
		<indonesian>keinginannya; </indonesian>
	</word>	<word>
		<sanskrit>mayā</sanskrit>
		<indonesian>—oleh-Ku; </indonesian>
	</word>	<word>
		<sanskrit>evā—</sanskrit>
		<indonesian>sendiri;
</indonesian>
	</word>	<word>
		<sanskrit>vihitān</sanskrit>
		<indonesian>—diatur; </indonesian>
	</word>	<word>
		<sanskrit>hi—</sanskrit>
		<indonesian>pasti; </indonesian>
	</word>	<word>
		<sanskrit>tān—</sanskrit>
		<indonesian>yang itu.</indonesian>
	</word>	<word>
		<sanskrit>anta-vat</sanskrit>
		<indonesian>—dapat dimusnahkan; </indonesian>
	</word>	<word>
		<sanskrit>tu—</sanskrit>
		<indonesian>tetapi;
</indonesian>
	</word>	<word>
		<sanskrit>phalam</sanskrit>
		<indonesian>—hasil; </indonesian>
	</word>	<word>
		<sanskrit>teṣām—</sanskrit>
		<indonesian>milik mereka; </indonesian>
	</word>	<word>
		<sanskrit>tat—</sanskrit>
		<indonesian>itu; </indonesian>
	</word>	<word>
		<sanskrit>bhavati</sanskrit>
		<indonesian>—menjadi;
</indonesian>
	</word>	<word>
		<sanskrit>alpa-medhasām</sanskrit>
		<indonesian>—orang yang kurang cerdas; </indonesian>
	</word>	<word>
		<sanskrit>devān—</sanskrit>
		<indonesian>kepada para dewa; </indonesian>
	</word>	<word>
		<sanskrit>deva-yajaḥ</sanskrit>
		<indonesian>—penyembah
para dewa; </indonesian>
	</word>	<word>
		<sanskrit>yānti</sanskrit>
		<indonesian>—pergi; </indonesian>
	</word>	<word>
		<sanskrit>mat—</sanskrit>
		<indonesian>milik-Ku; </indonesian>
	</word>	<word>
		<sanskrit>bhaktaḥ</sanskrit>
		<indonesian>—penyembah-penyembah;
</indonesian>
	</word>	<word>
		<sanskrit>yānti—</sanskrit>
		<indonesian>pergi; </indonesian>
	</word>	<word>
		<sanskrit>mām—</sanskrit>
		<indonesian>kepada-Ku; </indonesian>
	</word>	<word>
		<sanskrit>api—</sanskrit>
		<indonesian>juga.</indonesian>
	</word>	<word>
		<sanskrit>avyaktam—</sanskrit>
		<indonesian>tidak terwujud; </indonesian>
	</word>	<word>
		<sanskrit>vyaktim—</sanskrit>
		<indonesian>kepribadian;
</indonesian>
	</word>	<word>
		<sanskrit>āpannam</sanskrit>
		<indonesian>—dicapai; </indonesian>
	</word>	<word>
		<sanskrit>manyante—</sanskrit>
		<indonesian>berpikir; </indonesian>
	</word>	<word>
		<sanskrit>mām—</sanskrit>
		<indonesian>Aku; </indonesian>
	</word>	<word>
		<sanskrit>abuddhayaḥ</sanskrit>
		<indonesian>—orang
yang kurang cerdas; </indonesian>
	</word>	<word>
		<sanskrit>param—</sanskrit>
		<indonesian>Mahakuasa; </indonesian>
	</word>	<word>
		<sanskrit>bhāvam—</sanskrit>
		<indonesian>keberadaan; </indonesian>
	</word>	<word>
		<sanskrit>ajānantaḥ</sanskrit>
		<indonesian>—tanpa
mengetahui; </indonesian>
	</word>	<word>
		<sanskrit>mama—</sanskrit>
		<indonesian>milik-Ku; </indonesian>
	</word>	<word>
		<sanskrit>avyayām—</sanskrit>
		<indonesian>tidak dapat dimusnahkan; </indonesian>
	</word>	<word>
		<sanskrit>anuttamām—</sanskrit>
		<indonesian>yang
paling halus.</indonesian>
	</word>	<word>
		<sanskrit>na—</sanskrit>
		<indonesian>tidak juga; </indonesian>
	</word>	<word>
		<sanskrit>aham—</sanskrit>
		<indonesian>Aku; </indonesian>
	</word>	<word>
		<sanskrit>prakāśaḥ</sanskrit>
		<indonesian>—berwujud;
</indonesian>
	</word>	<word>
		<sanskrit>sarvasya—</sanskrit>
		<indonesian>kepada semua orang; </indonesian>
	</word>	<word>
		<sanskrit>yogamayā</sanskrit>
		<indonesian>—oleh kekuatan dalam; </indonesian>
	</word>	<word>
		<sanskrit>samāvṛtaḥ</sanskrit>
		<indonesian>—tertutup;
</indonesian>
	</word>	<word>
		<sanskrit>mūḍhāḥ—</sanskrit>
		<indonesian>bodoh; </indonesian>
	</word>	<word>
		<sanskrit>ayam—</sanskrit>
		<indonesian>yang ini; </indonesian>
	</word>	<word>
		<sanskrit>na—</sanskrit>
		<indonesian>tidak juga; </indonesian>
	</word>	<word>
		<sanskrit>abhijānāti</sanskrit>
		<indonesian>—dapat
mengerti; </indonesian>
	</word>	<word>
		<sanskrit>lokaḥ</sanskrit>
		<indonesian>—orang; </indonesian>
	</word>	<word>
		<sanskrit>mām—</sanskrit>
		<indonesian>Aku; </indonesian>
	</word>	<word>
		<sanskrit>ajam—</sanskrit>
		<indonesian>tidak dilahirkan; </indonesian>
	</word>	<word>
		<sanskrit>avyayām—</sanskrit>
		<indonesian>tidak
dapat dimusnahkan.</indonesian>
	</word>	<word>
		<sanskrit>veda—</sanskrit>
		<indonesian>mengetahui; </indonesian>
	</word>	<word>
		<sanskrit>aham—</sanskrit>
		<indonesian>Aku; </indonesian>
	</word>	<word>
		<sanskrit>samatītāni—</sanskrit>
		<indonesian>masa
lampau sepenuhnya; </indonesian>
	</word>	<word>
		<sanskrit>vartamānāni</sanskrit>
		<indonesian>—masa sekarang; </indonesian>
	</word>	<word>
		<sanskrit>ca—</sanskrit>
		<indonesian>dan; </indonesian>
	</word>	<word>
		<sanskrit>Arjuna—</sanskrit>
		<indonesian>wahai
</indonesian>
	</word>	<word>
		<sanskrit>Arjuna</sanskrit>
		<indonesian>; </indonesian>
	</word>	<word>
		<sanskrit>bhaviṣyāṇi</sanskrit>
		<indonesian>—masa yang akan datang; </indonesian>
	</word>	<word>
		<sanskrit>ca—</sanskrit>
		<indonesian>juga; </indonesian>
	</word>	<word>
		<sanskrit>bhūtāni</sanskrit>
		<indonesian>—semua
makhluk hidup; </indonesian>
	</word>	<word>
		<sanskrit>mām—</sanskrit>
		<indonesian>Aku; </indonesian>
	</word>	<word>
		<sanskrit>tu—</sanskrit>
		<indonesian>tetapi; </indonesian>
	</word>	<word>
		<sanskrit>veda—</sanskrit>
		<indonesian>mengetahui; </indonesian>
	</word>	<word>
		<sanskrit>na—</sanskrit>
		<indonesian>tidak;
</indonesian>
	</word>	<word>
		<sanskrit>kaścana—</sanskrit>
		<indonesian>siapapun.</indonesian>
	</word>	<word>
		<sanskrit>icchā—</sanskrit>
		<indonesian>keinginan; </indonesian>
	</word>	<word>
		<sanskrit>dveṣa—</sanskrit>
		<indonesian>dan rasa
benci; </indonesian>
	</word>	<word>
		<sanskrit>samutthena—</sanskrit>
		<indonesian>timbul dari; </indonesian>
	</word>	<word>
		<sanskrit>dvandva</sanskrit>
		<indonesian>—dari hal-hal yang relatif;
</indonesian>
	</word>	<word>
		<sanskrit>mohena—</sanskrit>
		<indonesian>oleh khayalan; </indonesian>
	</word>	<word>
		<sanskrit>Bhārata</sanskrit>
		<indonesian>—wahai prabhu dari keluarga </indonesian>
	</word>	<word>
		<sanskrit>Bhārata
</sanskrit>
		<indonesian>; </indonesian>
	</word>	<word>
		<sanskrit>sarva—</sanskrit>
		<indonesian>semua; </indonesian>
	</word>	<word>
		<sanskrit>bhūtāni</sanskrit>
		<indonesian>—makhluk hidup; </indonesian>
	</word>	<word>
		<sanskrit>sammoham</sanskrit>
		<indonesian>—dalam
khayalan; </indonesian>
	</word>	<word>
		<sanskrit>sarge</sanskrit>
		<indonesian>—pada waktu dilahirkan; </indonesian>
	</word>	<word>
		<sanskrit>yānti—</sanskrit>
		<indonesian>pergi; </indonesian>
	</word>	<word>
		<sanskrit>parantapa</sanskrit>
		<indonesian>—wahai
penakluk musuh.</indonesian>
	</word>	<word>
		<sanskrit>yeṣām</sanskrit>
		<indonesian>—milik siapa; </indonesian>
	</word>	<word>
		<sanskrit>tu—</sanskrit>
		<indonesian>tetapi; </indonesian>
	</word>	<word>
		<sanskrit>anta-gatam—</sanskrit>
		<indonesian>dihilangkan
sepenuhnya; </indonesian>
	</word>	<word>
		<sanskrit>pāpam</sanskrit>
		<indonesian>—dosa; </indonesian>
	</word>	<word>
		<sanskrit>janānām</sanskrit>
		<indonesian>—orang; </indonesian>
	</word>	<word>
		<sanskrit>puṇya</sanskrit>
		<indonesian>—saleh; </indonesian>
	</word>	<word>
		<sanskrit>karmaṇām</sanskrit>
		<indonesian>—kegiatannya
dari sejak dahulu; </indonesian>
	</word>	<word>
		<sanskrit>te—</sanskrit>
		<indonesian>mereka; </indonesian>
	</word>	<word>
		<sanskrit>dvandva</sanskrit>
		<indonesian>—dari hal-hal relatif; </indonesian>
	</word>	<word>
		<sanskrit>moha—</sanskrit>
		<indonesian>khayalan;
</indonesian>
	</word>	<word>
		<sanskrit>nirmuktaḥ—</sanskrit>
		<indonesian>bebas dari; </indonesian>
	</word>	<word>
		<sanskrit>bhajante—</sanskrit>
		<indonesian>menekuni bhakti; </indonesian>
	</word>	<word>
		<sanskrit>mām—</sanskrit>
		<indonesian>kepada-Ku;
</indonesian>
	</word>	<word>
		<sanskrit>dṛḍha-vratāḥ—</sanskrit>
		<indonesian>dengan ketabahan hati.</indonesian>
	</word>	<word>
		<sanskrit>jarā—</sanskrit>
		<indonesian>dari usia tua; </indonesian>
	</word>	<word>
		<sanskrit>maraṇa—</sanskrit>
		<indonesian>dan
kematian; </indonesian>
	</word>	<word>
		<sanskrit>mokṣāya</sanskrit>
		<indonesian>—dengan tujuan pembebasan; </indonesian>
	</word>	<word>
		<sanskrit>mām—</sanskrit>
		<indonesian>Aku; </indonesian>
	</word>	<word>
		<sanskrit>āśritya</sanskrit>
		<indonesian>—berlindung
kepada; </indonesian>
	</word>	<word>
		<sanskrit>yatanti</sanskrit>
		<indonesian>—usaha; </indonesian>
	</word>	<word>
		<sanskrit>ye—</sanskrit>
		<indonesian>semua orang yang; </indonesian>
	</word>	<word>
		<sanskrit>te—</sanskrit>
		<indonesian>orang
seperti itu; </indonesian>
	</word>	<word>
		<sanskrit>brahma—</sanskrit>
		<indonesian>Brahman; </indonesian>
	</word>	<word>
		<sanskrit>tat—</sanskrit>
		<indonesian>sebenarnya itu; </indonesian>
	</word>	<word>
		<sanskrit>viduḥ—</sanskrit>
		<indonesian>mereka
mengenal; </indonesian>
	</word>	<word>
		<sanskrit>kṛtsnam</sanskrit>
		<indonesian>—segala sesuatu; </indonesian>
	</word>	<word>
		<sanskrit>adhyātmām—</sanskrit>
		<indonesian>rohani; </indonesian>
	</word>	<word>
		<sanskrit>karma—</sanskrit>
		<indonesian>kegiatan;
</indonesian>
	</word>	<word>
		<sanskrit>ca—</sanskrit>
		<indonesian>juga; </indonesian>
	</word>	<word>
		<sanskrit>akhilam</sanskrit>
		<indonesian>—sepenuhnya.</indonesian>
	</word>	<word>
		<sanskrit>sa-adhibhūta—</sanskrit>
		<indonesian>dan prinsip yang mengatur
manifestasi material; </indonesian>
	</word>	<word>
		<sanskrit>adhidaivam—</sanskrit>
		<indonesian>mengatur semua dewa; </indonesian>
	</word>	<word>
		<sanskrit>mām—</sanskrit>
		<indonesian>Aku; </indonesian>
	</word>	<word>
		<sanskrit>sa-adhiyajñam</sanskrit>
		<indonesian>—dan
mengendalikan semua korban suci; </indonesian>
	</word>	<word>
		<sanskrit>ca—</sanskrit>
		<indonesian>juga; </indonesian>
	</word>	<word>
		<sanskrit>ye—</sanskrit>
		<indonesian>orang yang; </indonesian>
	</word>	<word>
		<sanskrit>viduḥ—</sanskrit>
		<indonesian>mengenal;
</indonesian>
	</word>	<word>
		<sanskrit>prayāṇa—</sanskrit>
		<indonesian>dari kematian; </indonesian>
	</word>	<word>
		<sanskrit>kāle—</sanskrit>
		<indonesian>pada waktu; </indonesian>
	</word>	<word>
		<sanskrit>api—</sanskrit>
		<indonesian>walaupun; </indonesian>
	</word>	<word>
		<sanskrit>ca—</sanskrit>
		<indonesian>dan;
</indonesian>
	</word>	<word>
		<sanskrit>mām—</sanskrit>
		<indonesian>Aku; </indonesian>
	</word>	<word>
		<sanskrit>te—</sanskrit>
		<indonesian>mereka; </indonesian>
	</word>	<word>
		<sanskrit>viduḥ—</sanskrit>
		<indonesian>mengenal; </indonesian>
	</word>	<word>
		<sanskrit>yukta-cetasāḥ—</sanskrit>
		<indonesian>pikirannya
tekun dalam Diri-Ku.</indonesian>
	</word></root>