<?xml version="1.0" encoding="UTF-8"?>
<root>	<word>
		<sanskrit>Arjunaḥ uvāca—</sanskrit>
		<indonesian>Arjuna berkata; </indonesian>
	</word>	<word>
		<sanskrit>jyāyasī—</sanskrit>
		<indonesian>lebih baik; </indonesian>
	</word>	<word>
		<sanskrit>cet—</sanskrit>
		<indonesian>kalau;
</indonesian>
	</word>	<word>
		<sanskrit>karmaṇaḥ—</sanskrit>
		<indonesian>daripada perbuatan yang dimaksudkan untuk membuahkan hasil; </indonesian>
	</word>	<word>
		<sanskrit>te—</sanskrit>
		<indonesian>oleh
Anda; </indonesian>
	</word>	<word>
		<sanskrit>matā—</sanskrit>
		<indonesian>dianggap; </indonesian>
	</word>	<word>
		<sanskrit>buddhiḥ</sanskrit>
		<indonesian>—kecerdasan; </indonesian>
	</word>	<word>
		<sanskrit>janārdana—</sanskrit>
		<indonesian>o
Krishna; </indonesian>
	</word>	<word>
		<sanskrit>tat—</sanskrit>
		<indonesian>karena itu; </indonesian>
	</word>	<word>
		<sanskrit>kim—</sanskrit>
		<indonesian>mengapa; </indonesian>
	</word>	<word>
		<sanskrit>karmaṇi</sanskrit>
		<indonesian>—dalam
perbuatan; </indonesian>
	</word>	<word>
		<sanskrit>ghore—</sanskrit>
		<indonesian>mengerikan; </indonesian>
	</word>	<word>
		<sanskrit>mām—</sanskrit>
		<indonesian>hamba; </indonesian>
	</word>	<word>
		<sanskrit>niyojayasi</sanskrit>
		<indonesian>—Anda
menjadikan sibuk; </indonesian>
	</word>	<word>
		<sanskrit>keśava—</sanskrit>
		<indonesian>o Krishna.</indonesian>
	</word>	<word>
		<sanskrit>vyāmiśreṇa—</sanskrit>
		<indonesian>oleh sesuatu yang mengandung dua arti; </indonesian>
	</word>	<word>
		<sanskrit>ivā—</sanskrit>
		<indonesian>pasti; </indonesian>
	</word>	<word>
		<sanskrit>vākyena—</sanskrit>
		<indonesian>kata-kata;
</indonesian>
	</word>	<word>
		<sanskrit>buddhim</sanskrit>
		<indonesian>—kecerdasan; </indonesian>
	</word>	<word>
		<sanskrit>mohayasi</sanskrit>
		<indonesian>—Anda membingungkan; </indonesian>
	</word>	<word>
		<sanskrit>ivā—</sanskrit>
		<indonesian>pasti;
</indonesian>
	</word>	<word>
		<sanskrit>me—</sanskrit>
		<indonesian>milik hamba; </indonesian>
	</word>	<word>
		<sanskrit>tat—</sanskrit>
		<indonesian>karena itu; </indonesian>
	</word>	<word>
		<sanskrit>ekam—</sanskrit>
		<indonesian>hanya satu; </indonesian>
	</word>	<word>
		<sanskrit>vada—</sanskrit>
		<indonesian>mohon
memberitahukan; </indonesian>
	</word>	<word>
		<sanskrit>niścitya</sanskrit>
		<indonesian>—menentukan; </indonesian>
	</word>	<word>
		<sanskrit>yena—</sanskrit>
		<indonesian>melalui itu; </indonesian>
	</word>	<word>
		<sanskrit>śreyaḥ</sanskrit>
		<indonesian>—manfaat
yang sejati; </indonesian>
	</word>	<word>
		<sanskrit>aham—</sanskrit>
		<indonesian>hamba; </indonesian>
	</word>	<word>
		<sanskrit>āpnuyām</sanskrit>
		<indonesian>—dapat memperoleh.</indonesian>
	</word>	<word>
		<sanskrit>Śrī-bhagavān </sanskrit>
		<indonesian> </indonesian>
	</word>	<word>
		<sanskrit>uvāca—</sanskrit>
		<indonesian>Kepribadian Tuhan Yang Maha Esa
bersabda; </indonesian>
	</word>	<word>
		<sanskrit>loke—</sanskrit>
		<indonesian>di dunia; </indonesian>
	</word>	<word>
		<sanskrit>asmin—</sanskrit>
		<indonesian>ini; </indonesian>
	</word>	<word>
		<sanskrit>dvi-vidhā</sanskrit>
		<indonesian>—dua jenis; </indonesian>
	</word>	<word>
		<sanskrit>niṣṭhā</sanskrit>
		<indonesian>—keyakinan;
</indonesian>
	</word>	<word>
		<sanskrit>purā—</sanskrit>
		<indonesian>tadi; </indonesian>
	</word>	<word>
		<sanskrit>proktā</sanskrit>
		<indonesian>—dikatakan; </indonesian>
	</word>	<word>
		<sanskrit>mayā</sanskrit>
		<indonesian>—oleh-Ku; </indonesian>
	</word>	<word>
		<sanskrit>anagha</sanskrit>
		<indonesian>—wahai
yang tidak berdosa; </indonesian>
	</word>	<word>
		<sanskrit>jñāna-yogena—</sanskrit>
		<indonesian>oleh proses pengetahuan untuk
menghubungkan; </indonesian>
	</word>	<word>
		<sanskrit>sāńkhyānām</sanskrit>
		<indonesian>—mengenai para filosof yang mendasarkan
pengetahuannya pada percobaan; </indonesian>
	</word>	<word>
		<sanskrit>karma-yogena—</sanskrit>
		<indonesian>oleh proses penghubungan
bhakti; </indonesian>
	</word>	<word>
		<sanskrit>yoginām</sanskrit>
		<indonesian>—mengenai para penyembah.</indonesian>
	</word>	<word>
		<sanskrit>na—</sanskrit>
		<indonesian>tidak; </indonesian>
	</word>	<word>
		<sanskrit>karmaṇām</sanskrit>
		<indonesian>—dari tugas-tugas kewajiban yang telah
ditetapkan; </indonesian>
	</word>	<word>
		<sanskrit>anārambhāt</sanskrit>
		<indonesian>—dengan tidak melakukan; </indonesian>
	</word>	<word>
		<sanskrit>naiṣkarmyam</sanskrit>
		<indonesian>—kebebasan
dari reaksi; </indonesian>
	</word>	<word>
		<sanskrit>puruṣaḥ</sanskrit>
		<indonesian>—seorang manusia; </indonesian>
	</word>	<word>
		<sanskrit>aśnute</sanskrit>
		<indonesian>—mencapai; </indonesian>
	</word>	<word>
		<sanskrit>na—</sanskrit>
		<indonesian>tidak
juga; </indonesian>
	</word>	<word>
		<sanskrit>ca—</sanskrit>
		<indonesian>juga; </indonesian>
	</word>	<word>
		<sanskrit>sannyāsanāt</sanskrit>
		<indonesian>—dengan melepaskan ikatan; </indonesian>
	</word>	<word>
		<sanskrit>evā—</sanskrit>
		<indonesian>hanya;
</indonesian>
	</word>	<word>
		<sanskrit>siddhim</sanskrit>
		<indonesian>—sukses; </indonesian>
	</word>	<word>
		<sanskrit>samadhigacchati</sanskrit>
		<indonesian>—mencapai.</indonesian>
	</word>	<word>
		<sanskrit>na—</sanskrit>
		<indonesian>tidak juga; </indonesian>
	</word>	<word>
		<sanskrit>hi—</sanskrit>
		<indonesian>pasti; </indonesian>
	</word>	<word>
		<sanskrit>kaścit</sanskrit>
		<indonesian>—siapapun; </indonesian>
	</word>	<word>
		<sanskrit>kṣaṇam</sanskrit>
		<indonesian>—satu
saat; </indonesian>
	</word>	<word>
		<sanskrit>api—</sanskrit>
		<indonesian>juga; </indonesian>
	</word>	<word>
		<sanskrit>jātu——</sanskrit>
		<indonesian>pada suatu waktu; </indonesian>
	</word>	<word>
		<sanskrit>tiṣṭhati</sanskrit>
		<indonesian>—tetap; </indonesian>
	</word>	<word>
		<sanskrit>akarma-kṛt</sanskrit>
		<indonesian>—tanpa
melakukan sesuatu; </indonesian>
	</word>	<word>
		<sanskrit>kāryate</sanskrit>
		<indonesian>—dipaksakan melakukan; </indonesian>
	</word>	<word>
		<sanskrit>hi—</sanskrit>
		<indonesian>pasti; </indonesian>
	</word>	<word>
		<sanskrit>avāsaḥ</sanskrit>
		<indonesian>—tidak
berdaya; </indonesian>
	</word>	<word>
		<sanskrit>karma—</sanskrit>
		<indonesian>pekerjaan; </indonesian>
	</word>	<word>
		<sanskrit>sarvaḥ</sanskrit>
		<indonesian>—segala; </indonesian>
	</word>	<word>
		<sanskrit>prakṛti-jaiḥ</sanskrit>
		<indonesian>—di
lahirkan dari sifat-sifat alam material; </indonesian>
	</word>	<word>
		<sanskrit>guṇaiḥ</sanskrit>
		<indonesian>—oleh sifat-sifat.</indonesian>
	</word>	<word>
		<sanskrit>karma-indriyāṇi</sanskrit>
		<indonesian>—lima indera yang bekerja; </indonesian>
	</word>	<word>
		<sanskrit>saḿyamya</sanskrit>
		<indonesian>—mengendalikan;
</indonesian>
	</word>	<word>
		<sanskrit>yah—</sanskrit>
		<indonesian>siapapun yang; </indonesian>
	</word>	<word>
		<sanskrit>aste—</sanskrit>
		<indonesian>tetap; </indonesian>
	</word>	<word>
		<sanskrit>manasā</sanskrit>
		<indonesian>—oleh pikiran; </indonesian>
	</word>	<word>
		<sanskrit>smaran</sanskrit>
		<indonesian>—berpikir
tentang; </indonesian>
	</word>	<word>
		<sanskrit>indriya-arthān</sanskrit>
		<indonesian>—obyek-obyek indera; </indonesian>
	</word>	<word>
		<sanskrit>vimūḍha</sanskrit>
		<indonesian>—bodoh; </indonesian>
	</word>	<word>
		<sanskrit>ātmā—</sanskrit>
		<indonesian>roh;
</indonesian>
	</word>	<word>
		<sanskrit>mithyā-ācāraḥ</sanskrit>
		<indonesian>—orang yang berpura-pura; </indonesian>
	</word>	<word>
		<sanskrit>saḥ—</sanskrit>
		<indonesian>dia; </indonesian>
	</word>	<word>
		<sanskrit>ucyate</sanskrit>
		<indonesian>—disebut.</indonesian>
	</word>	<word>
		<sanskrit>yaḥ—</sanskrit>
		<indonesian>orang yang; </indonesian>
	</word>	<word>
		<sanskrit>tu—</sanskrit>
		<indonesian>tetapi; </indonesian>
	</word>	<word>
		<sanskrit>indriyāṇi</sanskrit>
		<indonesian>—indera-indera; </indonesian>
	</word>	<word>
		<sanskrit>manasā</sanskrit>
		<indonesian>—oleh
pikiran; </indonesian>
	</word>	<word>
		<sanskrit>niyamya</sanskrit>
		<indonesian>—mengatur; </indonesian>
	</word>	<word>
		<sanskrit>ārabhate</sanskrit>
		<indonesian>—memulai; </indonesian>
	</word>	<word>
		<sanskrit>Arjuna—</sanskrit>
		<indonesian>wahai </indonesian>
	</word>	<word>
		<sanskrit>Arjuna</sanskrit>
		<indonesian>;
</indonesian>
	</word>	<word>
		<sanskrit>karma-indriyaiḥ</sanskrit>
		<indonesian>—oleh indera-indera yang giat; </indonesian>
	</word>	<word>
		<sanskrit>karma-yogam</sanskrit>
		<indonesian>—bhakti;
</indonesian>
	</word>	<word>
		<sanskrit>asaktaḥ</sanskrit>
		<indonesian>—tanpa ikatan; </indonesian>
	</word>	<word>
		<sanskrit>saḥ—</sanskrit>
		<indonesian> dia; </indonesian>
	</word>	<word>
		<sanskrit>viśiṣyate</sanskrit>
		<indonesian>—jauh lebih
maju.</indonesian>
	</word>	<word>
		<sanskrit>niyatam—</sanskrit>
		<indonesian>ditetapkan; </indonesian>
	</word>	<word>
		<sanskrit>kuru—</sanskrit>
		<indonesian>lakukanlah; </indonesian>
	</word>	<word>
		<sanskrit>karma—</sanskrit>
		<indonesian>tugas
kewajiban; </indonesian>
	</word>	<word>
		<sanskrit>tvām</sanskrit>
		<indonesian>—engkau; </indonesian>
	</word>	<word>
		<sanskrit>karma—</sanskrit>
		<indonesian>pekerjaan; </indonesian>
	</word>	<word>
		<sanskrit>jyāyaḥ—</sanskrit>
		<indonesian>lebih
baik; </indonesian>
	</word>	<word>
		<sanskrit>hi—</sanskrit>
		<indonesian>pasti; </indonesian>
	</word>	<word>
		<sanskrit>akarmaṇaḥ—</sanskrit>
		<indonesian>daripada tidak bekerja; </indonesian>
	</word>	<word>
		<sanskrit>śarīra</sanskrit>
		<indonesian>—jasmani;
</indonesian>
	</word>	<word>
		<sanskrit>yātrā—</sanskrit>
		<indonesian>pemeliharaan; </indonesian>
	</word>	<word>
		<sanskrit>api—</sanskrit>
		<indonesian>walaupun; </indonesian>
	</word>	<word>
		<sanskrit>ca—</sanskrit>
		<indonesian>juga; </indonesian>
	</word>	<word>
		<sanskrit>te—</sanskrit>
		<indonesian>milik
engkau; </indonesian>
	</word>	<word>
		<sanskrit>na—</sanskrit>
		<indonesian>tidak pernah; </indonesian>
	</word>	<word>
		<sanskrit>prasiddhyet</sanskrit>
		<indonesian>—dilaksanakan; </indonesian>
	</word>	<word>
		<sanskrit>akarmaṇaḥ—</sanskrit>
		<indonesian>tanpa
bekerja.</indonesian>
	</word>	<word>
		<sanskrit>yajña-arthāt</sanskrit>
		<indonesian>—dilakukan hanya demi </indonesian>
	</word>	<word>
		<sanskrit>yajñā</sanskrit>
		<indonesian>, atau untuk Visnu; </indonesian>
	</word>	<word>
		<sanskrit>karmaṇaḥ—</sanskrit>
		<indonesian>daripada
pekerjaan; </indonesian>
	</word>	<word>
		<sanskrit>anyatra—</sanskrit>
		<indonesian>selain itu; </indonesian>
	</word>	<word>
		<sanskrit>lokaḥ</sanskrit>
		<indonesian>—dunia; </indonesian>
	</word>	<word>
		<sanskrit>ayam—</sanskrit>
		<indonesian>ini; </indonesian>
	</word>	<word>
		<sanskrit>karma-bandhanaḥ—</sanskrit>
		<indonesian>ikatan
oleh pekerjaan; </indonesian>
	</word>	<word>
		<sanskrit>tat—</sanskrit>
		<indonesian>mengenai Beliau; </indonesian>
	</word>	<word>
		<sanskrit>artham</sanskrit>
		<indonesian>—demi; </indonesian>
	</word>	<word>
		<sanskrit>karma—</sanskrit>
		<indonesian>pekerjaan;
</indonesian>
	</word>	<word>
		<sanskrit>kaunteya</sanskrit>
		<indonesian>—wahai putera </indonesian>
	</word>	<word>
		<sanskrit>Kuntī</sanskrit>
		<indonesian> ; </indonesian>
	</word>	<word>
		<sanskrit>mukta-sańgaḥ</sanskrit>
		<indonesian>—pembebasan
dari hubungan; </indonesian>
	</word>	<word>
		<sanskrit>samācara—</sanskrit>
		<indonesian>lakukanlah secara sempurna.</indonesian>
	</word>	<word>
		<sanskrit>saha—</sanskrit>
		<indonesian> beserta; </indonesian>
	</word>	<word>
		<sanskrit>yajñaḥ—</sanskrit>
		<indonesian>korban-korban suci; </indonesian>
	</word>	<word>
		<sanskrit>prajāḥ</sanskrit>
		<indonesian>—generasigenerasi;
</indonesian>
	</word>	<word>
		<sanskrit>sṛṣṭvā</sanskrit>
		<indonesian>—menciptakan; </indonesian>
	</word>	<word>
		<sanskrit>purā—</sanskrit>
		<indonesian>pada jaman purbakala; </indonesian>
	</word>	<word>
		<sanskrit>uvāca—</sanskrit>
		<indonesian>bersabda;
</indonesian>
	</word>	<word>
		<sanskrit>prajā-patiḥ</sanskrit>
		<indonesian>—penguasa para makhluk hidup; </indonesian>
	</word>	<word>
		<sanskrit>anena—</sanskrit>
		<indonesian>oleh ini; </indonesian>
	</word>	<word>
		<sanskrit>prasaviṣyadhvam</sanskrit>
		<indonesian>—menjadi
semakin makmur; </indonesian>
	</word>	<word>
		<sanskrit>eṣaḥ—</sanskrit>
		<indonesian> ini; </indonesian>
	</word>	<word>
		<sanskrit>vaḥ—</sanskrit>
		<indonesian>milik engkau; </indonesian>
	</word>	<word>
		<sanskrit>astu—</sanskrit>
		<indonesian>agar
ada; </indonesian>
	</word>	<word>
		<sanskrit>iṣṭa—</sanskrit>
		<indonesian>segala benda yang diinginkan; </indonesian>
	</word>	<word>
		<sanskrit>kāma-dhuk</sanskrit>
		<indonesian>—yang
menganugerahkan.</indonesian>
	</word>	<word>
		<sanskrit>devān—</sanskrit>
		<indonesian>para dewa-dewa; </indonesian>
	</word>	<word>
		<sanskrit>bhāvayatā</sanskrit>
		<indonesian>—sesudah dipuaskan; </indonesian>
	</word>	<word>
		<sanskrit>anena—</sanskrit>
		<indonesian>oleh
korban suci ini; </indonesian>
	</word>	<word>
		<sanskrit>te—</sanskrit>
		<indonesian>itu; </indonesian>
	</word>	<word>
		<sanskrit>devāḥ—</sanskrit>
		<indonesian>para dewa; </indonesian>
	</word>	<word>
		<sanskrit>bhāvayantu</sanskrit>
		<indonesian>—akan
menyenangkan; </indonesian>
	</word>	<word>
		<sanskrit>vaḥ—</sanskrit>
		<indonesian>engkau; </indonesian>
	</word>	<word>
		<sanskrit>parasparam—</sanskrit>
		<indonesian>satu sama lain; </indonesian>
	</word>	<word>
		<sanskrit>bhāvayantaḥ</sanskrit>
		<indonesian>—saling
menyenangkan; </indonesian>
	</word>	<word>
		<sanskrit>śreyaḥ</sanskrit>
		<indonesian>—berkat; </indonesian>
	</word>	<word>
		<sanskrit>param—</sanskrit>
		<indonesian>paling utama; </indonesian>
	</word>	<word>
		<sanskrit>avāpsyātha</sanskrit>
		<indonesian>—engkau
akan mencapai.</indonesian>
	</word>	<word>
		<sanskrit>iṣṭān—</sanskrit>
		<indonesian>diinginkan; </indonesian>
	</word>	<word>
		<sanskrit>bhogān</sanskrit>
		<indonesian>—kebutuhan hidup; </indonesian>
	</word>	<word>
		<sanskrit>hi—</sanskrit>
		<indonesian>pasti;
</indonesian>
	</word>	<word>
		<sanskrit>vaḥ—</sanskrit>
		<indonesian>kepadamu; </indonesian>
	</word>	<word>
		<sanskrit>devāḥ—</sanskrit>
		<indonesian>para dewa; </indonesian>
	</word>	<word>
		<sanskrit>dāsyante—</sanskrit>
		<indonesian>akan
menganugerahkan; </indonesian>
	</word>	<word>
		<sanskrit>yajña-bhāvitāḥ</sanskrit>
		<indonesian>—dengan dipuaskan oleh pelaksanaan
korban-korban suci; </indonesian>
	</word>	<word>
		<sanskrit>taiḥ—</sanskrit>
		<indonesian>oleh mereka; </indonesian>
	</word>	<word>
		<sanskrit>dattān</sanskrit>
		<indonesian>—benda-benda yang
diberikan; </indonesian>
	</word>	<word>
		<sanskrit>apradāya</sanskrit>
		<indonesian>—tanpa mempersembahkan; </indonesian>
	</word>	<word>
		<sanskrit>ebhyaḥ—</sanskrit>
		<indonesian>kepada
dewa-dewa tersebut; </indonesian>
	</word>	<word>
		<sanskrit>yaḥ—</sanskrit>
		<indonesian>orang yang; </indonesian>
	</word>	<word>
		<sanskrit>bhuńkte</sanskrit>
		<indonesian>—menikmati; </indonesian>
	</word>	<word>
		<sanskrit>stenaḥ—</sanskrit>
		<indonesian>pencuri;
</indonesian>
	</word>	<word>
		<sanskrit>evā—</sanskrit>
		<indonesian>pasti; </indonesian>
	</word>	<word>
		<sanskrit>saḥ—</sanskrit>
		<indonesian> dia.</indonesian>
	</word></root>