<?xml version="1.0" encoding="UTF-8"?>
<root>	<word>
		<sanskrit>Arjunaḥ uvāca—</sanskrit>
		<indonesian/>
	</word>	<word>
		<sanskrit>evam—</sanskrit>
		<indonesian>demikian; </indonesian>
	</word>	<word>
		<sanskrit>satata</sanskrit>
		<indonesian>—selalu; </indonesian>
	</word>	<word>
		<sanskrit>yuktaḥ—</sanskrit>
		<indonesian>tekun;
</indonesian>
	</word>	<word>
		<sanskrit>ye—</sanskrit>
		<indonesian>orang yang; </indonesian>
	</word>	<word>
		<sanskrit>bhaktaḥ</sanskrit>
		<indonesian>—para penyembah; </indonesian>
	</word>	<word>
		<sanskrit>tvām</sanskrit>
		<indonesian>—Anda; </indonesian>
	</word>	<word>
		<sanskrit>paryupāsate—</sanskrit>
		<indonesian>menyembah
dengan sebenarnya; </indonesian>
	</word>	<word>
		<sanskrit>ye—</sanskrit>
		<indonesian>orang yang; </indonesian>
	</word>	<word>
		<sanskrit>ca—</sanskrit>
		<indonesian>juga; </indonesian>
	</word>	<word>
		<sanskrit>api—</sanskrit>
		<indonesian>lagi; </indonesian>
	</word>	<word>
		<sanskrit>akṣaram</sanskrit>
		<indonesian>—di
luar indera-indera; </indonesian>
	</word>	<word>
		<sanskrit>avyaktam—</sanskrit>
		<indonesian>yang tidak terwujud; </indonesian>
	</word>	<word>
		<sanskrit>teṣām—</sanskrit>
		<indonesian>dari
mereka; </indonesian>
	</word>	<word>
		<sanskrit>ke</sanskrit>
		<indonesian>—siapa; </indonesian>
	</word>	<word>
		<sanskrit>yoga-vit-tamāḥ</sanskrit>
		<indonesian>—paling sempurna dalam
pengetahuan yoga.</indonesian>
	</word>	<word>
		<sanskrit>Śrī-bhagavān uvāca—</sanskrit>
		<indonesian>Kepribadian Tuhan Yang Maha Esa bersabda; </indonesian>
	</word>	<word>
		<sanskrit>mayi—</sanskrit>
		<indonesian>kepada-Ku;
</indonesian>
	</word>	<word>
		<sanskrit>āveśya—</sanskrit>
		<indonesian>memusatkan; </indonesian>
	</word>	<word>
		<sanskrit>manaḥ</sanskrit>
		<indonesian>—pikiran; </indonesian>
	</word>	<word>
		<sanskrit>ye—</sanskrit>
		<indonesian>orang yang; </indonesian>
	</word>	<word>
		<sanskrit>mām—</sanskrit>
		<indonesian>Aku;
</indonesian>
	</word>	<word>
		<sanskrit>nitya—</sanskrit>
		<indonesian>selalu; </indonesian>
	</word>	<word>
		<sanskrit>yuktaḥ—</sanskrit>
		<indonesian>tekun; </indonesian>
	</word>	<word>
		<sanskrit>upāsate</sanskrit>
		<indonesian>—menyembah; </indonesian>
	</word>	<word>
		<sanskrit>śraddhayā—</sanskrit>
		<indonesian>dengan
keyakinan; </indonesian>
	</word>	<word>
		<sanskrit>parayā</sanskrit>
		<indonesian>—rohani; </indonesian>
	</word>	<word>
		<sanskrit>upetaḥ</sanskrit>
		<indonesian>—dianugerahkan; </indonesian>
	</word>	<word>
		<sanskrit>te—</sanskrit>
		<indonesian>mereka;
</indonesian>
	</word>	<word>
		<sanskrit>me—</sanskrit>
		<indonesian>oleh-Ku; </indonesian>
	</word>	<word>
		<sanskrit>yukta-tamāḥ</sanskrit>
		<indonesian>—paling sempurna dalam yoga; </indonesian>
	</word>	<word>
		<sanskrit>mataḥ—</sanskrit>
		<indonesian>dianggap.</indonesian>
	</word>	<word>
		<sanskrit>ye—</sanskrit>
		<indonesian>orang yang; </indonesian>
	</word>	<word>
		<sanskrit>tu—</sanskrit>
		<indonesian>tetapi; </indonesian>
	</word>	<word>
		<sanskrit>akṣaram</sanskrit>
		<indonesian>—yang di luar
jangkauan indera-indera; </indonesian>
	</word>	<word>
		<sanskrit>anirdeśyam—</sanskrit>
		<indonesian>tidak tentu; </indonesian>
	</word>	<word>
		<sanskrit>avyaktam—</sanskrit>
		<indonesian>tidak
terwujud; </indonesian>
	</word>	<word>
		<sanskrit>paryupāsate</sanskrit>
		<indonesian>—tekun sepenuhnya dalam menyembah; </indonesian>
	</word>	<word>
		<sanskrit>sarvatra-gam</sanskrit>
		<indonesian>—berada
di mana-mana; </indonesian>
	</word>	<word>
		<sanskrit>acintyam—</sanskrit>
		<indonesian>tidak dapat dipahami; </indonesian>
	</word>	<word>
		<sanskrit>ca—</sanskrit>
		<indonesian>juga; </indonesian>
	</word>	<word>
		<sanskrit>kūṭa-stham</sanskrit>
		<indonesian>—tidak
pernah berubah; </indonesian>
	</word>	<word>
		<sanskrit>acalam—</sanskrit>
		<indonesian>tidak dapat dipindahkan; </indonesian>
	</word>	<word>
		<sanskrit>dhruvam</sanskrit>
		<indonesian>—mantap; </indonesian>
	</word>	<word>
		<sanskrit>sanniyamya</sanskrit>
		<indonesian>—mengendalikan;
</indonesian>
	</word>	<word>
		<sanskrit>indriya-grāmām—</sanskrit>
		<indonesian>semua indera; </indonesian>
	</word>	<word>
		<sanskrit>sarvatra—</sanskrit>
		<indonesian>di mana-mana; </indonesian>
	</word>	<word>
		<sanskrit>sama-buddhayaḥ</sanskrit>
		<indonesian>—bersikap
yang sama; </indonesian>
	</word>	<word>
		<sanskrit>te—</sanskrit>
		<indonesian>mereka; </indonesian>
	</word>	<word>
		<sanskrit>prāpnuvanti</sanskrit>
		<indonesian>—mencapai; </indonesian>
	</word>	<word>
		<sanskrit>mām—</sanskrit>
		<indonesian>Aku; </indonesian>
	</word>	<word>
		<sanskrit>evā—</sanskrit>
		<indonesian>pasti;
</indonesian>
	</word>	<word>
		<sanskrit>sarva-bhūtahite—</sanskrit>
		<indonesian>demi kesejahteraan semua makhluk hidup; </indonesian>
	</word>	<word>
		<sanskrit>ratāḥ—</sanskrit>
		<indonesian>sibuk.</indonesian>
	</word>	<word>
		<sanskrit>kleśaḥ</sanskrit>
		<indonesian>—kesulitan; </indonesian>
	</word>	<word>
		<sanskrit>adhika-taraḥ</sanskrit>
		<indonesian>—sangat; </indonesian>
	</word>	<word>
		<sanskrit>teṣām—</sanskrit>
		<indonesian>dari
mereka; </indonesian>
	</word>	<word>
		<sanskrit>avyakta—</sanskrit>
		<indonesian>kepada yang tidak terwujud; </indonesian>
	</word>	<word>
		<sanskrit>āsakta</sanskrit>
		<indonesian>—terikat; </indonesian>
	</word>	<word>
		<sanskrit>cetasām</sanskrit>
		<indonesian>—orang
yang pikirannya; </indonesian>
	</word>	<word>
		<sanskrit>avyakta—</sanskrit>
		<indonesian>menuju yang tidak berwujud; </indonesian>
	</word>	<word>
		<sanskrit>hi—</sanskrit>
		<indonesian>pasti; </indonesian>
	</word>	<word>
		<sanskrit>gatiḥ</sanskrit>
		<indonesian>—kemajuan;
</indonesian>
	</word>	<word>
		<sanskrit>duḥkham</sanskrit>
		<indonesian>—dengan kesulitan; </indonesian>
	</word>	<word>
		<sanskrit>deha-vadbhiḥ</sanskrit>
		<indonesian>—oleh yang berada di
dalam badan; </indonesian>
	</word>	<word>
		<sanskrit>avāpyate</sanskrit>
		<indonesian>—dicapai.</indonesian>
	</word>	<word>
		<sanskrit>ye—</sanskrit>
		<indonesian>orang yang; </indonesian>
	</word>	<word>
		<sanskrit>tu—</sanskrit>
		<indonesian>tetapi; </indonesian>
	</word>	<word>
		<sanskrit>sarvāni</sanskrit>
		<indonesian>—semua; </indonesian>
	</word>	<word>
		<sanskrit>karmaṇi</sanskrit>
		<indonesian>—kegiatan;
</indonesian>
	</word>	<word>
		<sanskrit>mayi—</sanskrit>
		<indonesian>kepada-Ku; </indonesian>
	</word>	<word>
		<sanskrit>sannyasya—</sanskrit>
		<indonesian>meninggalkan; </indonesian>
	</word>	<word>
		<sanskrit>mat-paraḥ</sanskrit>
		<indonesian>—terikat
kepada-Ku; </indonesian>
	</word>	<word>
		<sanskrit>ananyena—</sanskrit>
		<indonesian>tanpa pembagian; </indonesian>
	</word>	<word>
		<sanskrit>evā—</sanskrit>
		<indonesian>pasti; </indonesian>
	</word>	<word>
		<sanskrit>yogena—</sanskrit>
		<indonesian>oleh
latihan </indonesian>
	</word>	<word>
		<sanskrit>bhakti-yoga</sanskrit>
		<indonesian> seperti itu; </indonesian>
	</word>	<word>
		<sanskrit>mām—</sanskrit>
		<indonesian>kepada-Ku; </indonesian>
	</word>	<word>
		<sanskrit>dhyāyantaḥ</sanskrit>
		<indonesian>—bersemadi;
</indonesian>
	</word>	<word>
		<sanskrit>upāsate</sanskrit>
		<indonesian>—sembah yang; </indonesian>
	</word>	<word>
		<sanskrit>teṣām—</sanskrit>
		<indonesian>bagi mereka; </indonesian>
	</word>	<word>
		<sanskrit>aham—</sanskrit>
		<indonesian>Aku; </indonesian>
	</word>	<word>
		<sanskrit>samuddhartā</sanskrit>
		<indonesian>—yang
menyelamatkan; </indonesian>
	</word>	<word>
		<sanskrit>mṛtyu</sanskrit>
		<indonesian>—dari kematian; </indonesian>
	</word>	<word>
		<sanskrit>saḿsāra</sanskrit>
		<indonesian>—dalam kehidupan
material; </indonesian>
	</word>	<word>
		<sanskrit>sāgarāt</sanskrit>
		<indonesian>—dari lautan; </indonesian>
	</word>	<word>
		<sanskrit>bhavāmi</sanskrit>
		<indonesian>—Aku menjadi; </indonesian>
	</word>	<word>
		<sanskrit>na—</sanskrit>
		<indonesian>tidak;
</indonesian>
	</word>	<word>
		<sanskrit>cirāt</sanskrit>
		<indonesian>—sesudah lama; </indonesian>
	</word>	<word>
		<sanskrit>pārtha</sanskrit>
		<indonesian>—wahai putera </indonesian>
	</word>	<word>
		<sanskrit>Pṛthā</sanskrit>
		<indonesian>; </indonesian>
	</word>	<word>
		<sanskrit>mayi—</sanskrit>
		<indonesian>kepada-Ku;
</indonesian>
	</word>	<word>
		<sanskrit>āveśita</sanskrit>
		<indonesian>—mantap; </indonesian>
	</word>	<word>
		<sanskrit>cetasām</sanskrit>
		<indonesian>—mengenai orang yang pikirannya.</indonesian>
	</word>	<word>
		<sanskrit>mayi—</sanskrit>
		<indonesian>kepada-Ku; </indonesian>
	</word>	<word>
		<sanskrit>evā—</sanskrit>
		<indonesian>pasti; </indonesian>
	</word>	<word>
		<sanskrit>manaḥ</sanskrit>
		<indonesian>—pikiran; </indonesian>
	</word>	<word>
		<sanskrit>ādhatsva</sanskrit>
		<indonesian>—memantapkan;
</indonesian>
	</word>	<word>
		<sanskrit>mayi—</sanskrit>
		<indonesian>kepada-Ku; </indonesian>
	</word>	<word>
		<sanskrit>buddhim</sanskrit>
		<indonesian>—kecerdasan; </indonesian>
	</word>	<word>
		<sanskrit>niveśaya</sanskrit>
		<indonesian>—menggunakan; </indonesian>
	</word>	<word>
		<sanskrit>nivasiṣyasi—</sanskrit>
		<indonesian>engkau
akan hidup; </indonesian>
	</word>	<word>
		<sanskrit>mayi—</sanskrit>
		<indonesian>dalam Diri-Ku; </indonesian>
	</word>	<word>
		<sanskrit>evā—</sanskrit>
		<indonesian>pasti; </indonesian>
	</word>	<word>
		<sanskrit>ataḥ</sanskrit>
		<indonesian> </indonesian>
	</word>	<word>
		<sanskrit>ūrdhvam</sanskrit>
		<indonesian>—sesudah
itu; </indonesian>
	</word>	<word>
		<sanskrit>na—</sanskrit>
		<indonesian>tidak pernah; </indonesian>
	</word>	<word>
		<sanskrit>saḿśayaḥ—</sanskrit>
		<indonesian>keragu-raguan.</indonesian>
	</word>	<word>
		<sanskrit>atha—</sanskrit>
		<indonesian>kalau, karena itu; </indonesian>
	</word>	<word>
		<sanskrit>cittam—</sanskrit>
		<indonesian>pikiran; </indonesian>
	</word>	<word>
		<sanskrit>samādhātum</sanskrit>
		<indonesian>—memusatkan;
</indonesian>
	</word>	<word>
		<sanskrit>na—</sanskrit>
		<indonesian>tidak; </indonesian>
	</word>	<word>
		<sanskrit>śaknoṣi</sanskrit>
		<indonesian>—engkau dapat; </indonesian>
	</word>	<word>
		<sanskrit>mayi—</sanskrit>
		<indonesian>kepada-Ku; </indonesian>
	</word>	<word>
		<sanskrit>sthirām</sanskrit>
		<indonesian>—secara
mantap; </indonesian>
	</word>	<word>
		<sanskrit>abhyāsa-yogena—</sanskrit>
		<indonesian>dengan latihan bhakti; </indonesian>
	</word>	<word>
		<sanskrit>tataḥ—</sanskrit>
		<indonesian>kemudian; </indonesian>
	</word>	<word>
		<sanskrit>mām—</sanskrit>
		<indonesian>Aku;
</indonesian>
	</word>	<word>
		<sanskrit>icchā—</sanskrit>
		<indonesian>inginkanlah; </indonesian>
	</word>	<word>
		<sanskrit>āptum</sanskrit>
		<indonesian>—mencapai; </indonesian>
	</word>	<word>
		<sanskrit>dhanam-jaya</sanskrit>
		<indonesian>—wahai
perebut kekayaan, </indonesian>
	</word>	<word>
		<sanskrit>Arjuna</sanskrit>
		<indonesian>.</indonesian>
	</word>	<word>
		<sanskrit>abhyāse</sanskrit>
		<indonesian>—dalam mempraktekkan; </indonesian>
	</word>	<word>
		<sanskrit>api—</sanskrit>
		<indonesian>kalaupun; </indonesian>
	</word>	<word>
		<sanskrit>asamarthaḥ</sanskrit>
		<indonesian>—tidak
sanggup; </indonesian>
	</word>	<word>
		<sanskrit>asi—</sanskrit>
		<indonesian>engkau adalah; </indonesian>
	</word>	<word>
		<sanskrit>mat</sanskrit>
		<indonesian>-</indonesian>
	</word>	<word>
		<sanskrit>karma—</sanskrit>
		<indonesian>pekerjaan-Ku; </indonesian>
	</word>	<word>
		<sanskrit>paramaḥ</sanskrit>
		<indonesian>—dipersembahkan
kepada; </indonesian>
	</word>	<word>
		<sanskrit>bhava</sanskrit>
		<indonesian>—menjadi; </indonesian>
	</word>	<word>
		<sanskrit>mat</sanskrit>
		<indonesian>-</indonesian>
	</word>	<word>
		<sanskrit>artham</sanskrit>
		<indonesian>—demi-Ku; </indonesian>
	</word>	<word>
		<sanskrit>api—</sanskrit>
		<indonesian>walaupun;
</indonesian>
	</word>	<word>
		<sanskrit>karmaṇi</sanskrit>
		<indonesian>—pekerjaan; </indonesian>
	</word>	<word>
		<sanskrit>kurvan</sanskrit>
		<indonesian>—melakukan; </indonesian>
	</word>	<word>
		<sanskrit>siddhim</sanskrit>
		<indonesian>—kesempurnaan;
</indonesian>
	</word>	<word>
		<sanskrit>avāpsyasi—</sanskrit>
		<indonesian>engkau akan mencapai.</indonesian>
	</word>	<word>
		<sanskrit>atha—</sanskrit>
		<indonesian>walaupun; </indonesian>
	</word>	<word>
		<sanskrit>etat—</sanskrit>
		<indonesian>ini; </indonesian>
	</word>	<word>
		<sanskrit>api—</sanskrit>
		<indonesian>juga; </indonesian>
	</word>	<word>
		<sanskrit>asaktaḥ</sanskrit>
		<indonesian>—tidak
sanggup; </indonesian>
	</word>	<word>
		<sanskrit>asi—</sanskrit>
		<indonesian>engkau adalah; </indonesian>
	</word>	<word>
		<sanskrit>kartum—</sanskrit>
		<indonesian>melakukan; </indonesian>
	</word>	<word>
		<sanskrit>mat—</sanskrit>
		<indonesian>kepada-Ku;
</indonesian>
	</word>	<word>
		<sanskrit>yogam</sanskrit>
		<indonesian>—dalam bhakti; </indonesian>
	</word>	<word>
		<sanskrit>āśritaḥ</sanskrit>
		<indonesian>—berlindung; </indonesian>
	</word>	<word>
		<sanskrit>sarva-karma—</sanskrit>
		<indonesian>dari
segala kegiatan; </indonesian>
	</word>	<word>
		<sanskrit>phala</sanskrit>
		<indonesian>—dari hasil; </indonesian>
	</word>	<word>
		<sanskrit>tyāgam</sanskrit>
		<indonesian>—melepaskan ikatan; </indonesian>
	</word>	<word>
		<sanskrit>tataḥ—</sanskrit>
		<indonesian>kemudian;
</indonesian>
	</word>	<word>
		<sanskrit>kuru—</sanskrit>
		<indonesian>lakukan; </indonesian>
	</word>	<word>
		<sanskrit>yata-ātma-vān</sanskrit>
		<indonesian>—mantap dalam sang diri.</indonesian>
	</word>	<word>
		<sanskrit>śreyaḥ</sanskrit>
		<indonesian>—lebih baik; </indonesian>
	</word>	<word>
		<sanskrit>hi—</sanskrit>
		<indonesian>pasti; </indonesian>
	</word>	<word>
		<sanskrit>jñānam</sanskrit>
		<indonesian>—pengetahuan; </indonesian>
	</word>	<word>
		<sanskrit>abhyāsāt—</sanskrit>
		<indonesian>latihan;
</indonesian>
	</word>	<word>
		<sanskrit>jñānāt</sanskrit>
		<indonesian>—daripada pengetahuan; </indonesian>
	</word>	<word>
		<sanskrit>dhyānam</sanskrit>
		<indonesian>—semadi; </indonesian>
	</word>	<word>
		<sanskrit>viśiṣyate</sanskrit>
		<indonesian>—dianggap
lebih baik; </indonesian>
	</word>	<word>
		<sanskrit>dhyānāt</sanskrit>
		<indonesian>—daripada semadi; </indonesian>
	</word>	<word>
		<sanskrit>karma-phala-tyāgaḥ</sanskrit>
		<indonesian>—melepaskan
ikatan terhadap hasil perbuatan yang dimaksudkan untuk membuahkan hasil; </indonesian>
	</word>	<word>
		<sanskrit>tyāgāt</sanskrit>
		<indonesian>—dengan
melepaskan ikatan seperti itu; </indonesian>
	</word>	<word>
		<sanskrit>śāntiḥ</sanskrit>
		<indonesian>—kedamaian; </indonesian>
	</word>	<word>
		<sanskrit>anantaram</sanskrit>
		<indonesian>—sesudah
itu.</indonesian>
	</word>	<word>
		<sanskrit>adveṣṭā</sanskrit>
		<indonesian>—tidak iri; </indonesian>
	</word>	<word>
		<sanskrit>sarva-bhūtānām</sanskrit>
		<indonesian>—terhadap semua makhluk; </indonesian>
	</word>	<word>
		<sanskrit>maitraḥ</sanskrit>
		<indonesian>—ramah;
</indonesian>
	</word>	<word>
		<sanskrit>karuṇaḥ—</sanskrit>
		<indonesian>murah hati; </indonesian>
	</word>	<word>
		<sanskrit>evā—</sanskrit>
		<indonesian>pasti; </indonesian>
	</word>	<word>
		<sanskrit>ca—</sanskrit>
		<indonesian>juga; </indonesian>
	</word>	<word>
		<sanskrit>nirmamaḥ</sanskrit>
		<indonesian>—bebas
dari rasa memiliki sesuatu; </indonesian>
	</word>	<word>
		<sanskrit>nirahańkāraḥ</sanskrit>
		<indonesian>—bebas dari keakuan yang palsu;
</indonesian>
	</word>	<word>
		<sanskrit>sama—</sanskrit>
		<indonesian>sama; </indonesian>
	</word>	<word>
		<sanskrit>duḥkha</sanskrit>
		<indonesian>—dalam dukacita; </indonesian>
	</word>	<word>
		<sanskrit>sukhaḥ</sanskrit>
		<indonesian>—dan
kebahagiaan; </indonesian>
	</word>	<word>
		<sanskrit>kṣamī</sanskrit>
		<indonesian>—memaafkan; </indonesian>
	</word>	<word>
		<sanskrit>santuṣṭaḥ</sanskrit>
		<indonesian>—puas; </indonesian>
	</word>	<word>
		<sanskrit>satatam—</sanskrit>
		<indonesian>selalu;
</indonesian>
	</word>	<word>
		<sanskrit>yogī—</sanskrit>
		<indonesian>orang yang tekun dalam bhakti; </indonesian>
	</word>	<word>
		<sanskrit>yata-ātmā</sanskrit>
		<indonesian>—mengendalikan diri;
</indonesian>
	</word>	<word>
		<sanskrit>dṛḍha-niścayaḥ</sanskrit>
		<indonesian>—dengan ketabahan hati; </indonesian>
	</word>	<word>
		<sanskrit>mayi—</sanskrit>
		<indonesian>kepada-Ku; </indonesian>
	</word>	<word>
		<sanskrit>arpita—</sanskrit>
		<indonesian>tekun;
</indonesian>
	</word>	<word>
		<sanskrit>manaḥ</sanskrit>
		<indonesian>—pikiran; </indonesian>
	</word>	<word>
		<sanskrit>buddhiḥ</sanskrit>
		<indonesian>—dan kecerdasan; </indonesian>
	</word>	<word>
		<sanskrit>yaḥ—</sanskrit>
		<indonesian>orang yang; </indonesian>
	</word>	<word>
		<sanskrit>mat</sanskrit>
		<indonesian>-</indonesian>
	</word>	<word>
		<sanskrit>bhaktaḥ</sanskrit>
		<indonesian>—penyembah-Ku;
</indonesian>
	</word>	<word>
		<sanskrit>saḥ—</sanskrit>
		<indonesian>dia; </indonesian>
	</word>	<word>
		<sanskrit>me—</sanskrit>
		<indonesian>kepada-Ku; </indonesian>
	</word>	<word>
		<sanskrit>priyaḥ—</sanskrit>
		<indonesian>dicintai.</indonesian>
	</word>	<word>
		<sanskrit>asmāt—</sanskrit>
		<indonesian>darinya; </indonesian>
	</word>	<word>
		<sanskrit>na—</sanskrit>
		<indonesian>tidak pernah; </indonesian>
	</word>	<word>
		<sanskrit>udvijate</sanskrit>
		<indonesian>—digoyahkan; </indonesian>
	</word>	<word>
		<sanskrit>lokaḥ</sanskrit>
		<indonesian>—orang;
</indonesian>
	</word>	<word>
		<sanskrit>lokāt</sanskrit>
		<indonesian>—dari orang; </indonesian>
	</word>	<word>
		<sanskrit>na—</sanskrit>
		<indonesian>tidak pernah; </indonesian>
	</word>	<word>
		<sanskrit>udvijate</sanskrit>
		<indonesian>—digoyahkan; </indonesian>
	</word>	<word>
		<sanskrit>ca—</sanskrit>
		<indonesian>juga;
</indonesian>
	</word>	<word>
		<sanskrit>yah—</sanskrit>
		<indonesian>siapapun yang; </indonesian>
	</word>	<word>
		<sanskrit>harṣa</sanskrit>
		<indonesian>—dari kebahagiaan; </indonesian>
	</word>	<word>
		<sanskrit>amarṣa</sanskrit>
		<indonesian>—dukacita;
</indonesian>
	</word>	<word>
		<sanskrit>bhaya—</sanskrit>
		<indonesian>rasa takut; </indonesian>
	</word>	<word>
		<sanskrit>udvegaiḥ</sanskrit>
		<indonesian>—dan rasa cemas; </indonesian>
	</word>	<word>
		<sanskrit>muktaḥ—</sanskrit>
		<indonesian>dibebaskan;
</indonesian>
	</word>	<word>
		<sanskrit>yaḥ—</sanskrit>
		<indonesian>yang; </indonesian>
	</word>	<word>
		<sanskrit>saḥ—</sanskrit>
		<indonesian>siapapun; </indonesian>
	</word>	<word>
		<sanskrit>ca—</sanskrit>
		<indonesian>juga; </indonesian>
	</word>	<word>
		<sanskrit>me—</sanskrit>
		<indonesian>kepada-Ku; </indonesian>
	</word>	<word>
		<sanskrit>priyaḥ—</sanskrit>
		<indonesian>yang
dicintai.</indonesian>
	</word>	<word>
		<sanskrit>anapekṣaḥ</sanskrit>
		<indonesian>—netral; </indonesian>
	</word>	<word>
		<sanskrit>śuciḥ</sanskrit>
		<indonesian>—suci; </indonesian>
	</word>	<word>
		<sanskrit>dakṣaḥ</sanskrit>
		<indonesian>—ahli; </indonesian>
	</word>	<word>
		<sanskrit>udāsīnaḥ—</sanskrit>
		<indonesian>bebas
dari rasa prihatin; </indonesian>
	</word>	<word>
		<sanskrit>gata-vyathaḥ</sanskrit>
		<indonesian>—bebas dari segala dukacita; </indonesian>
	</word>	<word>
		<sanskrit>sarva-ārambha</sanskrit>
		<indonesian>—dari
segala usaha; </indonesian>
	</word>	<word>
		<sanskrit>parityāgī</sanskrit>
		<indonesian>—orang yang melepaskan ikatan; </indonesian>
	</word>	<word>
		<sanskrit>yaḥ—</sanskrit>
		<indonesian>siapapun
yang; </indonesian>
	</word>	<word>
		<sanskrit>mat</sanskrit>
		<indonesian>-</indonesian>
	</word>	<word>
		<sanskrit>bhaktaḥ</sanskrit>
		<indonesian>—penyembah-Ku; </indonesian>
	</word>	<word>
		<sanskrit>saḥ—</sanskrit>
		<indonesian>dia; </indonesian>
	</word>	<word>
		<sanskrit>me—</sanskrit>
		<indonesian>kepada-Ku;
</indonesian>
	</word>	<word>
		<sanskrit>priyaḥ—</sanskrit>
		<indonesian>sangat dicintai.</indonesian>
	</word>	<word>
		<sanskrit>yaḥ—</sanskrit>
		<indonesian>orang yang; </indonesian>
	</word>	<word>
		<sanskrit>na—</sanskrit>
		<indonesian>tidak pernah; </indonesian>
	</word>	<word>
		<sanskrit>hṛṣyati</sanskrit>
		<indonesian>—bersenang
hati; </indonesian>
	</word>	<word>
		<sanskrit>na—</sanskrit>
		<indonesian>tidak pernah; </indonesian>
	</word>	<word>
		<sanskrit>dveṣṭi</sanskrit>
		<indonesian>—bersedih hati; </indonesian>
	</word>	<word>
		<sanskrit>na—</sanskrit>
		<indonesian>tidak
pernah; </indonesian>
	</word>	<word>
		<sanskrit>śocati</sanskrit>
		<indonesian>—menyesalkan; </indonesian>
	</word>	<word>
		<sanskrit>na—</sanskrit>
		<indonesian>tidak pernah; </indonesian>
	</word>	<word>
		<sanskrit>kāńkṣati</sanskrit>
		<indonesian>—menginginkan;
</indonesian>
	</word>	<word>
		<sanskrit>śubha—</sanskrit>
		<indonesian>dari hal yang menguntungkan; </indonesian>
	</word>	<word>
		<sanskrit>aśubha—</sanskrit>
		<indonesian>dan hal yang tidak
menguntungkan; </indonesian>
	</word>	<word>
		<sanskrit>parityāgī</sanskrit>
		<indonesian>—orang yang melepaskan ikatan; </indonesian>
	</word>	<word>
		<sanskrit>bhakti-mān—</sanskrit>
		<indonesian>penyembah;
</indonesian>
	</word>	<word>
		<sanskrit>yaḥ—</sanskrit>
		<indonesian>orang yang; </indonesian>
	</word>	<word>
		<sanskrit>saḥ—</sanskrit>
		<indonesian>dia adalah; </indonesian>
	</word>	<word>
		<sanskrit>me—</sanskrit>
		<indonesian>kepada-Ku; </indonesian>
	</word>	<word>
		<sanskrit>priyaḥ—</sanskrit>
		<indonesian>tercinta.</indonesian>
	</word>	<word>
		<sanskrit>samaḥ</sanskrit>
		<indonesian>—sama; </indonesian>
	</word>	<word>
		<sanskrit>śatrau</sanskrit>
		<indonesian>—terhadap musuh; </indonesian>
	</word>	<word>
		<sanskrit>ca—</sanskrit>
		<indonesian>juga; </indonesian>
	</word>	<word>
		<sanskrit>mitre</sanskrit>
		<indonesian>—terhadap
seorang kawan; </indonesian>
	</word>	<word>
		<sanskrit>ca—</sanskrit>
		<indonesian>juga; </indonesian>
	</word>	<word>
		<sanskrit>tathā—</sanskrit>
		<indonesian>seperti itu; </indonesian>
	</word>	<word>
		<sanskrit>māna—</sanskrit>
		<indonesian>dalam
penghormatan; </indonesian>
	</word>	<word>
		<sanskrit>apamānayoḥ</sanskrit>
		<indonesian>—dan penghinaan; </indonesian>
	</word>	<word>
		<sanskrit>Śīta—</sanskrit>
		<indonesian>dalam keadaan
dingin; </indonesian>
	</word>	<word>
		<sanskrit>uṣṇa—</sanskrit>
		<indonesian>panas; </indonesian>
	</word>	<word>
		<sanskrit>sukha</sanskrit>
		<indonesian>—suka; </indonesian>
	</word>	<word>
		<sanskrit>duḥkheṣu</sanskrit>
		<indonesian>—dan dukacita;
</indonesian>
	</word>	<word>
		<sanskrit>samaḥ</sanskrit>
		<indonesian>—seimbang; </indonesian>
	</word>	<word>
		<sanskrit>sańga-vivarjitaḥ</sanskrit>
		<indonesian>—bebas dari segala pergaulan; </indonesian>
	</word>	<word>
		<sanskrit>tulya</sanskrit>
		<indonesian>—sama;
</indonesian>
	</word>	<word>
		<sanskrit>nindā</sanskrit>
		<indonesian>—dalam fitnah; </indonesian>
	</word>	<word>
		<sanskrit>stutiḥ</sanskrit>
		<indonesian>—dan kemashyuran; </indonesian>
	</word>	<word>
		<sanskrit>maunī</sanskrit>
		<indonesian>—diam; </indonesian>
	</word>	<word>
		<sanskrit>santuṣṭaḥ</sanskrit>
		<indonesian>—puas;
</indonesian>
	</word>	<word>
		<sanskrit>yena kenacit</sanskrit>
		<indonesian>—dengan apapun; </indonesian>
	</word>	<word>
		<sanskrit>aniketaḥ</sanskrit>
		<indonesian>—tidak mempunyai tempat
tinggal; </indonesian>
	</word>	<word>
		<sanskrit>sthira</sanskrit>
		<indonesian>—mantap; matih—ketabahan hati; </indonesian>
	</word>	<word>
		<sanskrit>bhakti-mān—</sanskrit>
		<indonesian>tekun
dalam bhakti; </indonesian>
	</word>	<word>
		<sanskrit>me—</sanskrit>
		<indonesian>kepada-Ku; </indonesian>
	</word>	<word>
		<sanskrit>priyaḥ—</sanskrit>
		<indonesian>tercinta; </indonesian>
	</word>	<word>
		<sanskrit>naraḥ—</sanskrit>
		<indonesian>seorang
manusia.</indonesian>
	</word>	<word>
		<sanskrit>ye—</sanskrit>
		<indonesian>orang yang; </indonesian>
	</word>	<word>
		<sanskrit>tu—</sanskrit>
		<indonesian>tetapi; </indonesian>
	</word>	<word>
		<sanskrit>dharma—</sanskrit>
		<indonesian>mengenai dharma; </indonesian>
	</word>	<word>
		<sanskrit>amṛtam—</sanskrit>
		<indonesian>minuman
kekekalan; </indonesian>
	</word>	<word>
		<sanskrit>idam—</sanskrit>
		<indonesian>ini; </indonesian>
	</word>	<word>
		<sanskrit>yathā—</sanskrit>
		<indonesian>sebagai; </indonesian>
	</word>	<word>
		<sanskrit>uktam—</sanskrit>
		<indonesian>dikatakan; </indonesian>
	</word>	<word>
		<sanskrit>paryupāsate</sanskrit>
		<indonesian>—tekun
sepenuhnya; </indonesian>
	</word>	<word>
		<sanskrit>śraddadhānāḥ—</sanskrit>
		<indonesian>dengan keyakinan; </indonesian>
	</word>	<word>
		<sanskrit>mat</sanskrit>
		<indonesian>-</indonesian>
	</word>	<word>
		<sanskrit>paramaḥ</sanskrit>
		<indonesian>—mengakui
Aku, Tuhan Yang Maha Esa, sebagai segala sesuatu; </indonesian>
	</word>	<word>
		<sanskrit>bhaktaḥ</sanskrit>
		<indonesian>—para
penyembah; </indonesian>
	</word>	<word>
		<sanskrit>te—</sanskrit>
		<indonesian>mereka; </indonesian>
	</word>	<word>
		<sanskrit>atīva—</sanskrit>
		<indonesian>amat sangat; </indonesian>
	</word>	<word>
		<sanskrit>me—</sanskrit>
		<indonesian>kepada-Ku; </indonesian>
	</word>	<word>
		<sanskrit>priyaḥ—</sanskrit>
		<indonesian>tercinta.</indonesian>
	</word></root>