<?xml version="1.0" encoding="UTF-8"?>
<root>	<word>
		<sanskrit>Śrī-bhagavān</sanskrit>
		<indonesian/>
	</word>	<word>
		<sanskrit>uvāca—</sanskrit>
		<indonesian>Kepribadian Tuhan Yang Maha Esa bersabda; </indonesian>
	</word>	<word>
		<sanskrit>ūrdhva-mūlam</sanskrit>
		<indonesian>—dengan
akar ke atas; </indonesian>
	</word>	<word>
		<sanskrit>adhaḥ</sanskrit>
		<indonesian>—ke bawah; </indonesian>
	</word>	<word>
		<sanskrit>śākham</sanskrit>
		<indonesian>—cabang-cabang; </indonesian>
	</word>	<word>
		<sanskrit>aśvattham</sanskrit>
		<indonesian>—pohon
beringin; </indonesian>
	</word>	<word>
		<sanskrit>prāhuḥ—</sanskrit>
		<indonesian>dikatakan; </indonesian>
	</word>	<word>
		<sanskrit>avyayām—</sanskrit>
		<indonesian>kekal; </indonesian>
	</word>	<word>
		<sanskrit>chandāḿsi</sanskrit>
		<indonesian>—mantera-mantera
Veda; </indonesian>
	</word>	<word>
		<sanskrit>yasya—</sanskrit>
		<indonesian>dari pada itu; </indonesian>
	</word>	<word>
		<sanskrit>parṇāni</sanskrit>
		<indonesian>—daun-daun; </indonesian>
	</word>	<word>
		<sanskrit>yaḥ—</sanskrit>
		<indonesian>siapa
pun yang; </indonesian>
	</word>	<word>
		<sanskrit>tam—</sanskrit>
		<indonesian>itu; </indonesian>
	</word>	<word>
		<sanskrit>veda—</sanskrit>
		<indonesian>mengalami; </indonesian>
	</word>	<word>
		<sanskrit>saḥ—</sanskrit>
		<indonesian>dia; </indonesian>
	</word>	<word>
		<sanskrit>veda-vit</sanskrit>
		<indonesian>—yang
mengetahui Veda.</indonesian>
	</word>	<word>
		<sanskrit>adhaḥ</sanskrit>
		<indonesian>—ke bawah; </indonesian>
	</word>	<word>
		<sanskrit>ca—</sanskrit>
		<indonesian>dan; </indonesian>
	</word>	<word>
		<sanskrit>ūrdhvam</sanskrit>
		<indonesian>—ke atas; </indonesian>
	</word>	<word>
		<sanskrit>prasṛtāḥ</sanskrit>
		<indonesian>—diperluas;
</indonesian>
	</word>	<word>
		<sanskrit>tasya—</sanskrit>
		<indonesian>miliknya; </indonesian>
	</word>	<word>
		<sanskrit>śākhāḥ</sanskrit>
		<indonesian>—cabang-cabang; </indonesian>
	</word>	<word>
		<sanskrit>guṇa—</sanskrit>
		<indonesian>oleh
sifat-sifat alam material; </indonesian>
	</word>	<word>
		<sanskrit>pravṛddhaḥ</sanskrit>
		<indonesian>—dikembangkan; </indonesian>
	</word>	<word>
		<sanskrit>viṣaya</sanskrit>
		<indonesian>—obyek-obyek
indera; </indonesian>
	</word>	<word>
		<sanskrit>pravālāḥ</sanskrit>
		<indonesian>—ranting-ranting; </indonesian>
	</word>	<word>
		<sanskrit>adhaḥ</sanskrit>
		<indonesian>—ke bawah; </indonesian>
	</word>	<word>
		<sanskrit>ca—</sanskrit>
		<indonesian>dan;
</indonesian>
	</word>	<word>
		<sanskrit>mūlāni</sanskrit>
		<indonesian>—akar; </indonesian>
	</word>	<word>
		<sanskrit>anusantatāni—</sanskrit>
		<indonesian>diulurkan; </indonesian>
	</word>	<word>
		<sanskrit>karma—</sanskrit>
		<indonesian>kepada
pekerjaan; </indonesian>
	</word>	<word>
		<sanskrit>anubandhīni</sanskrit>
		<indonesian>—diikat; </indonesian>
	</word>	<word>
		<sanskrit>manuṣya-loke—</sanskrit>
		<indonesian>di dunia masyarakat
manusia.</indonesian>
	</word>	<word>
		<sanskrit>na—</sanskrit>
		<indonesian>tidak; </indonesian>
	</word>	<word>
		<sanskrit>rūpam—</sanskrit>
		<indonesian>bentuk; </indonesian>
	</word>	<word>
		<sanskrit>asya—</sanskrit>
		<indonesian>dari pohon ini; </indonesian>
	</word>	<word>
		<sanskrit>iha—</sanskrit>
		<indonesian>di
dunia ini; </indonesian>
	</word>	<word>
		<sanskrit>tathā—</sanskrit>
		<indonesian>juga; </indonesian>
	</word>	<word>
		<sanskrit>upalabhyate</sanskrit>
		<indonesian>—dapat dilihat; </indonesian>
	</word>	<word>
		<sanskrit>na—</sanskrit>
		<indonesian>tidak
pernah; </indonesian>
	</word>	<word>
		<sanskrit>antaḥ</sanskrit>
		<indonesian>—akhir;</indonesian>
	</word>	<word>
		<sanskrit> na—</sanskrit>
		<indonesian>tidak pernah; </indonesian>
	</word>	<word>
		<sanskrit>ca—</sanskrit>
		<indonesian>juga; </indonesian>
	</word>	<word>
		<sanskrit>ādiḥ—</sanskrit>
		<indonesian>awal;
</indonesian>
	</word>	<word>
		<sanskrit>na—</sanskrit>
		<indonesian>tidak pernah; </indonesian>
	</word>	<word>
		<sanskrit>ca—</sanskrit>
		<indonesian>juga; </indonesian>
	</word>	<word>
		<sanskrit>samprātiṣṭha—</sanskrit>
		<indonesian>dasar; </indonesian>
	</word>	<word>
		<sanskrit>aśvattham</sanskrit>
		<indonesian>—pohon
beringin; </indonesian>
	</word>	<word>
		<sanskrit>enam—</sanskrit>
		<indonesian>ini; </indonesian>
	</word>	<word>
		<sanskrit>su-virūḍha</sanskrit>
		<indonesian>—secara kuat; </indonesian>
	</word>	<word>
		<sanskrit>mūlam</sanskrit>
		<indonesian>—berakar;
</indonesian>
	</word>	<word>
		<sanskrit>asańga-śastreṇa—</sanskrit>
		<indonesian>dengan senjata ketidakterikatan; </indonesian>
	</word>	<word>
		<sanskrit>dṛḍhena—</sanskrit>
		<indonesian>kuat;
</indonesian>
	</word>	<word>
		<sanskrit>chittvā</sanskrit>
		<indonesian>—memotong; </indonesian>
	</word>	<word>
		<sanskrit>tataḥ—</sanskrit>
		<indonesian>sesudah itu; </indonesian>
	</word>	<word>
		<sanskrit>padam—</sanskrit>
		<indonesian>keadaan; </indonesian>
	</word>	<word>
		<sanskrit>tat—</sanskrit>
		<indonesian>itu;
</indonesian>
	</word>	<word>
		<sanskrit>parimārgitavyam</sanskrit>
		<indonesian>—harus dicari; </indonesian>
	</word>	<word>
		<sanskrit>yasmin—</sanskrit>
		<indonesian>di mana; </indonesian>
	</word>	<word>
		<sanskrit>gataḥ—</sanskrit>
		<indonesian>pergi;
</indonesian>
	</word>	<word>
		<sanskrit>na—</sanskrit>
		<indonesian>tidak pernah; </indonesian>
	</word>	<word>
		<sanskrit>nivartanti</sanskrit>
		<indonesian>—mereka kembali; </indonesian>
	</word>	<word>
		<sanskrit>bhūyaḥ</sanskrit>
		<indonesian>—lagi; </indonesian>
	</word>	<word>
		<sanskrit>tam—</sanskrit>
		<indonesian>kepada
Beliau; </indonesian>
	</word>	<word>
		<sanskrit>evā—</sanskrit>
		<indonesian>pasti; </indonesian>
	</word>	<word>
		<sanskrit>ca—</sanskrit>
		<indonesian>juga; </indonesian>
	</word>	<word>
		<sanskrit>ādyam—</sanskrit>
		<indonesian>asli; </indonesian>
	</word>	<word>
		<sanskrit>puruṣam</sanskrit>
		<indonesian>—Kepribadian
Tuhan Yang Maha Esa; </indonesian>
	</word>	<word>
		<sanskrit>prapadye</sanskrit>
		<indonesian>—menyerahkan diri; </indonesian>
	</word>	<word>
		<sanskrit>yataḥ</sanskrit>
		<indonesian>—dari
siapa; </indonesian>
	</word>	<word>
		<sanskrit>pravṛttiḥ</sanskrit>
		<indonesian>—awal; </indonesian>
	</word>	<word>
		<sanskrit>prasṛtā</sanskrit>
		<indonesian>—tersebar; </indonesian>
	</word>	<word>
		<sanskrit>purāṇi</sanskrit>
		<indonesian>—tua
sekali.</indonesian>
	</word>	<word>
		<sanskrit>niḥ—</sanskrit>
		<indonesian>tanpa; </indonesian>
	</word>	<word>
		<sanskrit>māna—</sanskrit>
		<indonesian>kemasyhuran yang palsu; </indonesian>
	</word>	<word>
		<sanskrit>mohaḥ—</sanskrit>
		<indonesian>khayalan;
</indonesian>
	</word>	<word>
		<sanskrit>jita</sanskrit>
		<indonesian>—setelah menaklukkan; </indonesian>
	</word>	<word>
		<sanskrit>sańga</sanskrit>
		<indonesian>—dari pergaulan; </indonesian>
	</word>	<word>
		<sanskrit>doṣāḥ</sanskrit>
		<indonesian>—kesalahan-kesalahan;
</indonesian>
	</word>	<word>
		<sanskrit>adhyātma</sanskrit>
		<indonesian>—dalam pengetahuan rohani; </indonesian>
	</word>	<word>
		<sanskrit>nityaḥ</sanskrit>
		<indonesian>—dalam kekekalan; </indonesian>
	</word>	<word>
		<sanskrit>vinivṛtta</sanskrit>
		<indonesian>—sudah
melepaskan hubungan; </indonesian>
	</word>	<word>
		<sanskrit>kāmaḥ</sanskrit>
		<indonesian>—dari nafsu; </indonesian>
	</word>	<word>
		<sanskrit>dvandvaiḥ</sanskrit>
		<indonesian>—dari hal-hal
yang relatif; </indonesian>
	</word>	<word>
		<sanskrit>vimuktaḥ—</sanskrit>
		<indonesian>sudah mencapai pembebasan; </indonesian>
	</word>	<word>
		<sanskrit>sukhaduḥkha</sanskrit>
		<indonesian>—suka
dan duka; </indonesian>
	</word>	<word>
		<sanskrit>saḿjñaiḥ</sanskrit>
		<indonesian>—disebut; </indonesian>
	</word>	<word>
		<sanskrit>gacchanti—</sanskrit>
		<indonesian>mencapai; </indonesian>
	</word>	<word>
		<sanskrit>amūḍhāḥ—</sanskrit>
		<indonesian>tidak
bingung; </indonesian>
	</word>	<word>
		<sanskrit>padam—</sanskrit>
		<indonesian>keadaan; </indonesian>
	</word>	<word>
		<sanskrit>avyayām—</sanskrit>
		<indonesian>kekal; </indonesian>
	</word>	<word>
		<sanskrit>tat—</sanskrit>
		<indonesian>itu.</indonesian>
	</word>	<word>
		<sanskrit>na—</sanskrit>
		<indonesian>tidak; </indonesian>
	</word>	<word>
		<sanskrit>tat—</sanskrit>
		<indonesian>itu; </indonesian>
	</word>	<word>
		<sanskrit>bhāsayate</sanskrit>
		<indonesian>—menerangi; </indonesian>
	</word>	<word>
		<sanskrit>sūryaḥ—</sanskrit>
		<indonesian>matahari;
</indonesian>
	</word>	<word>
		<sanskrit>na—</sanskrit>
		<indonesian>tidak juga; </indonesian>
	</word>	<word>
		<sanskrit>śaśāńkaḥ—</sanskrit>
		<indonesian>bulan; </indonesian>
	</word>	<word>
		<sanskrit>na—</sanskrit>
		<indonesian>tidak juga; </indonesian>
	</word>	<word>
		<sanskrit>pavakaḥ—</sanskrit>
		<indonesian>api,
listrik; </indonesian>
	</word>	<word>
		<sanskrit>yat—</sanskrit>
		<indonesian>tempat; </indonesian>
	</word>	<word>
		<sanskrit>gatvā</sanskrit>
		<indonesian>—pergi; </indonesian>
	</word>	<word>
		<sanskrit>na—</sanskrit>
		<indonesian>tidak pernah; </indonesian>
	</word>	<word>
		<sanskrit>nivartante—</sanskrit>
		<indonesian>mereka
kembali lagi; tat </indonesian>
	</word>	<word>
		<sanskrit>dhamā—</sanskrit>
		<indonesian>tempat tinggal itu; </indonesian>
	</word>	<word>
		<sanskrit>paramam—</sanskrit>
		<indonesian>paling utama;
</indonesian>
	</word>	<word>
		<sanskrit>mama—</sanskrit>
		<indonesian>milik-Ku.</indonesian>
	</word>	<word>
		<sanskrit>mama—</sanskrit>
		<indonesian>milik-Ku; </indonesian>
	</word>	<word>
		<sanskrit>evā—</sanskrit>
		<indonesian>pasti; </indonesian>
	</word>	<word>
		<sanskrit>aḿśaḥ</sanskrit>
		<indonesian>—butir percikan; </indonesian>
	</word>	<word>
		<sanskrit>jīva-loke—</sanskrit>
		<indonesian>di
dunia kehidupan yang terikat; </indonesian>
	</word>	<word>
		<sanskrit>jīva-bhūtaḥ</sanskrit>
		<indonesian>—makhluk hidup yang terikat; </indonesian>
	</word>	<word>
		<sanskrit>sanātanāḥ—</sanskrit>
		<indonesian>kekal;
</indonesian>
	</word>	<word>
		<sanskrit>manaḥ</sanskrit>
		<indonesian>—dengan pikiran; </indonesian>
	</word>	<word>
		<sanskrit>ṣaṣṭhāni</sanskrit>
		<indonesian>—enam; </indonesian>
	</word>	<word>
		<sanskrit>indriyāṇi</sanskrit>
		<indonesian>—indera;
</indonesian>
	</word>	<word>
		<sanskrit>prakṛti</sanskrit>
		<indonesian>—di alam material; </indonesian>
	</word>	<word>
		<sanskrit>sthāni</sanskrit>
		<indonesian>—terletak; </indonesian>
	</word>	<word>
		<sanskrit>karṣati—</sanskrit>
		<indonesian>berjuang
dengan keras.</indonesian>
	</word>	<word>
		<sanskrit>śārīram</sanskrit>
		<indonesian>—badan; </indonesian>
	</word>	<word>
		<sanskrit>yat—</sanskrit>
		<indonesian>sebagai; </indonesian>
	</word>	<word>
		<sanskrit>avāpnoti—</sanskrit>
		<indonesian>memperoleh; </indonesian>
	</word>	<word>
		<sanskrit>yat—</sanskrit>
		<indonesian>sebagai;
</indonesian>
	</word>	<word>
		<sanskrit>ca api</sanskrit>
		<indonesian>—juga; </indonesian>
	</word>	<word>
		<sanskrit>utkrāmati</sanskrit>
		<indonesian>—meninggalkan; </indonesian>
	</word>	<word>
		<sanskrit>īśvaraḥ</sanskrit>
		<indonesian>—penguasa; </indonesian>
	</word>	<word>
		<sanskrit>gṛhītvā</sanskrit>
		<indonesian>—mengambil;
</indonesian>
	</word>	<word>
		<sanskrit>etāni—</sanskrit>
		<indonesian>semua ini; </indonesian>
	</word>	<word>
		<sanskrit>saḿyāti</sanskrit>
		<indonesian>—pergi; </indonesian>
	</word>	<word>
		<sanskrit>vāyuḥ</sanskrit>
		<indonesian>—udara; </indonesian>
	</word>	<word>
		<sanskrit>gandhān</sanskrit>
		<indonesian>—berbagai
macam bau; </indonesian>
	</word>	<word>
		<sanskrit>ivā—</sanskrit>
		<indonesian>seperti; </indonesian>
	</word>	<word>
		<sanskrit>āśayāt—</sanskrit>
		<indonesian>sumbernya.</indonesian>
	</word>	<word>
		<sanskrit>śrotram</sanskrit>
		<indonesian>—telinga; </indonesian>
	</word>	<word>
		<sanskrit>cakṣuḥ</sanskrit>
		<indonesian>—mata; </indonesian>
	</word>	<word>
		<sanskrit>sparśanam</sanskrit>
		<indonesian>—peraba; </indonesian>
	</word>	<word>
		<sanskrit>ca—</sanskrit>
		<indonesian>juga;
</indonesian>
	</word>	<word>
		<sanskrit>rāsanam</sanskrit>
		<indonesian>—lidah; </indonesian>
	</word>	<word>
		<sanskrit>ghrāṇam</sanskrit>
		<indonesian>—daya mencium; </indonesian>
	</word>	<word>
		<sanskrit>evā—</sanskrit>
		<indonesian>juga; </indonesian>
	</word>	<word>
		<sanskrit>ca—</sanskrit>
		<indonesian>dan;
</indonesian>
	</word>	<word>
		<sanskrit>adhiṣṭhāya</sanskrit>
		<indonesian>—terletak di dalam; </indonesian>
	</word>	<word>
		<sanskrit>manaḥ</sanskrit>
		<indonesian>—pikiran; </indonesian>
	</word>	<word>
		<sanskrit>ca—</sanskrit>
		<indonesian>juga; </indonesian>
	</word>	<word>
		<sanskrit>ayam—</sanskrit>
		<indonesian>dia;
</indonesian>
	</word>	<word>
		<sanskrit>viṣayān—</sanskrit>
		<indonesian>obyek-obyek indera; </indonesian>
	</word>	<word>
		<sanskrit>upasevate</sanskrit>
		<indonesian>—menikmati.</indonesian>
	</word>	<word>
		<sanskrit>utkrāmantam—</sanskrit>
		<indonesian>meninggalkan badan; </indonesian>
	</word>	<word>
		<sanskrit>sthitam—</sanskrit>
		<indonesian>berada di dalam badan;
</indonesian>
	</word>	<word>
		<sanskrit>vā api</sanskrit>
		<indonesian>—atau; </indonesian>
	</word>	<word>
		<sanskrit>bhuñjānam</sanskrit>
		<indonesian>—menikmati; </indonesian>
	</word>	<word>
		<sanskrit>vā—</sanskrit>
		<indonesian>atau; </indonesian>
	</word>	<word>
		<sanskrit>guṇa-anvitam—</sanskrit>
		<indonesian>di
bawah pesona sifat-sifat alam material; </indonesian>
	</word>	<word>
		<sanskrit>vimūḍhaḥ—</sanskrit>
		<indonesian>orang bodoh; </indonesian>
	</word>	<word>
		<sanskrit>na—</sanskrit>
		<indonesian>tidak
pernah; </indonesian>
	</word>	<word>
		<sanskrit>anupaśyānti—</sanskrit>
		<indonesian>dapat melihat; </indonesian>
	</word>	<word>
		<sanskrit>paśyānti—</sanskrit>
		<indonesian>dapat melihat; </indonesian>
	</word>	<word>
		<sanskrit>jñāna-cakṣuṣaḥ</sanskrit>
		<indonesian>—orang
yang mempunyai mata pengetahuan.</indonesian>
	</word>	<word>
		<sanskrit>yatantaḥ</sanskrit>
		<indonesian>—berusaha; </indonesian>
	</word>	<word>
		<sanskrit>yoginaḥ—</sanskrit>
		<indonesian>rohaniwan rohaniwan; </indonesian>
	</word>	<word>
		<sanskrit>ca—</sanskrit>
		<indonesian>juga;
</indonesian>
	</word>	<word>
		<sanskrit>enam—</sanskrit>
		<indonesian>ini; </indonesian>
	</word>	<word>
		<sanskrit>paśyānti—</sanskrit>
		<indonesian>dapat melihat; </indonesian>
	</word>	<word>
		<sanskrit>ātmani</sanskrit>
		<indonesian>—di dalam sang
diri; </indonesian>
	</word>	<word>
		<sanskrit>avasthitam—</sanskrit>
		<indonesian>mantap; </indonesian>
	</word>	<word>
		<sanskrit>yatantaḥ</sanskrit>
		<indonesian>—berusaha; </indonesian>
	</word>	<word>
		<sanskrit>api—</sanskrit>
		<indonesian>walaupun;
</indonesian>
	</word>	<word>
		<sanskrit>akṛta-ātmanāḥ</sanskrit>
		<indonesian>—orang yang tidak insaf akan diri; </indonesian>
	</word>	<word>
		<sanskrit>na—</sanskrit>
		<indonesian>tidak; </indonesian>
	</word>	<word>
		<sanskrit>enam—</sanskrit>
		<indonesian>ini;
</indonesian>
	</word>	<word>
		<sanskrit>paśyānti—</sanskrit>
		<indonesian>melihat; </indonesian>
	</word>	<word>
		<sanskrit>acetasāḥ—</sanskrit>
		<indonesian>memiliki pikiran yang belum
berkembang.</indonesian>
	</word>	<word>
		<sanskrit>yat—</sanskrit>
		<indonesian>itu yang; </indonesian>
	</word>	<word>
		<sanskrit>āditya-gatam—</sanskrit>
		<indonesian>dalam sinar matahari; </indonesian>
	</word>	<word>
		<sanskrit>tejaḥ—</sanskrit>
		<indonesian>kemuliaan;
</indonesian>
	</word>	<word>
		<sanskrit>jagat</sanskrit>
		<indonesian>—seluruh dunia; </indonesian>
	</word>	<word>
		<sanskrit>bhāsayate</sanskrit>
		<indonesian>—menerangi; </indonesian>
	</word>	<word>
		<sanskrit>akhilam</sanskrit>
		<indonesian>—secara
keseluruhan; </indonesian>
	</word>	<word>
		<sanskrit>yat—</sanskrit>
		<indonesian>itu yang; </indonesian>
	</word>	<word>
		<sanskrit>candramasi</sanskrit>
		<indonesian>—di dalam bulan; </indonesian>
	</word>	<word>
		<sanskrit>yat—</sanskrit>
		<indonesian>itu
yang; </indonesian>
	</word>	<word>
		<sanskrit>ca—</sanskrit>
		<indonesian>juga; </indonesian>
	</word>	<word>
		<sanskrit>agnau—</sanskrit>
		<indonesian>di dalam api; </indonesian>
	</word>	<word>
		<sanskrit>tat—</sanskrit>
		<indonesian>itu; </indonesian>
	</word>	<word>
		<sanskrit>tejaḥ—</sanskrit>
		<indonesian>kemuliaan;
</indonesian>
	</word>	<word>
		<sanskrit>viddhi—</sanskrit>
		<indonesian>mengerti; </indonesian>
	</word>	<word>
		<sanskrit>māmakam</sanskrit>
		<indonesian>—dari-Ku.</indonesian>
	</word>	<word>
		<sanskrit>gām</sanskrit>
		<indonesian>—planet-planet; </indonesian>
	</word>	<word>
		<sanskrit>āviśya</sanskrit>
		<indonesian>—memasuki; </indonesian>
	</word>	<word>
		<sanskrit>ca—</sanskrit>
		<indonesian>juga; </indonesian>
	</word>	<word>
		<sanskrit>bhūtāni</sanskrit>
		<indonesian>—para
makhluk hidup; </indonesian>
	</word>	<word>
		<sanskrit>dhārayāmi</sanskrit>
		<indonesian>—memelihara; </indonesian>
	</word>	<word>
		<sanskrit>aham—</sanskrit>
		<indonesian>Aku; </indonesian>
	</word>	<word>
		<sanskrit>ojasā</sanskrit>
		<indonesian>—oleh
tenaga-Ku; </indonesian>
	</word>	<word>
		<sanskrit>puṣṇāmi</sanskrit>
		<indonesian>—memelihara; </indonesian>
	</word>	<word>
		<sanskrit>ca—</sanskrit>
		<indonesian>dan; </indonesian>
	</word>	<word>
		<sanskrit>auṣadhīḥ</sanskrit>
		<indonesian>—sayur-sayuran;
</indonesian>
	</word>	<word>
		<sanskrit>sarvaḥ</sanskrit>
		<indonesian>—semua; </indonesian>
	</word>	<word>
		<sanskrit>somaḥ</sanskrit>
		<indonesian>—bulan; </indonesian>
	</word>	<word>
		<sanskrit>bhūtvā</sanskrit>
		<indonesian>—menjadi; </indonesian>
	</word>	<word>
		<sanskrit>rasa-ātmakaḥ—</sanskrit>
		<indonesian>menyediakan
sari.</indonesian>
	</word>	<word>
		<sanskrit>aham—</sanskrit>
		<indonesian>Aku; </indonesian>
	</word>	<word>
		<sanskrit>vaiśvānaraḥ—</sanskrit>
		<indonesian>bagian yang berkuasa penuh dari Diri-Ku
sebagai api pencerna; </indonesian>
	</word>	<word>
		<sanskrit>bhūtvā</sanskrit>
		<indonesian>—menjadi; </indonesian>
	</word>	<word>
		<sanskrit>prāṇinām</sanskrit>
		<indonesian>—di antara semua
makhluk hidup; </indonesian>
	</word>	<word>
		<sanskrit>deham</sanskrit>
		<indonesian>—di dalam badan-badan; </indonesian>
	</word>	<word>
		<sanskrit>aśritāh—</sanskrit>
		<indonesian>terletak; </indonesian>
	</word>	<word>
		<sanskrit>prāṇa—</sanskrit>
		<indonesian>udara
yang keluar; </indonesian>
	</word>	<word>
		<sanskrit>apāna—</sanskrit>
		<indonesian>udara yang turun; </indonesian>
	</word>	<word>
		<sanskrit>samāyuktaḥ—</sanskrit>
		<indonesian>memelihara
keseimbangan; </indonesian>
	</word>	<word>
		<sanskrit>pacāmi</sanskrit>
		<indonesian>—Aku mencerna; </indonesian>
	</word>	<word>
		<sanskrit>annam</sanskrit>
		<indonesian>—makanan; </indonesian>
	</word>	<word>
		<sanskrit>catuḥ-vidham</sanskrit>
		<indonesian>—empat
jenis.</indonesian>
	</word>	<word>
		<sanskrit>sarvasya—</sanskrit>
		<indonesian>milik semua makhluk hidup; </indonesian>
	</word>	<word>
		<sanskrit>ca—</sanskrit>
		<indonesian>dan; </indonesian>
	</word>	<word>
		<sanskrit>aham—</sanskrit>
		<indonesian>Aku; </indonesian>
	</word>	<word>
		<sanskrit>hṛdi</sanskrit>
		<indonesian>—di
dalam hati (jantung); </indonesian>
	</word>	<word>
		<sanskrit>sanniviṣṭaḥ</sanskrit>
		<indonesian>—terletak; </indonesian>
	</word>	<word>
		<sanskrit>mattaḥ—</sanskrit>
		<indonesian>dari-Ku; </indonesian>
	</word>	<word>
		<sanskrit>smṛtiḥ</sanskrit>
		<indonesian>—ingatan;
</indonesian>
	</word>	<word>
		<sanskrit>jñānam</sanskrit>
		<indonesian>—pengetahuan; </indonesian>
	</word>	<word>
		<sanskrit>apohanam</sanskrit>
		<indonesian>—pelupaan; </indonesian>
	</word>	<word>
		<sanskrit>ca—</sanskrit>
		<indonesian>dan; </indonesian>
	</word>	<word>
		<sanskrit>vedaiḥ</sanskrit>
		<indonesian>—oleh
Veda; </indonesian>
	</word>	<word>
		<sanskrit>ca—</sanskrit>
		<indonesian>juga; </indonesian>
	</word>	<word>
		<sanskrit>sarvaiḥ</sanskrit>
		<indonesian>—semua; </indonesian>
	</word>	<word>
		<sanskrit>aham—</sanskrit>
		<indonesian>Aku adalah; </indonesian>
	</word>	<word>
		<sanskrit>evā—</sanskrit>
		<indonesian>pasti;
</indonesian>
	</word>	<word>
		<sanskrit>vedyaḥ—</sanskrit>
		<indonesian>yang dapat diketahui; </indonesian>
	</word>	<word>
		<sanskrit>vedānta-kṛt</sanskrit>
		<indonesian>—penyusun Vedanta; </indonesian>
	</word>	<word>
		<sanskrit>veda-vit</sanskrit>
		<indonesian>—yang
mengetahui Veda; </indonesian>
	</word>	<word>
		<sanskrit>evā—</sanskrit>
		<indonesian>pasti; </indonesian>
	</word>	<word>
		<sanskrit>ca—</sanskrit>
		<indonesian>dan; </indonesian>
	</word>	<word>
		<sanskrit>aham—</sanskrit>
		<indonesian>Aku.</indonesian>
	</word>	<word>
		<sanskrit>dvau</sanskrit>
		<indonesian>—dua; </indonesian>
	</word>	<word>
		<sanskrit>imau</sanskrit>
		<indonesian>—yang ini; </indonesian>
	</word>	<word>
		<sanskrit>puruṣau</sanskrit>
		<indonesian>—para makhluk hidup; </indonesian>
	</word>	<word>
		<sanskrit>loke—</sanskrit>
		<indonesian>di
dunia; </indonesian>
	</word>	<word>
		<sanskrit>kṣaraḥ</sanskrit>
		<indonesian>—dapat gagal; </indonesian>
	</word>	<word>
		<sanskrit>ca—</sanskrit>
		<indonesian>dan; </indonesian>
	</word>	<word>
		<sanskrit>akṣaraḥ</sanskrit>
		<indonesian>—tidak
pernah gagal; </indonesian>
	</word>	<word>
		<sanskrit>evā—</sanskrit>
		<indonesian>pasti; </indonesian>
	</word>	<word>
		<sanskrit>ca—</sanskrit>
		<indonesian>dan; </indonesian>
	</word>	<word>
		<sanskrit>kṣaraḥ</sanskrit>
		<indonesian>—dapat gagal; </indonesian>
	</word>	<word>
		<sanskrit>sarvāni</sanskrit>
		<indonesian>—semua;
</indonesian>
	</word>	<word>
		<sanskrit>bhūtāni</sanskrit>
		<indonesian>—para makhluk hidup; </indonesian>
	</word>	<word>
		<sanskrit>kūṭa-sthaḥ</sanskrit>
		<indonesian>—dalam persatuan; </indonesian>
	</word>	<word>
		<sanskrit>akṣaraḥ</sanskrit>
		<indonesian>—tidak
pernah gagal; </indonesian>
	</word>	<word>
		<sanskrit>ucyate</sanskrit>
		<indonesian>—dikatakan.</indonesian>
	</word>	<word>
		<sanskrit>uttamaḥ—</sanskrit>
		<indonesian>yang paling baik; </indonesian>
	</word>	<word>
		<sanskrit>puruṣaḥ</sanskrit>
		<indonesian>—kepribadian; </indonesian>
	</word>	<word>
		<sanskrit>tu—</sanskrit>
		<indonesian>tetapi;
</indonesian>
	</word>	<word>
		<sanskrit>anyaḥ</sanskrit>
		<indonesian>—lain; </indonesian>
	</word>	<word>
		<sanskrit>parama</sanskrit>
		<indonesian>—Yang Mahatinggi; </indonesian>
	</word>	<word>
		<sanskrit>ātmā—</sanskrit>
		<indonesian>diri; </indonesian>
	</word>	<word>
		<sanskrit>iti—</sanskrit>
		<indonesian>demikian;
</indonesian>
	</word>	<word>
		<sanskrit>udāhṛtaḥ</sanskrit>
		<indonesian>—dikatakan; </indonesian>
	</word>	<word>
		<sanskrit>yaḥ—</sanskrit>
		<indonesian>yang; </indonesian>
	</word>	<word>
		<sanskrit>loka—</sanskrit>
		<indonesian>tentang alam semesta;
</indonesian>
	</word>	<word>
		<sanskrit>trayam—</sanskrit>
		<indonesian>tiga bagian; </indonesian>
	</word>	<word>
		<sanskrit>āviśya</sanskrit>
		<indonesian>—masuk; </indonesian>
	</word>	<word>
		<sanskrit>bibharti</sanskrit>
		<indonesian>—memelihara; </indonesian>
	</word>	<word>
		<sanskrit>avyayāḥ</sanskrit>
		<indonesian>—tidak
dapat dimusnahkan; </indonesian>
	</word>	<word>
		<sanskrit>īśvaraḥ</sanskrit>
		<indonesian>—Tuhan.</indonesian>
	</word>	<word>
		<sanskrit>yasmāt—</sanskrit>
		<indonesian>karena; </indonesian>
	</word>	<word>
		<sanskrit>kṣaram</sanskrit>
		<indonesian>—kepada yang dapat gagal; </indonesian>
	</word>	<word>
		<sanskrit>atītaḥ</sanskrit>
		<indonesian>—rohani;
</indonesian>
	</word>	<word>
		<sanskrit>aham—</sanskrit>
		<indonesian>Aku adalah; </indonesian>
	</word>	<word>
		<sanskrit>akṣarāt</sanskrit>
		<indonesian>—di luar yang dapat gagal; </indonesian>
	</word>	<word>
		<sanskrit>api—</sanskrit>
		<indonesian>juga;
</indonesian>
	</word>	<word>
		<sanskrit>ca—</sanskrit>
		<indonesian>dan; </indonesian>
	</word>	<word>
		<sanskrit>uttamaḥ—</sanskrit>
		<indonesian>yang paling baik; </indonesian>
	</word>	<word>
		<sanskrit>ataḥ</sanskrit>
		<indonesian>—karena itu; </indonesian>
	</word>	<word>
		<sanskrit>asmi—</sanskrit>
		<indonesian>Aku
adalah; </indonesian>
	</word>	<word>
		<sanskrit>loke—</sanskrit>
		<indonesian>di dunia; </indonesian>
	</word>	<word>
		<sanskrit>vede</sanskrit>
		<indonesian>—dalam kesusasteraan Veda; </indonesian>
	</word>	<word>
		<sanskrit>ca—</sanskrit>
		<indonesian>dan;
</indonesian>
	</word>	<word>
		<sanskrit>prathitaḥ</sanskrit>
		<indonesian>—dimuliakan; </indonesian>
	</word>	<word>
		<sanskrit>puruṣa-uttamaḥ</sanskrit>
		<indonesian>—sebagai Kepribadian Yang
Paling Utama.</indonesian>
	</word>	<word>
		<sanskrit>yaḥ—</sanskrit>
		<indonesian>siapa pun yang; </indonesian>
	</word>	<word>
		<sanskrit>mām—</sanskrit>
		<indonesian>Aku; </indonesian>
	</word>	<word>
		<sanskrit>evam—</sanskrit>
		<indonesian>demikian; </indonesian>
	</word>	<word>
		<sanskrit>asammūḍhaḥ</sanskrit>
		<indonesian>—tanpa
keragu-raguan; </indonesian>
	</word>	<word>
		<sanskrit>jānāti</sanskrit>
		<indonesian>—mengetahui; </indonesian>
	</word>	<word>
		<sanskrit>puruṣa-uttama</sanskrit>
		<indonesian>—Kepribadian
Tuhan Yang Maha Esa; </indonesian>
	</word>	<word>
		<sanskrit>saḥ—</sanskrit>
		<indonesian>dia; </indonesian>
	</word>	<word>
		<sanskrit>sarva-vit</sanskrit>
		<indonesian>—yang mengetahui segala
sesuatunya; </indonesian>
	</word>	<word>
		<sanskrit>bhajati</sanskrit>
		<indonesian>—berbhakti; </indonesian>
	</word>	<word>
		<sanskrit>mām—</sanskrit>
		<indonesian>kepada-Ku; </indonesian>
	</word>	<word>
		<sanskrit>sarva-bhāvena—</sanskrit>
		<indonesian>dalam
segala hal; </indonesian>
	</word>	<word>
		<sanskrit>bhārata</sanskrit>
		<indonesian>—wahai putera </indonesian>
	</word>	<word>
		<sanskrit>Bhārata</sanskrit>
		<indonesian>.</indonesian>
	</word>	<word>
		<sanskrit>iti—</sanskrit>
		<indonesian>demikian; </indonesian>
	</word>	<word>
		<sanskrit>guhya-tamam—</sanskrit>
		<indonesian>paling rahasia; </indonesian>
	</word>	<word>
		<sanskrit>śastram</sanskrit>
		<indonesian>—Kitab
Suci yang di wahyukan; </indonesian>
	</word>	<word>
		<sanskrit>idam—</sanskrit>
		<indonesian>ini; </indonesian>
	</word>	<word>
		<sanskrit>uktam—</sanskrit>
		<indonesian>diungkapkan; </indonesian>
	</word>	<word>
		<sanskrit>mayā</sanskrit>
		<indonesian>—oleh-Ku;
</indonesian>
	</word>	<word>
		<sanskrit>anagha</sanskrit>
		<indonesian>—wahai yang tidak berdosa; </indonesian>
	</word>	<word>
		<sanskrit>etat—</sanskrit>
		<indonesian>ini; </indonesian>
	</word>	<word>
		<sanskrit>buddhvā</sanskrit>
		<indonesian>—mengerti;
</indonesian>
	</word>	<word>
		<sanskrit>buddhi-mān</sanskrit>
		<indonesian>—cerdas; </indonesian>
	</word>	<word>
		<sanskrit>syāt</sanskrit>
		<indonesian>—seseorang menjadi; </indonesian>
	</word>	<word>
		<sanskrit>kṛta-kṛtyaḥ—</sanskrit>
		<indonesian>yang
paling sempurna dalam usaha-usahanya; </indonesian>
	</word>	<word>
		<sanskrit>ca—</sanskrit>
		<indonesian>dan; </indonesian>
	</word>	<word>
		<sanskrit>bhārata</sanskrit>
		<indonesian>—wahai
putera </indonesian>
	</word>	<word>
		<sanskrit>Bhārata</sanskrit>
		<indonesian>.</indonesian>
	</word></root>