<?xml version="1.0" encoding="UTF-8"?>
<root>	<word>
		<sanskrit>Arjunaḥ uvāca—</sanskrit>
		<indonesian/>
	</word>	<word>
		<sanskrit>prakṛtim</sanskrit>
		<indonesian>—alam; </indonesian>
	</word>	<word>
		<sanskrit>puruṣam</sanskrit>
		<indonesian>—yang
menikmati; </indonesian>
	</word>	<word>
		<sanskrit>ca—</sanskrit>
		<indonesian>juga; </indonesian>
	</word>	<word>
		<sanskrit>evā—</sanskrit>
		<indonesian>pasti; </indonesian>
	</word>	<word>
		<sanskrit>kṣetram—</sanskrit>
		<indonesian>lapangan; </indonesian>
	</word>	<word>
		<sanskrit>kṣetra-jñam</sanskrit>
		<indonesian>—yang
mengenal lapangan; </indonesian>
	</word>	<word>
		<sanskrit>evā—</sanskrit>
		<indonesian>pasti; </indonesian>
	</word>	<word>
		<sanskrit>ca—</sanskrit>
		<indonesian>juga; </indonesian>
	</word>	<word>
		<sanskrit>etat—</sanskrit>
		<indonesian>semua ini; </indonesian>
	</word>	<word>
		<sanskrit>veditum</sanskrit>
		<indonesian>—mengerti;
</indonesian>
	</word>	<word>
		<sanskrit>icchāmi—</sanskrit>
		<indonesian>hamba ingin; </indonesian>
	</word>	<word>
		<sanskrit>jñānam</sanskrit>
		<indonesian>—pengetahuan; </indonesian>
	</word>	<word>
		<sanskrit>jñeyam</sanskrit>
		<indonesian>—obyek
pengetahuan; </indonesian>
	</word>	<word>
		<sanskrit>ca—</sanskrit>
		<indonesian>juga; </indonesian>
	</word>	<word>
		<sanskrit>keśava—</sanskrit>
		<indonesian>o Krishna; </indonesian>
	</word>	<word>
		<sanskrit>Śrī-bhagavān</sanskrit>
		<indonesian> </indonesian>
	</word>	<word>
		<sanskrit>uvāca—</sanskrit>
		<indonesian>Kepribadian
Tuhan Yang Maha Esa bersabda; </indonesian>
	</word>	<word>
		<sanskrit>idam—</sanskrit>
		<indonesian>ini; </indonesian>
	</word>	<word>
		<sanskrit>śārīram</sanskrit>
		<indonesian>—badan; </indonesian>
	</word>	<word>
		<sanskrit>kaunteya</sanskrit>
		<indonesian>—wahai
putera </indonesian>
	</word>	<word>
		<sanskrit>Kuntī</sanskrit>
		<indonesian> ; </indonesian>
	</word>	<word>
		<sanskrit>kṣetram</sanskrit>
		<indonesian>—lapangan; </indonesian>
	</word>	<word>
		<sanskrit>iti—</sanskrit>
		<indonesian>demikian; </indonesian>
	</word>	<word>
		<sanskrit>abhidhīyate</sanskrit>
		<indonesian>—disebut;
</indonesian>
	</word>	<word>
		<sanskrit>etat—</sanskrit>
		<indonesian>ini; </indonesian>
	</word>	<word>
		<sanskrit>yaḥ—</sanskrit>
		<indonesian>orang yang; </indonesian>
	</word>	<word>
		<sanskrit>vetti—</sanskrit>
		<indonesian>mengenal; </indonesian>
	</word>	<word>
		<sanskrit>tam—</sanskrit>
		<indonesian>dia;
</indonesian>
	</word>	<word>
		<sanskrit>prāhuḥ—</sanskrit>
		<indonesian>disebut; </indonesian>
	</word>	<word>
		<sanskrit>kṣetra-jñaḥ—</sanskrit>
		<indonesian>yang mengenal lapangan; </indonesian>
	</word>	<word>
		<sanskrit>iti—</sanskrit>
		<indonesian>demikian;
</indonesian>
	</word>	<word>
		<sanskrit>tat</sanskrit>
		<indonesian>-</indonesian>
	</word>	<word>
		<sanskrit>vidaḥ—</sanskrit>
		<indonesian>oleh orang yang mengetahui hal ini.</indonesian>
	</word>	<word>
		<sanskrit>kṣetra-jñam</sanskrit>
		<indonesian>—yang mengetahui lapangan; </indonesian>
	</word>	<word>
		<sanskrit>ca—</sanskrit>
		<indonesian>juga; </indonesian>
	</word>	<word>
		<sanskrit>api—</sanskrit>
		<indonesian>pasti;
</indonesian>
	</word>	<word>
		<sanskrit>mām—</sanskrit>
		<indonesian>Aku; </indonesian>
	</word>	<word>
		<sanskrit>viddhi—</sanskrit>
		<indonesian>mengetahui; </indonesian>
	</word>	<word>
		<sanskrit>sarva—</sanskrit>
		<indonesian>semua; </indonesian>
	</word>	<word>
		<sanskrit>kṣetreṣu</sanskrit>
		<indonesian>—di
dalam lapangan-lapangan jasmani; </indonesian>
	</word>	<word>
		<sanskrit>Bhārata</sanskrit>
		<indonesian>—wahai putera </indonesian>
	</word>	<word>
		<sanskrit>Bhārata </sanskrit>
		<indonesian>; </indonesian>
	</word>	<word>
		<sanskrit>kṣetra</sanskrit>
		<indonesian>—lapangan
kegiatan (badan); </indonesian>
	</word>	<word>
		<sanskrit>kṣetra-jñayoḥ</sanskrit>
		<indonesian>—dan yang mengetahui lapangan; </indonesian>
	</word>	<word>
		<sanskrit>jñānam</sanskrit>
		<indonesian>—pengetahuan
tentang; </indonesian>
	</word>	<word>
		<sanskrit>yat—</sanskrit>
		<indonesian>itu yang; </indonesian>
	</word>	<word>
		<sanskrit>tat—</sanskrit>
		<indonesian>itu; </indonesian>
	</word>	<word>
		<sanskrit>jñānam</sanskrit>
		<indonesian>—pengetahuan; </indonesian>
	</word>	<word>
		<sanskrit>matam—</sanskrit>
		<indonesian>pendapat;
</indonesian>
	</word>	<word>
		<sanskrit>mama—</sanskrit>
		<indonesian>milik-Ku.</indonesian>
	</word>	<word>
		<sanskrit>tat—</sanskrit>
		<indonesian>itu; </indonesian>
	</word>	<word>
		<sanskrit>kṣetram</sanskrit>
		<indonesian>—lapangan kegiatan; </indonesian>
	</word>	<word>
		<sanskrit>yat—</sanskrit>
		<indonesian>apa; </indonesian>
	</word>	<word>
		<sanskrit>ca—</sanskrit>
		<indonesian>juga;
</indonesian>
	</word>	<word>
		<sanskrit>yādṛk</sanskrit>
		<indonesian>—menurut kedudukannya yang sebenarnya; </indonesian>
	</word>	<word>
		<sanskrit>ca—</sanskrit>
		<indonesian>juga; </indonesian>
	</word>	<word>
		<sanskrit>yat—</sanskrit>
		<indonesian>mempunyai
apa; </indonesian>
	</word>	<word>
		<sanskrit>vikāri—</sanskrit>
		<indonesian>perubahan; </indonesian>
	</word>	<word>
		<sanskrit>yataḥ</sanskrit>
		<indonesian>—dari mana; </indonesian>
	</word>	<word>
		<sanskrit>ca—</sanskrit>
		<indonesian>juga; </indonesian>
	</word>	<word>
		<sanskrit>yat—</sanskrit>
		<indonesian>apa;
</indonesian>
	</word>	<word>
		<sanskrit>saḥ—</sanskrit>
		<indonesian>dia; </indonesian>
	</word>	<word>
		<sanskrit>ca—</sanskrit>
		<indonesian>juga; </indonesian>
	</word>	<word>
		<sanskrit>yaḥ—</sanskrit>
		<indonesian>yang; </indonesian>
	</word>	<word>
		<sanskrit>yat—</sanskrit>
		<indonesian>mempunyai apa; </indonesian>
	</word>	<word>
		<sanskrit>prabhāvaḥ—</sanskrit>
		<indonesian>pengaruh;
</indonesian>
	</word>	<word>
		<sanskrit>ca—</sanskrit>
		<indonesian>juga; </indonesian>
	</word>	<word>
		<sanskrit>tat—</sanskrit>
		<indonesian>itu; </indonesian>
	</word>	<word>
		<sanskrit>samāsena—</sanskrit>
		<indonesian>sebagai ringkasan; </indonesian>
	</word>	<word>
		<sanskrit>me—</sanskrit>
		<indonesian>dari-Ku;
</indonesian>
	</word>	<word>
		<sanskrit>śṛṇu—</sanskrit>
		<indonesian>mengerti.</indonesian>
	</word>	<word>
		<sanskrit>ṛṣibhiḥ</sanskrit>
		<indonesian>—oleh resi-resi yang bijaksana; </indonesian>
	</word>	<word>
		<sanskrit>bahudhā</sanskrit>
		<indonesian>—dalam
berbagai cara; </indonesian>
	</word>	<word>
		<sanskrit>gītam—</sanskrit>
		<indonesian>diuraikan; </indonesian>
	</word>	<word>
		<sanskrit>chandobhiḥ</sanskrit>
		<indonesian>—oleh mantra-mantra
Veda; </indonesian>
	</word>	<word>
		<sanskrit>vividhaiḥ</sanskrit>
		<indonesian>—berbagai; </indonesian>
	</word>	<word>
		<sanskrit>pṛthak</sanskrit>
		<indonesian>—dengan banyak cara; </indonesian>
	</word>	<word>
		<sanskrit>brahma-sūtra</sanskrit>
		<indonesian>—dari
Vedanta; </indonesian>
	</word>	<word>
		<sanskrit>padaiḥ</sanskrit>
		<indonesian>—oleh pepatah-pepatah; </indonesian>
	</word>	<word>
		<sanskrit>ca—</sanskrit>
		<indonesian>juga; </indonesian>
	</word>	<word>
		<sanskrit>evā—</sanskrit>
		<indonesian>pasti;
</indonesian>
	</word>	<word>
		<sanskrit>hetu-madbhiḥ</sanskrit>
		<indonesian>—dengan sebab dan akibat; </indonesian>
	</word>	<word>
		<sanskrit>viniścitaiḥ</sanskrit>
		<indonesian>—pasti.</indonesian>
	</word>	<word>
		<sanskrit>mahā-bhūtāni</sanskrit>
		<indonesian>—unsur-unsur besar; </indonesian>
	</word>	<word>
		<sanskrit>ahańkāraḥ</sanskrit>
		<indonesian>—keakuan palsu; </indonesian>
	</word>	<word>
		<sanskrit>buddhiḥ</sanskrit>
		<indonesian>—kecerdasan;
</indonesian>
	</word>	<word>
		<sanskrit>avyaktam—</sanskrit>
		<indonesian>yang tidak terwujud; </indonesian>
	</word>	<word>
		<sanskrit>evā—</sanskrit>
		<indonesian>pasti; </indonesian>
	</word>	<word>
		<sanskrit>ca—</sanskrit>
		<indonesian>juga; </indonesian>
	</word>	<word>
		<sanskrit>indriyāṇi</sanskrit>
		<indonesian>—indera-indera;
</indonesian>
	</word>	<word>
		<sanskrit>daśa-ekam—</sanskrit>
		<indonesian>sebelas; </indonesian>
	</word>	<word>
		<sanskrit>ca—</sanskrit>
		<indonesian>juga; </indonesian>
	</word>	<word>
		<sanskrit>pañca—</sanskrit>
		<indonesian>lima; </indonesian>
	</word>	<word>
		<sanskrit>ca—</sanskrit>
		<indonesian>juga; </indonesian>
	</word>	<word>
		<sanskrit>indriya-go-carāḥ</sanskrit>
		<indonesian>—obyek-obyek
indera; </indonesian>
	</word>	<word>
		<sanskrit>icchā—</sanskrit>
		<indonesian>keinginan; </indonesian>
	</word>	<word>
		<sanskrit>dveṣaḥ</sanskrit>
		<indonesian>—rasa benci; </indonesian>
	</word>	<word>
		<sanskrit>sukham—</sanskrit>
		<indonesian>kebahagiaan;
</indonesian>
	</word>	<word>
		<sanskrit>duḥkham</sanskrit>
		<indonesian>—dukacita; </indonesian>
	</word>	<word>
		<sanskrit>sańghātaḥ—</sanskrit>
		<indonesian>jumlah gabungan; </indonesian>
	</word>	<word>
		<sanskrit>cetanā—</sanskrit>
		<indonesian>gejala-gejala
hidup; </indonesian>
	</word>	<word>
		<sanskrit>dhṛtiḥ</sanskrit>
		<indonesian>—ketabahan hati; </indonesian>
	</word>	<word>
		<sanskrit>etat—</sanskrit>
		<indonesian>semua ini; </indonesian>
	</word>	<word>
		<sanskrit>kṣetram</sanskrit>
		<indonesian>—lapangan
kegiatan; </indonesian>
	</word>	<word>
		<sanskrit>samāsena—</sanskrit>
		<indonesian>sebagai ringkasan; </indonesian>
	</word>	<word>
		<sanskrit>sa-vikāram—</sanskrit>
		<indonesian>dengan hal-hal
yang saling mempengaruhi; </indonesian>
	</word>	<word>
		<sanskrit>udāhṛtam—</sanskrit>
		<indonesian>diterangkan dengan contoh.</indonesian>
	</word>	<word>
		<sanskrit>amānitvām</sanskrit>
		<indonesian>—sifat rendah hati; </indonesian>
	</word>	<word>
		<sanskrit>adambhitvām—</sanskrit>
		<indonesian>bebas dari rasa
bangga; </indonesian>
	</word>	<word>
		<sanskrit>ahiḿsā</sanskrit>
		<indonesian>—tidak melakukan kekerasan; </indonesian>
	</word>	<word>
		<sanskrit>kṣāntiḥ</sanskrit>
		<indonesian>—toleransi; </indonesian>
	</word>	<word>
		<sanskrit>ārjavam</sanskrit>
		<indonesian>—kesederhanaan;
</indonesian>
	</word>	<word>
		<sanskrit>ācārya-upāsanam</sanskrit>
		<indonesian>—mendekati seorang guru kerohanian yang dapat dipercaya; </indonesian>
	</word>	<word>
		<sanskrit>śaucam</sanskrit>
		<indonesian>—kebersihan;
</indonesian>
	</word>	<word>
		<sanskrit>sthairyam</sanskrit>
		<indonesian>—sifat mantap; </indonesian>
	</word>	<word>
		<sanskrit>ātma-vinigrahaḥ</sanskrit>
		<indonesian>—mengendalikan diri; </indonesian>
	</word>	<word>
		<sanskrit>indriya-artheṣu</sanskrit>
		<indonesian>—dalam
hal indera-indera; </indonesian>
	</word>	<word>
		<sanskrit>vairāgyam</sanskrit>
		<indonesian>—pelepasan ikatan; </indonesian>
	</word>	<word>
		<sanskrit>anahańkāraḥ</sanskrit>
		<indonesian>—bebas
dari keakuan palsu; </indonesian>
	</word>	<word>
		<sanskrit>evā—</sanskrit>
		<indonesian>pasti; </indonesian>
	</word>	<word>
		<sanskrit>ca—</sanskrit>
		<indonesian>juga; </indonesian>
	</word>	<word>
		<sanskrit>janma</sanskrit>
		<indonesian>—dari
kelahiran; </indonesian>
	</word>	<word>
		<sanskrit>mṛtyu</sanskrit>
		<indonesian>—kematian; </indonesian>
	</word>	<word>
		<sanskrit>jarā—</sanskrit>
		<indonesian>usia tua; </indonesian>
	</word>	<word>
		<sanskrit>vyādhi—</sanskrit>
		<indonesian>dan
penyakit; </indonesian>
	</word>	<word>
		<sanskrit>duḥkha</sanskrit>
		<indonesian>—dari dukacita; </indonesian>
	</word>	<word>
		<sanskrit>doṣa—</sanskrit>
		<indonesian>kesalahan; </indonesian>
	</word>	<word>
		<sanskrit>anudarśanam</sanskrit>
		<indonesian>—melihat;
</indonesian>
	</word>	<word>
		<sanskrit>asaktiḥ</sanskrit>
		<indonesian>—berada tanpa ikatan; </indonesian>
	</word>	<word>
		<sanskrit>anabhiṣvańgaḥ</sanskrit>
		<indonesian>—berada tanpa
pergaulan; </indonesian>
	</word>	<word>
		<sanskrit>putra</sanskrit>
		<indonesian>—untuk putera; </indonesian>
	</word>	<word>
		<sanskrit>dāra</sanskrit>
		<indonesian>—isteri; </indonesian>
	</word>	<word>
		<sanskrit>gṛha-ādiṣu</sanskrit>
		<indonesian>—rumah,
dan sebagainya; </indonesian>
	</word>	<word>
		<sanskrit>nityam</sanskrit>
		<indonesian>—tetap; </indonesian>
	</word>	<word>
		<sanskrit>ca—</sanskrit>
		<indonesian>juga; </indonesian>
	</word>	<word>
		<sanskrit>sama-cittatvām</sanskrit>
		<indonesian>—keseimbangan;
</indonesian>
	</word>	<word>
		<sanskrit>iṣṭa—</sanskrit>
		<indonesian>yang diinginkan; </indonesian>
	</word>	<word>
		<sanskrit>aniṣṭa</sanskrit>
		<indonesian>—dan yang tidak diinginkan; </indonesian>
	</word>	<word>
		<sanskrit>upapattiṣu</sanskrit>
		<indonesian>—sesudah
memperoleh; </indonesian>
	</word>	<word>
		<sanskrit>mayi—</sanskrit>
		<indonesian>kepada-Ku; </indonesian>
	</word>	<word>
		<sanskrit>ca—</sanskrit>
		<indonesian>juga; </indonesian>
	</word>	<word>
		<sanskrit>anaknya-yogena—</sanskrit>
		<indonesian>oleh
bhakti yang murni; </indonesian>
	</word>	<word>
		<sanskrit>bhaktiḥ</sanskrit>
		<indonesian>—bhakti; </indonesian>
	</word>	<word>
		<sanskrit>avyabhicāriṇī</sanskrit>
		<indonesian>—tanpa putus; </indonesian>
	</word>	<word>
		<sanskrit>vivikta</sanskrit>
		<indonesian>—kepada
yang sunyi; </indonesian>
	</word>	<word>
		<sanskrit>deśa</sanskrit>
		<indonesian>—tempat-tempat; </indonesian>
	</word>	<word>
		<sanskrit>sevitvām</sanskrit>
		<indonesian>—bercita-cita; </indonesian>
	</word>	<word>
		<sanskrit>aratiḥ</sanskrit>
		<indonesian>—berada
tanpa ikatan; </indonesian>
	</word>	<word>
		<sanskrit>jana-saḿsadi—</sanskrit>
		<indonesian>terhadap rakyat umum; </indonesian>
	</word>	<word>
		<sanskrit>adhyātma</sanskrit>
		<indonesian>—mengenai
sang diri; </indonesian>
	</word>	<word>
		<sanskrit>jñāna</sanskrit>
		<indonesian>—dalam pengetahuan; </indonesian>
	</word>	<word>
		<sanskrit>nityatvām</sanskrit>
		<indonesian>—sifat tetap; </indonesian>
	</word>	<word>
		<sanskrit>tattva-jñāna</sanskrit>
		<indonesian>—dari
pengetahuan tentang kebenaran; </indonesian>
	</word>	<word>
		<sanskrit>artha—</sanskrit>
		<indonesian>terhadap obyek; </indonesian>
	</word>	<word>
		<sanskrit>darśanam</sanskrit>
		<indonesian>—filsafat;
</indonesian>
	</word>	<word>
		<sanskrit>etat—</sanskrit>
		<indonesian>semua ini; </indonesian>
	</word>	<word>
		<sanskrit>jñānam</sanskrit>
		<indonesian>—pengetahuan; </indonesian>
	</word>	<word>
		<sanskrit>iti—</sanskrit>
		<indonesian>demikian; </indonesian>
	</word>	<word>
		<sanskrit>proktām</sanskrit>
		<indonesian>—dinyatakan;
</indonesian>
	</word>	<word>
		<sanskrit>ajñānām</sanskrit>
		<indonesian>—kebodohan; </indonesian>
	</word>	<word>
		<sanskrit>yat—</sanskrit>
		<indonesian>itu yang; </indonesian>
	</word>	<word>
		<sanskrit>ataḥ</sanskrit>
		<indonesian>—dari ini; </indonesian>
	</word>	<word>
		<sanskrit>anyathā—</sanskrit>
		<indonesian>lain.</indonesian>
	</word>	<word>
		<sanskrit>jñeyam</sanskrit>
		<indonesian>—apa yang dapat diketahui; </indonesian>
	</word>	<word>
		<sanskrit>yat—</sanskrit>
		<indonesian>yang; </indonesian>
	</word>	<word>
		<sanskrit>tat—</sanskrit>
		<indonesian>itu; </indonesian>
	</word>	<word>
		<sanskrit>pravakṣyāmi</sanskrit>
		<indonesian>—sekarang
Aku akan menjelaskan; </indonesian>
	</word>	<word>
		<sanskrit>yat—</sanskrit>
		<indonesian>yang; </indonesian>
	</word>	<word>
		<sanskrit>jñātvā</sanskrit>
		<indonesian>—mengetahui; </indonesian>
	</word>	<word>
		<sanskrit>amṛtam—</sanskrit>
		<indonesian>minuman
kekekalan; </indonesian>
	</word>	<word>
		<sanskrit>aśnute</sanskrit>
		<indonesian>—seseorang merasakan; </indonesian>
	</word>	<word>
		<sanskrit>anādi—</sanskrit>
		<indonesian>yang tidak berawal; </indonesian>
	</word>	<word>
		<sanskrit>mat</sanskrit>
		<indonesian>-</indonesian>
	</word>	<word>
		<sanskrit>param—</sanskrit>
		<indonesian>dibawah-Ku;
</indonesian>
	</word>	<word>
		<sanskrit>brahma—</sanskrit>
		<indonesian>sang roh; </indonesian>
	</word>	<word>
		<sanskrit>na—</sanskrit>
		<indonesian>tidak juga; </indonesian>
	</word>	<word>
		<sanskrit>sat</sanskrit>
		<indonesian>—sebab; </indonesian>
	</word>	<word>
		<sanskrit>tat—</sanskrit>
		<indonesian>itu;
</indonesian>
	</word>	<word>
		<sanskrit>na—</sanskrit>
		<indonesian>tidak juga; </indonesian>
	</word>	<word>
		<sanskrit>asat—</sanskrit>
		<indonesian>akibat; </indonesian>
	</word>	<word>
		<sanskrit>ucyate</sanskrit>
		<indonesian>—dikatakan sebagai.</indonesian>
	</word>	<word>
		<sanskrit>sarvataḥ</sanskrit>
		<indonesian>—di mana-mana; </indonesian>
	</word>	<word>
		<sanskrit>pāṇi</sanskrit>
		<indonesian>—tangan-tangan; </indonesian>
	</word>	<word>
		<sanskrit>padam—</sanskrit>
		<indonesian>kaki;
</indonesian>
	</word>	<word>
		<sanskrit>tat—</sanskrit>
		<indonesian>itu; </indonesian>
	</word>	<word>
		<sanskrit>sarvataḥ</sanskrit>
		<indonesian>—di mana-mana; </indonesian>
	</word>	<word>
		<sanskrit>akṣi</sanskrit>
		<indonesian>—mata; </indonesian>
	</word>	<word>
		<sanskrit>śiraḥ—</sanskrit>
		<indonesian>kepala;
</indonesian>
	</word>	<word>
		<sanskrit>mukham—</sanskrit>
		<indonesian>wajah-wajah; </indonesian>
	</word>	<word>
		<sanskrit>sarvataḥ</sanskrit>
		<indonesian>—di mana-mana; </indonesian>
	</word>	<word>
		<sanskrit>śruti-mat—</sanskrit>
		<indonesian>memiliki
telinga; </indonesian>
	</word>	<word>
		<sanskrit>loke—</sanskrit>
		<indonesian>di dunia; </indonesian>
	</word>	<word>
		<sanskrit>sarvam</sanskrit>
		<indonesian>—segala sesuatu; </indonesian>
	</word>	<word>
		<sanskrit>āvṛtya</sanskrit>
		<indonesian>—menutupi;
</indonesian>
	</word>	<word>
		<sanskrit>tiṣṭhati</sanskrit>
		<indonesian>—berada.</indonesian>
	</word>	<word>
		<sanskrit>sarva—</sanskrit>
		<indonesian>dari semua; </indonesian>
	</word>	<word>
		<sanskrit>indriya—</sanskrit>
		<indonesian>indera-indera; </indonesian>
	</word>	<word>
		<sanskrit>guṇa—</sanskrit>
		<indonesian>dari
sifat-sifat; </indonesian>
	</word>	<word>
		<sanskrit>ābhāsam</sanskrit>
		<indonesian>—sumber asli; </indonesian>
	</word>	<word>
		<sanskrit>sarva—</sanskrit>
		<indonesian>semua; </indonesian>
	</word>	<word>
		<sanskrit>indriya—</sanskrit>
		<indonesian>indera-indera;
</indonesian>
	</word>	<word>
		<sanskrit>vivarjitam—</sanskrit>
		<indonesian>berada tanpa; </indonesian>
	</word>	<word>
		<sanskrit>asaktam—</sanskrit>
		<indonesian>tanpa ikatan; </indonesian>
	</word>	<word>
		<sanskrit>sarva-bhṛt</sanskrit>
		<indonesian>—Pemelihara
semua orang; </indonesian>
	</word>	<word>
		<sanskrit>ca—</sanskrit>
		<indonesian>juga; </indonesian>
	</word>	<word>
		<sanskrit>evā—</sanskrit>
		<indonesian>pasti; </indonesian>
	</word>	<word>
		<sanskrit>nirguṇam</sanskrit>
		<indonesian>—tanpa
sifat-sifat material; </indonesian>
	</word>	<word>
		<sanskrit>guṇa-bhoktṛ</sanskrit>
		<indonesian>—Penguasa semua guna; </indonesian>
	</word>	<word>
		<sanskrit>ca—</sanskrit>
		<indonesian>juga.</indonesian>
	</word>	<word>
		<sanskrit>bahiḥ—</sanskrit>
		<indonesian>di luar; </indonesian>
	</word>	<word>
		<sanskrit>antaḥ</sanskrit>
		<indonesian>—di dalam; </indonesian>
	</word>	<word>
		<sanskrit>ca—</sanskrit>
		<indonesian>juga; </indonesian>
	</word>	<word>
		<sanskrit>bhūtānām</sanskrit>
		<indonesian>—antara
semua makhluk hidup; </indonesian>
	</word>	<word>
		<sanskrit>acaram—</sanskrit>
		<indonesian>tidak bergerak; </indonesian>
	</word>	<word>
		<sanskrit>caram</sanskrit>
		<indonesian>—bergerak; </indonesian>
	</word>	<word>
		<sanskrit>evā—</sanskrit>
		<indonesian>juga;
</indonesian>
	</word>	<word>
		<sanskrit>ca—</sanskrit>
		<indonesian>dan; </indonesian>
	</word>	<word>
		<sanskrit>sūkṣmatvāt—</sanskrit>
		<indonesian>karena bersifat halus; </indonesian>
	</word>	<word>
		<sanskrit>tat—</sanskrit>
		<indonesian>itu; </indonesian>
	</word>	<word>
		<sanskrit>avijñeyam</sanskrit>
		<indonesian>—tidak
dapat diketahui; </indonesian>
	</word>	<word>
		<sanskrit>dūra-stham</sanskrit>
		<indonesian>—jauh; </indonesian>
	</word>	<word>
		<sanskrit>ca—</sanskrit>
		<indonesian>juga; </indonesian>
	</word>	<word>
		<sanskrit>antike</sanskrit>
		<indonesian>—dekat; </indonesian>
	</word>	<word>
		<sanskrit>ca—</sanskrit>
		<indonesian>dan;
</indonesian>
	</word>	<word>
		<sanskrit>tat—</sanskrit>
		<indonesian>itu.</indonesian>
	</word>	<word>
		<sanskrit>avibhaktam—</sanskrit>
		<indonesian>tanpa dibagi; </indonesian>
	</word>	<word>
		<sanskrit>ca—</sanskrit>
		<indonesian>juga; </indonesian>
	</word>	<word>
		<sanskrit>bhūteṣu</sanskrit>
		<indonesian>—di dalam
semua makhluk; </indonesian>
	</word>	<word>
		<sanskrit>vibhaktam—</sanskrit>
		<indonesian>dibagi; </indonesian>
	</word>	<word>
		<sanskrit>ivā—</sanskrit>
		<indonesian>seolah-olah; </indonesian>
	</word>	<word>
		<sanskrit>ca—</sanskrit>
		<indonesian>juga;
</indonesian>
	</word>	<word>
		<sanskrit>sthitam—</sanskrit>
		<indonesian>mantap; </indonesian>
	</word>	<word>
		<sanskrit>bhūta-bhartṛ</sanskrit>
		<indonesian>—memelihara semua makhluk hidup; </indonesian>
	</word>	<word>
		<sanskrit>ca—</sanskrit>
		<indonesian>juga;
</indonesian>
	</word>	<word>
		<sanskrit>tat—</sanskrit>
		<indonesian>itu; </indonesian>
	</word>	<word>
		<sanskrit>jñeyam</sanskrit>
		<indonesian>—untuk dimengerti; </indonesian>
	</word>	<word>
		<sanskrit>grasiṣṇu—</sanskrit>
		<indonesian>menelan; </indonesian>
	</word>	<word>
		<sanskrit>prabhaviṣṇu—</sanskrit>
		<indonesian>mengembangkan;
</indonesian>
	</word>	<word>
		<sanskrit>ca—</sanskrit>
		<indonesian>juga.</indonesian>
	</word>	<word>
		<sanskrit>jyotiṣām</sanskrit>
		<indonesian>—dalam segala benda yang bercahaya; </indonesian>
	</word>	<word>
		<sanskrit>api—</sanskrit>
		<indonesian>juga; </indonesian>
	</word>	<word>
		<sanskrit>tat—</sanskrit>
		<indonesian>itu;
</indonesian>
	</word>	<word>
		<sanskrit>jyotiḥ—</sanskrit>
		<indonesian>sumber cahaya; </indonesian>
	</word>	<word>
		<sanskrit>tamasaḥ</sanskrit>
		<indonesian>—kegelapan; </indonesian>
	</word>	<word>
		<sanskrit>param—</sanskrit>
		<indonesian>di luar; </indonesian>
	</word>	<word>
		<sanskrit>ucyate</sanskrit>
		<indonesian>—dikatakan;
</indonesian>
	</word>	<word>
		<sanskrit>jñānam</sanskrit>
		<indonesian>—pengetahuan; </indonesian>
	</word>	<word>
		<sanskrit>jñeyam</sanskrit>
		<indonesian>—untuk diketahui; </indonesian>
	</word>	<word>
		<sanskrit>jñāna-gamyam</sanskrit>
		<indonesian>—untuk
didekati oleh pengetahuan; </indonesian>
	</word>	<word>
		<sanskrit>hṛdi</sanskrit>
		<indonesian>—di dalam hati; </indonesian>
	</word>	<word>
		<sanskrit>sarvasya—</sanskrit>
		<indonesian>dari
semua orang; </indonesian>
	</word>	<word>
		<sanskrit>viṣṭhitam—</sanskrit>
		<indonesian>mantap.</indonesian>
	</word>	<word>
		<sanskrit>iti—</sanskrit>
		<indonesian>demikian; </indonesian>
	</word>	<word>
		<sanskrit>kṣetram</sanskrit>
		<indonesian>—lapangan kegiatan (badan); </indonesian>
	</word>	<word>
		<sanskrit>tathā—</sanskrit>
		<indonesian>juga;
</indonesian>
	</word>	<word>
		<sanskrit>jñānam</sanskrit>
		<indonesian>—pengetahuan; </indonesian>
	</word>	<word>
		<sanskrit>jñeyam</sanskrit>
		<indonesian>—yang dapat diketahui; </indonesian>
	</word>	<word>
		<sanskrit>ca—</sanskrit>
		<indonesian>juga; </indonesian>
	</word>	<word>
		<sanskrit>uktam—</sanskrit>
		<indonesian>diuraikan;
</indonesian>
	</word>	<word>
		<sanskrit>samāsataḥ</sanskrit>
		<indonesian>—sebagai ringkasan; </indonesian>
	</word>	<word>
		<sanskrit>mat</sanskrit>
		<indonesian>-</indonesian>
	</word>	<word>
		<sanskrit>bhaktaḥ</sanskrit>
		<indonesian>—penyembah-Ku; </indonesian>
	</word>	<word>
		<sanskrit>etat—</sanskrit>
		<indonesian>semua
ini; </indonesian>
	</word>	<word>
		<sanskrit>vijñāya</sanskrit>
		<indonesian>—sesudah mengerti; </indonesian>
	</word>	<word>
		<sanskrit>mat</sanskrit>
		<indonesian>-</indonesian>
	</word>	<word>
		<sanskrit>bhāvāya</sanskrit>
		<indonesian>—sifat-Ku; </indonesian>
	</word>	<word>
		<sanskrit>upapadyate—</sanskrit>
		<indonesian>mencapai.</indonesian>
	</word>	<word>
		<sanskrit>prakṛtim</sanskrit>
		<indonesian>—alam material; </indonesian>
	</word>	<word>
		<sanskrit>puruṣam</sanskrit>
		<indonesian>—para makhluk hidup; </indonesian>
	</word>	<word>
		<sanskrit>ca—</sanskrit>
		<indonesian>juga;
</indonesian>
	</word>	<word>
		<sanskrit>evā—</sanskrit>
		<indonesian>pasti; </indonesian>
	</word>	<word>
		<sanskrit>viddhi—</sanskrit>
		<indonesian>engkau harus mengetahui; </indonesian>
	</word>	<word>
		<sanskrit>anādi—</sanskrit>
		<indonesian>tanpa
awal; </indonesian>
	</word>	<word>
		<sanskrit>ubhau</sanskrit>
		<indonesian>—keduanya; </indonesian>
	</word>	<word>
		<sanskrit>api—</sanskrit>
		<indonesian>juga; </indonesian>
	</word>	<word>
		<sanskrit>vikārān</sanskrit>
		<indonesian>—perubahan; </indonesian>
	</word>	<word>
		<sanskrit>ca—</sanskrit>
		<indonesian>juga;
</indonesian>
	</word>	<word>
		<sanskrit>guṇān</sanskrit>
		<indonesian>—tiga sifat alam; </indonesian>
	</word>	<word>
		<sanskrit>ca—</sanskrit>
		<indonesian>juga; </indonesian>
	</word>	<word>
		<sanskrit>evā—</sanskrit>
		<indonesian>pasti; </indonesian>
	</word>	<word>
		<sanskrit>viddhi—</sanskrit>
		<indonesian>mengetahui;
</indonesian>
	</word>	<word>
		<sanskrit>prakṛti</sanskrit>
		<indonesian>—alam material; </indonesian>
	</word>	<word>
		<sanskrit>sambhavān</sanskrit>
		<indonesian>—dihasilkan dari.</indonesian>
	</word>	<word>
		<sanskrit>kārya</sanskrit>
		<indonesian>—mengenai akibat; </indonesian>
	</word>	<word>
		<sanskrit>kāraṇa—</sanskrit>
		<indonesian>dan sebab; </indonesian>
	</word>	<word>
		<sanskrit>kartṛtve</sanskrit>
		<indonesian>—dalam
hal ciptaan; </indonesian>
	</word>	<word>
		<sanskrit>hetuḥ</sanskrit>
		<indonesian>—alat; </indonesian>
	</word>	<word>
		<sanskrit>prakṛtiḥ</sanskrit>
		<indonesian>—alam material; </indonesian>
	</word>	<word>
		<sanskrit>ucyate</sanskrit>
		<indonesian>—dikatakan
sebagai; </indonesian>
	</word>	<word>
		<sanskrit>puruṣaḥ</sanskrit>
		<indonesian>—makhluk hidup; </indonesian>
	</word>	<word>
		<sanskrit>sukha</sanskrit>
		<indonesian>—dari kebahagiaan; </indonesian>
	</word>	<word>
		<sanskrit>duḥkhānām</sanskrit>
		<indonesian>—dan
dukacita; </indonesian>
	</word>	<word>
		<sanskrit>bhoktṛtve</sanskrit>
		<indonesian>—dalam kenikmatan; </indonesian>
	</word>	<word>
		<sanskrit>hetuḥ</sanskrit>
		<indonesian>—alat; </indonesian>
	</word>	<word>
		<sanskrit>ucyate</sanskrit>
		<indonesian>—dikatakan.</indonesian>
	</word>	<word>
		<sanskrit>puruṣaḥ</sanskrit>
		<indonesian>—makhluk hidup; </indonesian>
	</word>	<word>
		<sanskrit>prakṛti-sthaḥ</sanskrit>
		<indonesian>—dengan
ditempatkan di dalam tenaga material; </indonesian>
	</word>	<word>
		<sanskrit>hi—</sanskrit>
		<indonesian>pasti; </indonesian>
	</word>	<word>
		<sanskrit>bhuńkte</sanskrit>
		<indonesian>—menikmati;
</indonesian>
	</word>	<word>
		<sanskrit>prakṛti-jān</sanskrit>
		<indonesian>—dihasilkan oleh alam material; </indonesian>
	</word>	<word>
		<sanskrit>guṇān</sanskrit>
		<indonesian>—sifat-sifat
alam; </indonesian>
	</word>	<word>
		<sanskrit>kāraṇam</sanskrit>
		<indonesian>—penyebab; </indonesian>
	</word>	<word>
		<sanskrit>guṇa-sańgaḥ</sanskrit>
		<indonesian>—hubungan dengan
sifat-sifat alam; </indonesian>
	</word>	<word>
		<sanskrit>asya—</sanskrit>
		<indonesian>milik makhluk hidup; </indonesian>
	</word>	<word>
		<sanskrit>sat-asat—</sanskrit>
		<indonesian>dalam baik
dan buruk; </indonesian>
	</word>	<word>
		<sanskrit>yoni</sanskrit>
		<indonesian>—jenis-jenis kehidupan; </indonesian>
	</word>	<word>
		<sanskrit>janmasu</sanskrit>
		<indonesian>—dalam
kelahiran-kelahiran.</indonesian>
	</word>	<word>
		<sanskrit>upadraṣṭā</sanskrit>
		<indonesian>—pengawas; </indonesian>
	</word>	<word>
		<sanskrit>anumantā—</sanskrit>
		<indonesian>yang mengizinkan; </indonesian>
	</word>	<word>
		<sanskrit>ca—</sanskrit>
		<indonesian>juga;
</indonesian>
	</word>	<word>
		<sanskrit>bhartā</sanskrit>
		<indonesian>—penguasa; </indonesian>
	</word>	<word>
		<sanskrit>bhoktā—</sanskrit>
		<indonesian>kepribadian Yang Paling Utama yang
menikmati; </indonesian>
	</word>	<word>
		<sanskrit>mahā-īśvaraḥ</sanskrit>
		<indonesian>—Tuhan Yang Maha Esa; </indonesian>
	</word>	<word>
		<sanskrit>parama -ātmā</sanskrit>
		<indonesian>—Roh
Yang Utama; </indonesian>
	</word>	<word>
		<sanskrit>iti—</sanskrit>
		<indonesian>juga; </indonesian>
	</word>	<word>
		<sanskrit>ca—</sanskrit>
		<indonesian>dan; </indonesian>
	</word>	<word>
		<sanskrit>api—</sanskrit>
		<indonesian>memang; </indonesian>
	</word>	<word>
		<sanskrit>uktaḥ—</sanskrit>
		<indonesian>dikatakan;
</indonesian>
	</word>	<word>
		<sanskrit>dehe—</sanskrit>
		<indonesian>di dalam badan; </indonesian>
	</word>	<word>
		<sanskrit>asmin—</sanskrit>
		<indonesian>ini; </indonesian>
	</word>	<word>
		<sanskrit>puruṣaḥ</sanskrit>
		<indonesian>—kepribadian yang
menikmati; </indonesian>
	</word>	<word>
		<sanskrit>paraḥ—</sanskrit>
		<indonesian>rohani.</indonesian>
	</word>	<word>
		<sanskrit>yaḥ—</sanskrit>
		<indonesian>siapa pun yang; </indonesian>
	</word>	<word>
		<sanskrit>evam—</sanskrit>
		<indonesian>demikian; </indonesian>
	</word>	<word>
		<sanskrit>vetti—</sanskrit>
		<indonesian>mengerti; </indonesian>
	</word>	<word>
		<sanskrit>puruṣam</sanskrit>
		<indonesian>—makhluk
hidup; </indonesian>
	</word>	<word>
		<sanskrit>prakṛtim</sanskrit>
		<indonesian>—alam material; </indonesian>
	</word>	<word>
		<sanskrit>ca—</sanskrit>
		<indonesian>dan; </indonesian>
	</word>	<word>
		<sanskrit>guṇaiḥ</sanskrit>
		<indonesian>—sifat-sifat
alam material; </indonesian>
	</word>	<word>
		<sanskrit>saha—</sanskrit>
		<indonesian>dengan; </indonesian>
	</word>	<word>
		<sanskrit>sarvathā</sanskrit>
		<indonesian>—dengan segala cara; </indonesian>
	</word>	<word>
		<sanskrit>varta-mānaḥ</sanskrit>
		<indonesian>—dengan
menjadi mantap; </indonesian>
	</word>	<word>
		<sanskrit>api—</sanskrit>
		<indonesian>walaupun; </indonesian>
	</word>	<word>
		<sanskrit>na—</sanskrit>
		<indonesian>tidak pernah; </indonesian>
	</word>	<word>
		<sanskrit>saḥ—</sanskrit>
		<indonesian>dia; </indonesian>
	</word>	<word>
		<sanskrit>bhūyaḥ</sanskrit>
		<indonesian>—lagi;
</indonesian>
	</word>	<word>
		<sanskrit>abhijāyate</sanskrit>
		<indonesian>—dia dilahirkan.</indonesian>
	</word>	<word>
		<sanskrit>dhyānena—</sanskrit>
		<indonesian>oleh semadi; </indonesian>
	</word>	<word>
		<sanskrit>ātmani</sanskrit>
		<indonesian>—di dalam sang diri; </indonesian>
	</word>	<word>
		<sanskrit>paśyānti—</sanskrit>
		<indonesian>melihat;
</indonesian>
	</word>	<word>
		<sanskrit>kecit</sanskrit>
		<indonesian>—beberapa; </indonesian>
	</word>	<word>
		<sanskrit>ātmanām</sanskrit>
		<indonesian>—Roh Yang Utama; </indonesian>
	</word>	<word>
		<sanskrit>ātmanā—</sanskrit>
		<indonesian>oleh
pikiran; </indonesian>
	</word>	<word>
		<sanskrit>anye—</sanskrit>
		<indonesian>lain-lain; </indonesian>
	</word>	<word>
		<sanskrit>sańkhye na—</sanskrit>
		<indonesian>dari diskusi filsafat; </indonesian>
	</word>	<word>
		<sanskrit>yogena—</sanskrit>
		<indonesian>oleh
sistem yoga; </indonesian>
	</word>	<word>
		<sanskrit>karma-yogena—</sanskrit>
		<indonesian>kegiatan tanpa keinginan untuk membuahkan
hasil atau pahala; </indonesian>
	</word>	<word>
		<sanskrit>ca—</sanskrit>
		<indonesian>juga; </indonesian>
	</word>	<word>
		<sanskrit>apare—</sanskrit>
		<indonesian>lain-lain.</indonesian>
	</word>	<word>
		<sanskrit>anye—</sanskrit>
		<indonesian>orang lain; </indonesian>
	</word>	<word>
		<sanskrit>tu—</sanskrit>
		<indonesian>tetapi; </indonesian>
	</word>	<word>
		<sanskrit>evam—</sanskrit>
		<indonesian>demikian; </indonesian>
	</word>	<word>
		<sanskrit>ajānantaḥ</sanskrit>
		<indonesian>—tanpa
pengetahuan rohani; </indonesian>
	</word>	<word>
		<sanskrit>śrutvā</sanskrit>
		<indonesian>—dengan mendengar; </indonesian>
	</word>	<word>
		<sanskrit>anyebhyaḥ—</sanskrit>
		<indonesian>dari
orang lain; </indonesian>
	</word>	<word>
		<sanskrit>upāsate—</sanskrit>
		<indonesian>mulai menyembah; </indonesian>
	</word>	<word>
		<sanskrit>te—</sanskrit>
		<indonesian>mereka; </indonesian>
	</word>	<word>
		<sanskrit>api—</sanskrit>
		<indonesian>juga; </indonesian>
	</word>	<word>
		<sanskrit>ca—</sanskrit>
		<indonesian>dan;
atitaranti—melampaui; </indonesian>
	</word>	<word>
		<sanskrit>evā—</sanskrit>
		<indonesian>pasti; </indonesian>
	</word>	<word>
		<sanskrit>mṛtyum</sanskrit>
		<indonesian>—jalan kematian; sruti</indonesian>
	</word>	<word>
		<sanskrit>parāyaṇāḥ
—</sanskrit>
		<indonesian>cenderung mengikuti proses mendengar.</indonesian>
	</word>	<word>
		<sanskrit>yāvat</sanskrit>
		<indonesian>—apa pun; </indonesian>
	</word>	<word>
		<sanskrit>sañjāyate</sanskrit>
		<indonesian>—terwujud; </indonesian>
	</word>	<word>
		<sanskrit>kiñcit—</sanskrit>
		<indonesian>apa pun; </indonesian>
	</word>	<word>
		<sanskrit>sattvām</sanskrit>
		<indonesian>—keberadaan;
</indonesian>
	</word>	<word>
		<sanskrit>sthāvara—</sanskrit>
		<indonesian>tidak bergerak; </indonesian>
	</word>	<word>
		<sanskrit>jańgamam—</sanskrit>
		<indonesian>bergerak; </indonesian>
	</word>	<word>
		<sanskrit>kṣetra</sanskrit>
		<indonesian>—dari
badan; </indonesian>
	</word>	<word>
		<sanskrit>kṣetra-jña—</sanskrit>
		<indonesian>dan yang mengetahui badan; </indonesian>
	</word>	<word>
		<sanskrit>saḿyogāt</sanskrit>
		<indonesian>—oleh
gabungan antara; </indonesian>
	</word>	<word>
		<sanskrit>tat</sanskrit>
		<indonesian> </indonesian>
	</word>	<word>
		<sanskrit>viddhi—</sanskrit>
		<indonesian>engkau harus mengetahuinya; </indonesian>
	</word>	<word>
		<sanskrit>bhārata-ṛṣabha</sanskrit>
		<indonesian>—wahai
yang paling utama di antara para </indonesian>
	</word>	<word>
		<sanskrit>Bhārata.</sanskrit>
		<indonesian/>
	</word>	<word>
		<sanskrit>samām—</sanskrit>
		<indonesian>secara sama; </indonesian>
	</word>	<word>
		<sanskrit>sarveṣu</sanskrit>
		<indonesian>—didalam semua; </indonesian>
	</word>	<word>
		<sanskrit>bhūteṣu</sanskrit>
		<indonesian>—para
makhluk hidup; </indonesian>
	</word>	<word>
		<sanskrit>tiṣṭhan-tam—</sanskrit>
		<indonesian>tinggal; </indonesian>
	</word>	<word>
		<sanskrit>parama -īśvaram</sanskrit>
		<indonesian>—Roh Yang
Utama; </indonesian>
	</word>	<word>
		<sanskrit>vinaśyatsu</sanskrit>
		<indonesian>—dalam yang dapat dimusnahkan; </indonesian>
	</word>	<word>
		<sanskrit>avinaśyantam—</sanskrit>
		<indonesian>tidak
dibinasakan; </indonesian>
	</word>	<word>
		<sanskrit>yah—</sanskrit>
		<indonesian>siapa pun yang; </indonesian>
	</word>	<word>
		<sanskrit>paśyāti—</sanskrit>
		<indonesian>melihat; </indonesian>
	</word>	<word>
		<sanskrit>saḥ—</sanskrit>
		<indonesian>dia;
</indonesian>
	</word>	<word>
		<sanskrit>paśyāti—</sanskrit>
		<indonesian>melihat dengan sebenarnya.</indonesian>
	</word>	<word>
		<sanskrit>samām—</sanskrit>
		<indonesian>secara merata; </indonesian>
	</word>	<word>
		<sanskrit>paśyan—</sanskrit>
		<indonesian>melihat; </indonesian>
	</word>	<word>
		<sanskrit>hi—</sanskrit>
		<indonesian>pasti; </indonesian>
	</word>	<word>
		<sanskrit>sarvatra—</sanskrit>
		<indonesian>di
mana-mana; </indonesian>
	</word>	<word>
		<sanskrit>samavasthitam—</sanskrit>
		<indonesian>terletak secara sama; </indonesian>
	</word>	<word>
		<sanskrit>īśvaram</sanskrit>
		<indonesian>—Roh Yang
Utama; </indonesian>
	</word>	<word>
		<sanskrit>na—</sanskrit>
		<indonesian>tidak; </indonesian>
	</word>	<word>
		<sanskrit>hinasti—</sanskrit>
		<indonesian>merosot; </indonesian>
	</word>	<word>
		<sanskrit>ātmanā—</sanskrit>
		<indonesian>oleh pikiran; </indonesian>
	</word>	<word>
		<sanskrit>ātmanām</sanskrit>
		<indonesian>—sang
roh; </indonesian>
	</word>	<word>
		<sanskrit>tataḥ—</sanskrit>
		<indonesian>kemudian; </indonesian>
	</word>	<word>
		<sanskrit>yāti—</sanskrit>
		<indonesian>mencapai; </indonesian>
	</word>	<word>
		<sanskrit>param—</sanskrit>
		<indonesian>yang rohani; </indonesian>
	</word>	<word>
		<sanskrit>gatim</sanskrit>
		<indonesian>—tujuan.</indonesian>
	</word>	<word>
		<sanskrit>prakṛtyā</sanskrit>
		<indonesian>—oleh alam material; </indonesian>
	</word>	<word>
		<sanskrit>evā—</sanskrit>
		<indonesian>pasti; </indonesian>
	</word>	<word>
		<sanskrit>ca—</sanskrit>
		<indonesian>juga; </indonesian>
	</word>	<word>
		<sanskrit>karmaṇi</sanskrit>
		<indonesian>—kegiatan;
</indonesian>
	</word>	<word>
		<sanskrit>kriyamāṇāni</sanskrit>
		<indonesian>—dengan dilaksanakan; </indonesian>
	</word>	<word>
		<sanskrit>sarvāsaḥ</sanskrit>
		<indonesian>—dalam segala hal; </indonesian>
	</word>	<word>
		<sanskrit>yaḥ—</sanskrit>
		<indonesian>siapa
pun yang; </indonesian>
	</word>	<word>
		<sanskrit>paśyāti—</sanskrit>
		<indonesian>melihat; </indonesian>
	</word>	<word>
		<sanskrit>tathā—</sanskrit>
		<indonesian>juga; </indonesian>
	</word>	<word>
		<sanskrit>ātmanām</sanskrit>
		<indonesian>—Diri-Nya; </indonesian>
	</word>	<word>
		<sanskrit>akartāram</sanskrit>
		<indonesian>—yang
tidak melakukan; </indonesian>
	</word>	<word>
		<sanskrit>saḥ—</sanskrit>
		<indonesian>dia; </indonesian>
	</word>	<word>
		<sanskrit>paśyāti—</sanskrit>
		<indonesian>melihat secara sempurna.</indonesian>
	</word>	<word>
		<sanskrit>yadā—</sanskrit>
		<indonesian>apabila; </indonesian>
	</word>	<word>
		<sanskrit>bhūta—</sanskrit>
		<indonesian>mengenai para makhluk hidup; </indonesian>
	</word>	<word>
		<sanskrit>pṛthakbhāvam—</sanskrit>
		<indonesian>identitas-identitas
yang dipisahkan; </indonesian>
	</word>	<word>
		<sanskrit>eka-stham</sanskrit>
		<indonesian>—mantap dalam satu; </indonesian>
	</word>	<word>
		<sanskrit>anupaśyati</sanskrit>
		<indonesian>—seseorang
berusaha melihat melalui penguasa; tatah </indonesian>
	</word>	<word>
		<sanskrit>evā—</sanskrit>
		<indonesian>sesudah itu; </indonesian>
	</word>	<word>
		<sanskrit>ca—</sanskrit>
		<indonesian>juga;
</indonesian>
	</word>	<word>
		<sanskrit>vistāram</sanskrit>
		<indonesian>—penjelmaan; </indonesian>
	</word>	<word>
		<sanskrit>brahma—</sanskrit>
		<indonesian>Yang Mutlak; </indonesian>
	</word>	<word>
		<sanskrit>sampadyate</sanskrit>
		<indonesian>—dia
mencapai; </indonesian>
	</word>	<word>
		<sanskrit>tadā</sanskrit>
		<indonesian>—pada waktu itu.</indonesian>
	</word>	<word>
		<sanskrit>anāditvāt—</sanskrit>
		<indonesian>karena kekekalan; </indonesian>
	</word>	<word>
		<sanskrit>nirguṇatvāt—</sanskrit>
		<indonesian>karena bersifat
rohani; </indonesian>
	</word>	<word>
		<sanskrit>parama—</sanskrit>
		<indonesian>di luar alam material; </indonesian>
	</word>	<word>
		<sanskrit>ātmā—</sanskrit>
		<indonesian>sang roh; </indonesian>
	</word>	<word>
		<sanskrit>ayam—</sanskrit>
		<indonesian>ini;
</indonesian>
	</word>	<word>
		<sanskrit>avyayāh</sanskrit>
		<indonesian>—tidak dapat dimusnahkan; </indonesian>
	</word>	<word>
		<sanskrit>śarīra-sthah</sanskrit>
		<indonesian>—tinggal di dalam
badan; </indonesian>
	</word>	<word>
		<sanskrit>api—</sanskrit>
		<indonesian>walaupun; </indonesian>
	</word>	<word>
		<sanskrit>kaunteyā—</sanskrit>
		<indonesian>wahai putera </indonesian>
	</word>	<word>
		<sanskrit>Kuntī</sanskrit>
		<indonesian> ; </indonesian>
	</word>	<word>
		<sanskrit>na</sanskrit>
		<indonesian>
</indonesian>
	</word>	<word>
		<sanskrit>karoti—</sanskrit>
		<indonesian>tidak pernah berbuat apa-apa; </indonesian>
	</word>	<word>
		<sanskrit>na</sanskrit>
		<indonesian> </indonesian>
	</word>	<word>
		<sanskrit>lipyate—</sanskrit>
		<indonesian>dia juga
tidak terikat.</indonesian>
	</word>	<word>
		<sanskrit>yathā—</sanskrit>
		<indonesian>sebagai; </indonesian>
	</word>	<word>
		<sanskrit>sarva-gatam—</sanskrit>
		<indonesian>berada di mana-mana; </indonesian>
	</word>	<word>
		<sanskrit>saukṣmyāt—</sanskrit>
		<indonesian>karena
bersifat halus; </indonesian>
	</word>	<word>
		<sanskrit>ākāśam</sanskrit>
		<indonesian>—angkasa; </indonesian>
	</word>	<word>
		<sanskrit>na—</sanskrit>
		<indonesian>tidak pernah; </indonesian>
	</word>	<word>
		<sanskrit>upalipyate</sanskrit>
		<indonesian>—campur;
</indonesian>
	</word>	<word>
		<sanskrit>sarvatra—</sanskrit>
		<indonesian>di mana-mana; </indonesian>
	</word>	<word>
		<sanskrit>avasthitāḥ</sanskrit>
		<indonesian>—mantap; </indonesian>
	</word>	<word>
		<sanskrit>dehe—</sanskrit>
		<indonesian>dalam
badan; </indonesian>
	</word>	<word>
		<sanskrit>tathā—</sanskrit>
		<indonesian>begitu pula; </indonesian>
	</word>	<word>
		<sanskrit>ātmā—</sanskrit>
		<indonesian>sang diri; </indonesian>
	</word>	<word>
		<sanskrit>na—</sanskrit>
		<indonesian>tidak pernah;
</indonesian>
	</word>	<word>
		<sanskrit>upalipyate</sanskrit>
		<indonesian>—tercampur.</indonesian>
	</word>	<word>
		<sanskrit>yathā—</sanskrit>
		<indonesian>sebagai; </indonesian>
	</word>	<word>
		<sanskrit>prakāśayāti—</sanskrit>
		<indonesian>menerangi; </indonesian>
	</word>	<word>
		<sanskrit>ekaḥ—</sanskrit>
		<indonesian>satu; </indonesian>
	</word>	<word>
		<sanskrit>kṛtsnam</sanskrit>
		<indonesian>—keseluruhan;
</indonesian>
	</word>	<word>
		<sanskrit>lokam</sanskrit>
		<indonesian>—alam semesta; </indonesian>
	</word>	<word>
		<sanskrit>imām—</sanskrit>
		<indonesian>ini; </indonesian>
	</word>	<word>
		<sanskrit>raviḥ—</sanskrit>
		<indonesian>matahari; </indonesian>
	</word>	<word>
		<sanskrit>kṣetram</sanskrit>
		<indonesian>—badan
ini; </indonesian>
	</word>	<word>
		<sanskrit>kṣetrī</sanskrit>
		<indonesian>—sang roh; </indonesian>
	</word>	<word>
		<sanskrit>tathā—</sanskrit>
		<indonesian>seperti itu pula; </indonesian>
	</word>	<word>
		<sanskrit>kṛtsnam</sanskrit>
		<indonesian>—semua;
</indonesian>
	</word>	<word>
		<sanskrit>prakāśayāti—</sanskrit>
		<indonesian>menerangi; </indonesian>
	</word>	<word>
		<sanskrit>bhārata</sanskrit>
		<indonesian>—wahai putera </indonesian>
	</word>	<word>
		<sanskrit>Bhārata.</sanskrit>
		<indonesian/>
	</word>	<word>
		<sanskrit>kṣetra</sanskrit>
		<indonesian>—mengenai badan; </indonesian>
	</word>	<word>
		<sanskrit>kṣetra-jñayoḥ</sanskrit>
		<indonesian>—mengenai pemilik
badan; </indonesian>
	</word>	<word>
		<sanskrit>evam—</sanskrit>
		<indonesian>demikian adanya; </indonesian>
	</word>	<word>
		<sanskrit>antaram</sanskrit>
		<indonesian>—perbedaan; </indonesian>
	</word>	<word>
		<sanskrit>jñāna-cakṣuṣā</sanskrit>
		<indonesian>—oleh
pengelihatan pengetahuan; </indonesian>
	</word>	<word>
		<sanskrit>bhūta—</sanskrit>
		<indonesian>dari mahkluk hidup; </indonesian>
	</word>	<word>
		<sanskrit>prakṛti</sanskrit>
		<indonesian>—dari
alam material; </indonesian>
	</word>	<word>
		<sanskrit>mokṣam</sanskrit>
		<indonesian>—pembebasan; </indonesian>
	</word>	<word>
		<sanskrit>ca—</sanskrit>
		<indonesian>juga; </indonesian>
	</word>	<word>
		<sanskrit>ye—</sanskrit>
		<indonesian>orang yang;
</indonesian>
	</word>	<word>
		<sanskrit>viduḥ—</sanskrit>
		<indonesian>mengetahui; </indonesian>
	</word>	<word>
		<sanskrit>yānti—</sanskrit>
		<indonesian>mendekat; </indonesian>
	</word>	<word>
		<sanskrit>te—</sanskrit>
		<indonesian>mereka; </indonesian>
	</word>	<word>
		<sanskrit>param—</sanskrit>
		<indonesian>Yang
Mahakuasa.</indonesian>
	</word></root>