<?xml version="1.0" encoding="UTF-8"?>
<root>	<word>
		<sanskrit>Śrī-bhagavān
uvāca—</sanskrit>
		<indonesian/>
	</word>	<word>
		<sanskrit>idam—</sanskrit>
		<indonesian>ini; </indonesian>
	</word>	<word>
		<sanskrit>tu—</sanskrit>
		<indonesian>tetapi; </indonesian>
	</word>	<word>
		<sanskrit>te—</sanskrit>
		<indonesian>kepadamu; </indonesian>
	</word>	<word>
		<sanskrit>guhya-tamam—</sanskrit>
		<indonesian>paling
rahasia; </indonesian>
	</word>	<word>
		<sanskrit>pravakṣyāmi</sanskrit>
		<indonesian>—Aku bersabda; </indonesian>
	</word>	<word>
		<sanskrit>anasūyave</sanskrit>
		<indonesian>—kepada orang yang
tidak iri; </indonesian>
	</word>	<word>
		<sanskrit>jñānam</sanskrit>
		<indonesian>—pengetahuan; </indonesian>
	</word>	<word>
		<sanskrit>vijñāna</sanskrit>
		<indonesian>—pengetahuan yang diinsafi;
</indonesian>
	</word>	<word>
		<sanskrit>sahitam—</sanskrit>
		<indonesian>dengan; </indonesian>
	</word>	<word>
		<sanskrit>yat—</sanskrit>
		<indonesian>yang; </indonesian>
	</word>	<word>
		<sanskrit>jñātvā</sanskrit>
		<indonesian>—mengenal; </indonesian>
	</word>	<word>
		<sanskrit>mokṣyase</sanskrit>
		<indonesian>—engkau
akan dibebaskan; </indonesian>
	</word>	<word>
		<sanskrit>aśubhāt</sanskrit>
		<indonesian>—dari kehidupan material yang sengsara ini.</indonesian>
	</word>	<word>
		<sanskrit>rāja-vidyā</sanskrit>
		<indonesian>—raja  pendidikan; </indonesian>
	</word>	<word>
		<sanskrit>rāja-guhyam</sanskrit>
		<indonesian>—rājā
 pengetahuan rahasia; </indonesian>
	</word>	<word>
		<sanskrit>pavitram</sanskrit>
		<indonesian>—yang paling murni; </indonesian>
	</word>	<word>
		<sanskrit>idam—</sanskrit>
		<indonesian>ini; </indonesian>
	</word>	<word>
		<sanskrit>uttamām—</sanskrit>
		<indonesian>rohani;
</indonesian>
	</word>	<word>
		<sanskrit>pratyakṣa</sanskrit>
		<indonesian>—oleh pengalaman langsung; </indonesian>
	</word>	<word>
		<sanskrit>avagamam—</sanskrit>
		<indonesian>dimengerti; </indonesian>
	</word>	<word>
		<sanskrit>dharmyam</sanskrit>
		<indonesian>—prinsip
dharma; </indonesian>
	</word>	<word>
		<sanskrit>su-sukham—</sanskrit>
		<indonesian>bahagia sekali; </indonesian>
	</word>	<word>
		<sanskrit>kartum—</sanskrit>
		<indonesian>melaksanakan; </indonesian>
	</word>	<word>
		<sanskrit>avyayām—</sanskrit>
		<indonesian>berada
untuk selamanya.</indonesian>
	</word>	<word>
		<sanskrit>aśraddadhānaḥ—</sanskrit>
		<indonesian>orang yang tidak yakin dan
tidak setia; </indonesian>
	</word>	<word>
		<sanskrit>puruṣaḥ</sanskrit>
		<indonesian>—orang seperti itu; </indonesian>
	</word>	<word>
		<sanskrit>dharmasya</sanskrit>
		<indonesian>—menuju proses
dharma; </indonesian>
	</word>	<word>
		<sanskrit>asya—</sanskrit>
		<indonesian>ini; </indonesian>
	</word>	<word>
		<sanskrit>parantapa</sanskrit>
		<indonesian>—wahai pembunuh musuh; </indonesian>
	</word>	<word>
		<sanskrit>aprāpya</sanskrit>
		<indonesian>—tanpa
memperoleh; </indonesian>
	</word>	<word>
		<sanskrit>mām—</sanskrit>
		<indonesian>Aku; </indonesian>
	</word>	<word>
		<sanskrit>nivartante—</sanskrit>
		<indonesian>kembali lagi; </indonesian>
	</word>	<word>
		<sanskrit>mṛtyu</sanskrit>
		<indonesian>—mengenai
kematian; </indonesian>
	</word>	<word>
		<sanskrit>saḿsāra</sanskrit>
		<indonesian>—dalam kehidupan material; </indonesian>
	</word>	<word>
		<sanskrit>vartmani</sanskrit>
		<indonesian>—di jalan.</indonesian>
	</word>	<word>
		<sanskrit>mayā</sanskrit>
		<indonesian>—oleh-Ku; </indonesian>
	</word>	<word>
		<sanskrit>tatam—</sanskrit>
		<indonesian>berada di
mana-mana; </indonesian>
	</word>	<word>
		<sanskrit>idam—</sanskrit>
		<indonesian>ini; </indonesian>
	</word>	<word>
		<sanskrit>sarvam</sanskrit>
		<indonesian>—seluruh; </indonesian>
	</word>	<word>
		<sanskrit>jagat</sanskrit>
		<indonesian>—manifestasi
alam semesta; </indonesian>
	</word>	<word>
		<sanskrit>avyakta-mūrtinā—</sanskrit>
		<indonesian>oleh bentuk yang tidak terwujud; </indonesian>
	</word>	<word>
		<sanskrit>mat-sthāni</sanskrit>
		<indonesian>—di
dalam diri-Ku; </indonesian>
	</word>	<word>
		<sanskrit>sarva-bhūtāni</sanskrit>
		<indonesian>—semua makhluk hidup; </indonesian>
	</word>	<word>
		<sanskrit>na—</sanskrit>
		<indonesian>tidak; </indonesian>
	</word>	<word>
		<sanskrit>ca—</sanskrit>
		<indonesian>juga;
</indonesian>
	</word>	<word>
		<sanskrit>aham—</sanskrit>
		<indonesian>Aku; </indonesian>
	</word>	<word>
		<sanskrit>teṣu—</sanskrit>
		<indonesian>dalam mereka; </indonesian>
	</word>	<word>
		<sanskrit>avasthitāḥ</sanskrit>
		<indonesian>—berada.</indonesian>
	</word>	<word>
		<sanskrit>na—</sanskrit>
		<indonesian>tidak pernah; </indonesian>
	</word>	<word>
		<sanskrit>ca—</sanskrit>
		<indonesian>juga; </indonesian>
	</word>	<word>
		<sanskrit>mat-sthāni</sanskrit>
		<indonesian>—berada
di dalam Diri-Ku; </indonesian>
	</word>	<word>
		<sanskrit>bhūtāni</sanskrit>
		<indonesian>—segala ciptaan; </indonesian>
	</word>	<word>
		<sanskrit>paśya</sanskrit>
		<indonesian>—lihatlah; </indonesian>
	</word>	<word>
		<sanskrit>me—</sanskrit>
		<indonesian>milik-Ku;
</indonesian>
	</word>	<word>
		<sanskrit>yogam aiśvaram</sanskrit>
		<indonesian>—kekuatan batin yang tidak dapat dipahami; </indonesian>
	</word>	<word>
		<sanskrit>bhūta-bhṛt</sanskrit>
		<indonesian>—pemelihara
semua makhluk hidup; </indonesian>
	</word>	<word>
		<sanskrit>na—</sanskrit>
		<indonesian>tidak pernah; </indonesian>
	</word>	<word>
		<sanskrit>ca—</sanskrit>
		<indonesian>juga; </indonesian>
	</word>	<word>
		<sanskrit>bhūta-sthaḥ</sanskrit>
		<indonesian>—dalam
manifestasi alam semesta; </indonesian>
	</word>	<word>
		<sanskrit>mama—</sanskrit>
		<indonesian>milik-Ku; </indonesian>
	</word>	<word>
		<sanskrit>ātmā—</sanskrit>
		<indonesian>Diri; </indonesian>
	</word>	<word>
		<sanskrit>bhūta-bhāvanaḥ—</sanskrit>
		<indonesian>asal
mula segala manifestasi</indonesian>
	</word>	<word>
		<sanskrit>yathā—</sanskrit>
		<indonesian>bagaikan; </indonesian>
	</word>	<word>
		<sanskrit>ākāśa-sthitaḥ</sanskrit>
		<indonesian>—terletak
di angkasa; </indonesian>
	</word>	<word>
		<sanskrit>nityam</sanskrit>
		<indonesian>—selalu; </indonesian>
	</word>	<word>
		<sanskrit>vāyuḥ</sanskrit>
		<indonesian>—angin; </indonesian>
	</word>	<word>
		<sanskrit>sarvatra-gaḥ</sanskrit>
		<indonesian>—bertiup
di mana-mana; </indonesian>
	</word>	<word>
		<sanskrit>mahān—</sanskrit>
		<indonesian>besar; </indonesian>
	</word>	<word>
		<sanskrit>tathā—</sanskrit>
		<indonesian>seperti itu pula; </indonesian>
	</word>	<word>
		<sanskrit>sarvāni</sanskrit>
		<indonesian>
</indonesian>
	</word>	<word>
		<sanskrit>bhūtāni</sanskrit>
		<indonesian>—semua makhluk hidup yang diciptakan; </indonesian>
	</word>	<word>
		<sanskrit>mat-sthāni</sanskrit>
		<indonesian>—berada di
dalam Diri-Ku; </indonesian>
	</word>	<word>
		<sanskrit>iti—</sanskrit>
		<indonesian>demikian; </indonesian>
	</word>	<word>
		<sanskrit>upadhāraya</sanskrit>
		<indonesian>—cobalah mengerti.</indonesian>
	</word>	<word>
		<sanskrit>sarva-bhūtāni</sanskrit>
		<indonesian>—semua makhluk yang
diciptakan; </indonesian>
	</word>	<word>
		<sanskrit>kaunteya</sanskrit>
		<indonesian>—wahai putera </indonesian>
	</word>	<word>
		<sanskrit>Kuntī</sanskrit>
		<indonesian> ; </indonesian>
	</word>	<word>
		<sanskrit>prakṛtim</sanskrit>
		<indonesian>—tenaga;
</indonesian>
	</word>	<word>
		<sanskrit>yānti—</sanskrit>
		<indonesian>masuk; </indonesian>
	</word>	<word>
		<sanskrit>māmikām</sanskrit>
		<indonesian>—milik-Ku; </indonesian>
	</word>	<word>
		<sanskrit>kalpa-kṣaye—</sanskrit>
		<indonesian>pada akhir
jaman; </indonesian>
	</word>	<word>
		<sanskrit>punaḥ—</sanskrit>
		<indonesian>lagi; </indonesian>
	</word>	<word>
		<sanskrit>tāni—</sanskrit>
		<indonesian>semua itu; </indonesian>
	</word>	<word>
		<sanskrit>kalpa-ādau—</sanskrit>
		<indonesian>pada awal
jaman; </indonesian>
	</word>	<word>
		<sanskrit>visṛjāmi</sanskrit>
		<indonesian>—menciptakan; </indonesian>
	</word>	<word>
		<sanskrit>aham—</sanskrit>
		<indonesian>Aku.</indonesian>
	</word>	<word>
		<sanskrit>prakṛtim</sanskrit>
		<indonesian>—alam material; </indonesian>
	</word>	<word>
		<sanskrit>svām—</sanskrit>
		<indonesian>dari
Diri Pribadi-Ku; </indonesian>
	</word>	<word>
		<sanskrit>avaṣṭabhya</sanskrit>
		<indonesian>—masuk ke dalam; </indonesian>
	</word>	<word>
		<sanskrit>visṛjāmi</sanskrit>
		<indonesian>—Aku
menciptakan; </indonesian>
	</word>	<word>
		<sanskrit>punaḥ punaḥ—</sanskrit>
		<indonesian>berulang kali; </indonesian>
	</word>	<word>
		<sanskrit>bhūta-grāmam—</sanskrit>
		<indonesian>semua
manifestasi alam semesta; </indonesian>
	</word>	<word>
		<sanskrit>imām—</sanskrit>
		<indonesian>yang ini; </indonesian>
	</word>	<word>
		<sanskrit>kṛtsnam</sanskrit>
		<indonesian>—secara
keseluruhan; </indonesian>
	</word>	<word>
		<sanskrit>avaśam</sanskrit>
		<indonesian>—dengan sendirinya; </indonesian>
	</word>	<word>
		<sanskrit>prakṛteḥ</sanskrit>
		<indonesian>—dari kekuatan
alam; </indonesian>
	</word>	<word>
		<sanskrit>vaśāt—</sanskrit>
		<indonesian>di bawah kewajiban.</indonesian>
	</word>	<word>
		<sanskrit>na—</sanskrit>
		<indonesian>tidak pernah; </indonesian>
	</word>	<word>
		<sanskrit>ca—</sanskrit>
		<indonesian>juga; </indonesian>
	</word>	<word>
		<sanskrit>mām—</sanskrit>
		<indonesian>Aku;
</indonesian>
	</word>	<word>
		<sanskrit>tāni—</sanskrit>
		<indonesian>semua itu; </indonesian>
	</word>	<word>
		<sanskrit>karmaṇi</sanskrit>
		<indonesian>—kegiatan; </indonesian>
	</word>	<word>
		<sanskrit>nibadhnanti</sanskrit>
		<indonesian>—mengikat; </indonesian>
	</word>	<word>
		<sanskrit>dhanañjaya</sanskrit>
		<indonesian>—wahai
perebut kekayaan; </indonesian>
	</word>	<word>
		<sanskrit>udāsīna-vat</sanskrit>
		<indonesian>—seolah-olah netral; </indonesian>
	</word>	<word>
		<sanskrit>āsīnam—</sanskrit>
		<indonesian>terletak;
</indonesian>
	</word>	<word>
		<sanskrit>asaktam—</sanskrit>
		<indonesian>tanpa tertarik; </indonesian>
	</word>	<word>
		<sanskrit>teṣu—</sanskrit>
		<indonesian>untuk yang itu; </indonesian>
	</word>	<word>
		<sanskrit>karmasu</sanskrit>
		<indonesian>—kegiatan.</indonesian>
	</word>	<word>
		<sanskrit>mayā</sanskrit>
		<indonesian>—oleh-Ku; </indonesian>
	</word>	<word>
		<sanskrit>adhyakṣeṇa—</sanskrit>
		<indonesian>oleh
pengawasan; </indonesian>
	</word>	<word>
		<sanskrit>prakṛtiḥ</sanskrit>
		<indonesian>—alam material; </indonesian>
	</word>	<word>
		<sanskrit>sūyate</sanskrit>
		<indonesian>—mewujudkan; </indonesian>
	</word>	<word>
		<sanskrit>sa—</sanskrit>
		<indonesian>kedua-duanya;
</indonesian>
	</word>	<word>
		<sanskrit>cara-acaram</sanskrit>
		<indonesian>—yang bergerak dan yang tidak bergerak; </indonesian>
	</word>	<word>
		<sanskrit>hetunā—</sanskrit>
		<indonesian>karena
alasan; </indonesian>
	</word>	<word>
		<sanskrit>anena—</sanskrit>
		<indonesian>ini; </indonesian>
	</word>	<word>
		<sanskrit>kaunteya</sanskrit>
		<indonesian>—wahai putera </indonesian>
	</word>	<word>
		<sanskrit>Kuntī</sanskrit>
		<indonesian> ; </indonesian>
	</word>	<word>
		<sanskrit>jagat</sanskrit>
		<indonesian>—manifestasi
alam semesta; </indonesian>
	</word>	<word>
		<sanskrit>viparivartate</sanskrit>
		<indonesian>—bekerja.</indonesian>
	</word>	<word>
		<sanskrit>avajānanti</sanskrit>
		<indonesian>—mengejek; </indonesian>
	</word>	<word>
		<sanskrit>mām—</sanskrit>
		<indonesian>Aku; </indonesian>
	</word>	<word>
		<sanskrit>mūḍhāḥ—</sanskrit>
		<indonesian>orang
bodoh; </indonesian>
	</word>	<word>
		<sanskrit>mānuṣīm</sanskrit>
		<indonesian>—dalam bentuk manusia; </indonesian>
	</word>	<word>
		<sanskrit>tanum</sanskrit>
		<indonesian>—sebuah badan; </indonesian>
	</word>	<word>
		<sanskrit>āśritam—</sanskrit>
		<indonesian>menerima;
</indonesian>
	</word>	<word>
		<sanskrit>param—</sanskrit>
		<indonesian>rohani; </indonesian>
	</word>	<word>
		<sanskrit>bhāvam—</sanskrit>
		<indonesian>sifat; </indonesian>
	</word>	<word>
		<sanskrit>ajānantaḥ</sanskrit>
		<indonesian>—tidak mengetahui; </indonesian>
	</word>	<word>
		<sanskrit>mama—</sanskrit>
		<indonesian>milik-Ku;
</indonesian>
	</word>	<word>
		<sanskrit>bhūta—</sanskrit>
		<indonesian>segala sesuatu yang ada; </indonesian>
	</word>	<word>
		<sanskrit>mahā-īśvaram</sanskrit>
		<indonesian>—Pemilik Yang Paling
Utama.</indonesian>
	</word>	<word>
		<sanskrit>mogha-āśāḥ</sanskrit>
		<indonesian>—dibingungkan dalam harapannya;
</indonesian>
	</word>	<word>
		<sanskrit>mogha-karmaṇaḥ</sanskrit>
		<indonesian>—dibingungkan dalam kegiatan yang dimaksudkan untuk
membuahkan hasil; </indonesian>
	</word>	<word>
		<sanskrit>mogha-jñānāḥ</sanskrit>
		<indonesian>—dibingungkan dalam pengetahuan; </indonesian>
	</word>	<word>
		<sanskrit>vicetasāḥ—</sanskrit>
		<indonesian>dibingungkan;
</indonesian>
	</word>	<word>
		<sanskrit>rākṣasīm</sanskrit>
		<indonesian>—jahat; </indonesian>
	</word>	<word>
		<sanskrit>āsurīm</sanskrit>
		<indonesian>—tidak percaya pada Tuhan; </indonesian>
	</word>	<word>
		<sanskrit>ca—</sanskrit>
		<indonesian>dan; </indonesian>
	</word>	<word>
		<sanskrit>evā—</sanskrit>
		<indonesian>pasti;
</indonesian>
	</word>	<word>
		<sanskrit>prakṛtim</sanskrit>
		<indonesian>—alam; </indonesian>
	</word>	<word>
		<sanskrit>mohinīm</sanskrit>
		<indonesian>—membingungkan; </indonesian>
	</word>	<word>
		<sanskrit>śritāh—</sanskrit>
		<indonesian>berlindung
kepada.</indonesian>
	</word>	<word>
		<sanskrit>Bhagavad-gita</sanskrit>
		<indonesian>,
orang jahat seperti itu tidak pernah menyerahkan diri kepada Krishna. Karena
itu, angan-angan mereka untuk mencapai Kebenaran Mutlak membawa mereka sampai
pada kesimpulan palsu seolah-olah makhluk biasa dan Krishna adalah satu dan
sama saja. Dengan keyakinan yang palsu seperti itu, mereka menganggap bahwa
badan manusia manapun sekarang hanya ditutupi oleh alam material, dan begitu
seseorang mencapai pembebasan dari badan material ini, tidak ada perbedaan
antara Tuhan Yang Maha Esa dan Diri-Nya sendiri. Usaha untuk meninggal dengan
Krishna akan digagalkan karena khayalan. Mengembangkan pengetahuan rohani
dengan cara yang tidak percaya kepada Tuhan dan bersifat jahat seperti itu
selalu siasia. Itulah yang ditunjukkan dalam ayat ini. Usaha orang seperti itu
untuk mengembangkan pengetahuan tentang kesusasteraan Veda, seperti
Vedanta-sutra dan Upanisad-upanisad, selalu digagalkan.</indonesian>
	</word>	<word>
		<sanskrit>mahā-ātmānaḥ</sanskrit>
		<indonesian>—roh-roh yang mulia; </indonesian>
	</word>	<word>
		<sanskrit>tu—</sanskrit>
		<indonesian>tetapi;
</indonesian>
	</word>	<word>
		<sanskrit>mām—</sanskrit>
		<indonesian>kepada-Ku; </indonesian>
	</word>	<word>
		<sanskrit>pārtha</sanskrit>
		<indonesian>—wahai putera </indonesian>
	</word>	<word>
		<sanskrit>Pṛthā</sanskrit>
		<indonesian>; </indonesian>
	</word>	<word>
		<sanskrit>daivīm</sanskrit>
		<indonesian>—rohani;
</indonesian>
	</word>	<word>
		<sanskrit>prakṛtim</sanskrit>
		<indonesian>—alam; </indonesian>
	</word>	<word>
		<sanskrit>aśritāh—</sanskrit>
		<indonesian>sesudah berlindung kepada; </indonesian>
	</word>	<word>
		<sanskrit>bhajanti</sanskrit>
		<indonesian>—mengabdikan
diri; </indonesian>
	</word>	<word>
		<sanskrit>ananya-manasāḥ</sanskrit>
		<indonesian>—tanpa pikiran menyimpang; </indonesian>
	</word>	<word>
		<sanskrit>jñātvā</sanskrit>
		<indonesian>—mengenal; </indonesian>
	</word>	<word>
		<sanskrit>bhūta—</sanskrit>
		<indonesian>ciptaan;
</indonesian>
	</word>	<word>
		<sanskrit>ādim—</sanskrit>
		<indonesian>asal mula; </indonesian>
	</word>	<word>
		<sanskrit>avyayām—</sanskrit>
		<indonesian>tidak dapat dimusnahkan.</indonesian>
	</word>	<word>
		<sanskrit>satatam—</sanskrit>
		<indonesian>selalu; </indonesian>
	</word>	<word>
		<sanskrit>kīrtayantaḥ</sanskrit>
		<indonesian>—memuji;
</indonesian>
	</word>	<word>
		<sanskrit>mām—</sanskrit>
		<indonesian>tentang-Ku; </indonesian>
	</word>	<word>
		<sanskrit>yatantaḥ</sanskrit>
		<indonesian>—berusaha sepenuhnya; </indonesian>
	</word>	<word>
		<sanskrit>ca—</sanskrit>
		<indonesian>juga; </indonesian>
	</word>	<word>
		<sanskrit>dṛḍha-vratāḥ—</sanskrit>
		<indonesian>dengan
ketabahan hati; </indonesian>
	</word>	<word>
		<sanskrit>namasyantaḥ</sanskrit>
		<indonesian>—bersujud; </indonesian>
	</word>	<word>
		<sanskrit>ca—</sanskrit>
		<indonesian>dan; </indonesian>
	</word>	<word>
		<sanskrit>mām—</sanskrit>
		<indonesian>Aku; </indonesian>
	</word>	<word>
		<sanskrit>bhaktyā</sanskrit>
		<indonesian>—dalam
bhakti; </indonesian>
	</word>	<word>
		<sanskrit>nitya-yuktāḥ—</sanskrit>
		<indonesian>tekun untuk selamanya; </indonesian>
	</word>	<word>
		<sanskrit>upāsate</sanskrit>
		<indonesian>—menyembah.</indonesian>
	</word>	<word>
		<sanskrit>jñāna-yajñena—</sanskrit>
		<indonesian>dengan mengembangkan
pengetahuan; </indonesian>
	</word>	<word>
		<sanskrit>ca—</sanskrit>
		<indonesian>juga; </indonesian>
	</word>	<word>
		<sanskrit>api—</sanskrit>
		<indonesian>pasti; </indonesian>
	</word>	<word>
		<sanskrit>anye—</sanskrit>
		<indonesian>orang lain; </indonesian>
	</word>	<word>
		<sanskrit>yajantaḥ</sanskrit>
		<indonesian>—mengorbankan;
</indonesian>
	</word>	<word>
		<sanskrit>mām—</sanskrit>
		<indonesian>Aku; </indonesian>
	</word>	<word>
		<sanskrit>upāsate</sanskrit>
		<indonesian>—menyembah; </indonesian>
	</word>	<word>
		<sanskrit>ekatvena—</sanskrit>
		<indonesian>dalam persatuan; </indonesian>
	</word>	<word>
		<sanskrit>pṛthaktvena—</sanskrit>
		<indonesian>dalam
sifat yang mendua; </indonesian>
	</word>	<word>
		<sanskrit>bahudhā</sanskrit>
		<indonesian>—dalam keanekaan; </indonesian>
	</word>	<word>
		<sanskrit>viśvataḥ-mukham—</sanskrit>
		<indonesian>dan
dalam bentuk semesta.</indonesian>
	</word>	<word>
		<sanskrit>aham—</sanskrit>
		<indonesian>Aku; </indonesian>
	</word>	<word>
		<sanskrit>kratuḥ—</sanskrit>
		<indonesian>ritual Veda; </indonesian>
	</word>	<word>
		<sanskrit>aham—</sanskrit>
		<indonesian>Aku;
</indonesian>
	</word>	<word>
		<sanskrit>yajñaḥ—</sanskrit>
		<indonesian>korban suci menurut </indonesian>
	</word>	<word>
		<sanskrit>smṛti; </sanskrit>
		<indonesian> </indonesian>
	</word>	<word>
		<sanskrit>svadhā—</sanskrit>
		<indonesian>persembahan;
</indonesian>
	</word>	<word>
		<sanskrit>aham—</sanskrit>
		<indonesian>Aku; </indonesian>
	</word>	<word>
		<sanskrit>aham—</sanskrit>
		<indonesian>Aku; </indonesian>
	</word>	<word>
		<sanskrit>auṣadham</sanskrit>
		<indonesian>—yang menyembuhkan; </indonesian>
	</word>	<word>
		<sanskrit>mantraḥ</sanskrit>
		<indonesian>—mantera
rohani; </indonesian>
	</word>	<word>
		<sanskrit>aham—</sanskrit>
		<indonesian>Aku; </indonesian>
	</word>	<word>
		<sanskrit>aham—</sanskrit>
		<indonesian>Aku; </indonesian>
	</word>	<word>
		<sanskrit>evā—</sanskrit>
		<indonesian>pasti; </indonesian>
	</word>	<word>
		<sanskrit>ājyam—</sanskrit>
		<indonesian>mentega
yang dicairkan; </indonesian>
	</word>	<word>
		<sanskrit>aham—</sanskrit>
		<indonesian>Aku; </indonesian>
	</word>	<word>
		<sanskrit>agniḥ—</sanskrit>
		<indonesian>api; </indonesian>
	</word>	<word>
		<sanskrit>aham—</sanskrit>
		<indonesian>Aku; </indonesian>
	</word>	<word>
		<sanskrit>hutam—</sanskrit>
		<indonesian>persembahan.</indonesian>
	</word>	<word>
		<sanskrit>pitā—</sanskrit>
		<indonesian>ayah; </indonesian>
	</word>	<word>
		<sanskrit>aham—</sanskrit>
		<indonesian>Aku; </indonesian>
	</word>	<word>
		<sanskrit>asya—</sanskrit>
		<indonesian>dari
ini; </indonesian>
	</word>	<word>
		<sanskrit>jagataḥ</sanskrit>
		<indonesian>—alam semesta; </indonesian>
	</word>	<word>
		<sanskrit>matā—</sanskrit>
		<indonesian>ibu; </indonesian>
	</word>	<word>
		<sanskrit>dhātā—</sanskrit>
		<indonesian>penyangga; </indonesian>
	</word>	<word>
		<sanskrit>pitāmahaḥ</sanskrit>
		<indonesian>—kakek;
</indonesian>
	</word>	<word>
		<sanskrit>vedyam</sanskrit>
		<indonesian>—apa yang dapat diketahui; </indonesian>
	</word>	<word>
		<sanskrit>pavitram</sanskrit>
		<indonesian>—itu yang menyucikan; </indonesian>
	</word>	<word>
		<sanskrit>oḿ-kāra</sanskrit>
		<indonesian>—suku
kata om; </indonesian>
	</word>	<word>
		<sanskrit>ṛk—Ṛg Veda</sanskrit>
		<indonesian>; </indonesian>
	</word>	<word>
		<sanskrit>sāma—Sāma Veda</sanskrit>
		<indonesian>; </indonesian>
	</word>	<word>
		<sanskrit>yajuḥ—Yajur Veda</sanskrit>
		<indonesian>; </indonesian>
	</word>	<word>
		<sanskrit>evā—</sanskrit>
		<indonesian>pasti;
</indonesian>
	</word>	<word>
		<sanskrit>ca—</sanskrit>
		<indonesian>dan.</indonesian>
	</word>	<word>
		<sanskrit>gatiḥ</sanskrit>
		<indonesian>—tujuan; </indonesian>
	</word>	<word>
		<sanskrit>bhartā</sanskrit>
		<indonesian>—pemelihara; </indonesian>
	</word>	<word>
		<sanskrit>prabhuḥ</sanskrit>
		<indonesian>—penguasa;
</indonesian>
	</word>	<word>
		<sanskrit>sākṣī—</sanskrit>
		<indonesian>saksi; </indonesian>
	</word>	<word>
		<sanskrit>nivāsaḥ—</sanskrit>
		<indonesian>tempat tinggal; </indonesian>
	</word>	<word>
		<sanskrit>śaraṇam</sanskrit>
		<indonesian>—tempat
perlindungan; </indonesian>
	</word>	<word>
		<sanskrit>su-hṛt</sanskrit>
		<indonesian>—kawan yang paling akrab; </indonesian>
	</word>	<word>
		<sanskrit>prabhāvaḥ—</sanskrit>
		<indonesian>ciptaan;
</indonesian>
	</word>	<word>
		<sanskrit>pralayaḥ—</sanskrit>
		<indonesian>peleburan; </indonesian>
	</word>	<word>
		<sanskrit>sthānam</sanskrit>
		<indonesian>—dasar; </indonesian>
	</word>	<word>
		<sanskrit>nidhanam</sanskrit>
		<indonesian>—tempat
bersandar; </indonesian>
	</word>	<word>
		<sanskrit>bījam—</sanskrit>
		<indonesian>benih; </indonesian>
	</word>	<word>
		<sanskrit>avyayām—</sanskrit>
		<indonesian>tidak dapat dimusnahkan.</indonesian>
	</word>	<word>
		<sanskrit>tapāmi—</sanskrit>
		<indonesian>memberi panas; </indonesian>
	</word>	<word>
		<sanskrit>aham—</sanskrit>
		<indonesian>Aku; </indonesian>
	</word>	<word>
		<sanskrit>aham—</sanskrit>
		<indonesian>Aku;
</indonesian>
	</word>	<word>
		<sanskrit>varṣam—</sanskrit>
		<indonesian>hujan; </indonesian>
	</word>	<word>
		<sanskrit>nigṛhṇāmi</sanskrit>
		<indonesian>—menahan; </indonesian>
	</word>	<word>
		<sanskrit>utsṛjāmi</sanskrit>
		<indonesian>—mengirim; </indonesian>
	</word>	<word>
		<sanskrit>ca—</sanskrit>
		<indonesian>dan;
</indonesian>
	</word>	<word>
		<sanskrit>amṛtam—</sanskrit>
		<indonesian>kekekalan; </indonesian>
	</word>	<word>
		<sanskrit>ca—</sanskrit>
		<indonesian>dan; </indonesian>
	</word>	<word>
		<sanskrit>evā—</sanskrit>
		<indonesian>pasti; </indonesian>
	</word>	<word>
		<sanskrit>mṛtyuḥ</sanskrit>
		<indonesian>—kematian;
</indonesian>
	</word>	<word>
		<sanskrit>ca—</sanskrit>
		<indonesian>dan; </indonesian>
	</word>	<word>
		<sanskrit>sat—</sanskrit>
		<indonesian>roh; </indonesian>
	</word>	<word>
		<sanskrit>asat—</sanskrit>
		<indonesian>alam; </indonesian>
	</word>	<word>
		<sanskrit>ca—</sanskrit>
		<indonesian>dan; </indonesian>
	</word>	<word>
		<sanskrit>aham—</sanskrit>
		<indonesian>Aku;
</indonesian>
	</word>	<word>
		<sanskrit>Arjuna—</sanskrit>
		<indonesian>wahai </indonesian>
	</word>	<word>
		<sanskrit>Arjuna</sanskrit>
		<indonesian>.</indonesian>
	</word>	<word>
		<sanskrit>trai-vidyāḥ—</sanskrit>
		<indonesian>orang yang menguasai tiga
Veda; </indonesian>
	</word>	<word>
		<sanskrit>mām—</sanskrit>
		<indonesian>Aku; </indonesian>
	</word>	<word>
		<sanskrit>soma-pāḥ</sanskrit>
		<indonesian>—peminum air soma; </indonesian>
	</word>	<word>
		<sanskrit>pūta—</sanskrit>
		<indonesian>
disucikan; </indonesian>
	</word>	<word>
		<sanskrit>pāpaḥ—</sanskrit>
		<indonesian>dari dosa; </indonesian>
	</word>	<word>
		<sanskrit>yajñaiḥ</sanskrit>
		<indonesian>—dengan korban suci; </indonesian>
	</word>	<word>
		<sanskrit>iṣṭvā—</sanskrit>
		<indonesian>menyembah;
</indonesian>
	</word>	<word>
		<sanskrit>svaḥ-gatim</sanskrit>
		<indonesian>—perjalanan ke surga; </indonesian>
	</word>	<word>
		<sanskrit>prārthayante—</sanskrit>
		<indonesian>berdoa untuk; </indonesian>
	</word>	<word>
		<sanskrit>te—</sanskrit>
		<indonesian>mereka;
</indonesian>
	</word>	<word>
		<sanskrit>puṇyam</sanskrit>
		<indonesian>—saleh; </indonesian>
	</word>	<word>
		<sanskrit>āsādya—</sanskrit>
		<indonesian>mencapai; </indonesian>
	</word>	<word>
		<sanskrit>sura-indra</sanskrit>
		<indonesian>—milik indra; </indonesian>
	</word>	<word>
		<sanskrit>lokam</sanskrit>
		<indonesian>—dunia;
</indonesian>
	</word>	<word>
		<sanskrit>aśnanti</sanskrit>
		<indonesian>—menikmati; </indonesian>
	</word>	<word>
		<sanskrit>divyān—</sanskrit>
		<indonesian>mengenai surga; </indonesian>
	</word>	<word>
		<sanskrit>divi—</sanskrit>
		<indonesian>di surga; </indonesian>
	</word>	<word>
		<sanskrit>deva-bhogān</sanskrit>
		<indonesian>—kesenangan
para dewa.</indonesian>
	</word>	<word>
		<sanskrit>te—</sanskrit>
		<indonesian>mereka; </indonesian>
	</word>	<word>
		<sanskrit>tam—</sanskrit>
		<indonesian>itu; </indonesian>
	</word>	<word>
		<sanskrit>bhuktvā</sanskrit>
		<indonesian>—menikmati;
</indonesian>
	</word>	<word>
		<sanskrit>svargalokam</sanskrit>
		<indonesian>—surga; </indonesian>
	</word>	<word>
		<sanskrit>viśālam</sanskrit>
		<indonesian>—luas; </indonesian>
	</word>	<word>
		<sanskrit>kṣīṇe</sanskrit>
		<indonesian>—dengan habisnya; </indonesian>
	</word>	<word>
		<sanskrit>puṇye—</sanskrit>
		<indonesian>hasil
kegiatannya yang saleh; </indonesian>
	</word>	<word>
		<sanskrit>martya-lokam</sanskrit>
		<indonesian>—ke bumi, tempat kematian; </indonesian>
	</word>	<word>
		<sanskrit>viśanti</sanskrit>
		<indonesian>—jatuh;
</indonesian>
	</word>	<word>
		<sanskrit>evam—</sanskrit>
		<indonesian>demikian; </indonesian>
	</word>	<word>
		<sanskrit>trayī—</sanskrit>
		<indonesian>dari tiga Veda; </indonesian>
	</word>	<word>
		<sanskrit>dharmam—</sanskrit>
		<indonesian>ajaran; </indonesian>
	</word>	<word>
		<sanskrit>anuprapannāḥ—</sanskrit>
		<indonesian>mengikuti;
</indonesian>
	</word>	<word>
		<sanskrit>gata-āgatam—</sanskrit>
		<indonesian>kematian dan kelahiran; </indonesian>
	</word>	<word>
		<sanskrit>kāma-kāmāḥ</sanskrit>
		<indonesian>—menginginkan
kenikmatan indera-indera; </indonesian>
	</word>	<word>
		<sanskrit>labhante—</sanskrit>
		<indonesian>mencapai.</indonesian>
	</word>	<word>
		<sanskrit>ananyāḥ</sanskrit>
		<indonesian>—tidak mempunyai tujuan lain; </indonesian>
	</word>	<word>
		<sanskrit>cintayantaḥ</sanskrit>
		<indonesian>—memusatkan
pikiran; </indonesian>
	</word>	<word>
		<sanskrit>mām—</sanskrit>
		<indonesian>kepada-Ku; </indonesian>
	</word>	<word>
		<sanskrit>ye—</sanskrit>
		<indonesian>orang yang; </indonesian>
	</word>	<word>
		<sanskrit>janaḥ—</sanskrit>
		<indonesian>orang; </indonesian>
	</word>	<word>
		<sanskrit>paryupāsate</sanskrit>
		<indonesian>—menyembah
dengan cara yang sebenarnya; </indonesian>
	</word>	<word>
		<sanskrit>teṣām—</sanskrit>
		<indonesian>kepada mereka; </indonesian>
	</word>	<word>
		<sanskrit>nitya—</sanskrit>
		<indonesian>senantiasa;
</indonesian>
	</word>	<word>
		<sanskrit>abhiyuktānām</sanskrit>
		<indonesian>—mantap dalam bhakti; </indonesian>
	</word>	<word>
		<sanskrit>yoga—</sanskrit>
		<indonesian>kebutuhan; </indonesian>
	</word>	<word>
		<sanskrit>kṣemam</sanskrit>
		<indonesian>—perlindungan;
</indonesian>
	</word>	<word>
		<sanskrit>vahāmi</sanskrit>
		<indonesian>—membawa; </indonesian>
	</word>	<word>
		<sanskrit>aham—</sanskrit>
		<indonesian>Aku.</indonesian>
	</word>	<word>
		<sanskrit>ye—</sanskrit>
		<indonesian>orang yang; </indonesian>
	</word>	<word>
		<sanskrit>api—</sanskrit>
		<indonesian>juga; </indonesian>
	</word>	<word>
		<sanskrit>anya—</sanskrit>
		<indonesian>dari
yang lain; </indonesian>
	</word>	<word>
		<sanskrit>devatā—</sanskrit>
		<indonesian>dewa-dewa; </indonesian>
	</word>	<word>
		<sanskrit>bhaktaḥ</sanskrit>
		<indonesian>—para penyembah; </indonesian>
	</word>	<word>
		<sanskrit>yajante—</sanskrit>
		<indonesian>menyembah;
</indonesian>
	</word>	<word>
		<sanskrit>śraddhayā</sanskrit>
		<indonesian> </indonesian>
	</word>	<word>
		<sanskrit>anvitāḥ</sanskrit>
		<indonesian>—dengan kepercayaan; </indonesian>
	</word>	<word>
		<sanskrit>te—</sanskrit>
		<indonesian>mereka; </indonesian>
	</word>	<word>
		<sanskrit>api—</sanskrit>
		<indonesian>juga;
</indonesian>
	</word>	<word>
		<sanskrit>mām—</sanskrit>
		<indonesian>Aku; </indonesian>
	</word>	<word>
		<sanskrit>evā—</sanskrit>
		<indonesian>hanya; </indonesian>
	</word>	<word>
		<sanskrit>kaunteya</sanskrit>
		<indonesian>—wahai putera </indonesian>
	</word>	<word>
		<sanskrit>Kuntī</sanskrit>
		<indonesian> ; </indonesian>
	</word>	<word>
		<sanskrit>yajanti</sanskrit>
		<indonesian>—mereka
menyembah; </indonesian>
	</word>	<word>
		<sanskrit>avidhi-pūrvakam—</sanskrit>
		<indonesian>dengan cara keliru.</indonesian>
	</word>	<word>
		<sanskrit>aham—</sanskrit>
		<indonesian>Aku; </indonesian>
	</word>	<word>
		<sanskrit>hi—</sanskrit>
		<indonesian>pasti; </indonesian>
	</word>	<word>
		<sanskrit>sarva—</sanskrit>
		<indonesian>dari
semua; </indonesian>
	</word>	<word>
		<sanskrit>yajñānām</sanskrit>
		<indonesian>—korban-korban suci; </indonesian>
	</word>	<word>
		<sanskrit>bhoktā—</sanskrit>
		<indonesian>yang menikmati; </indonesian>
	</word>	<word>
		<sanskrit>ca—</sanskrit>
		<indonesian>dan;
</indonesian>
	</word>	<word>
		<sanskrit>prabhuḥ</sanskrit>
		<indonesian>—Tuhan; </indonesian>
	</word>	<word>
		<sanskrit>evā—</sanskrit>
		<indonesian>juga; </indonesian>
	</word>	<word>
		<sanskrit>ca—</sanskrit>
		<indonesian>dan; </indonesian>
	</word>	<word>
		<sanskrit>na—</sanskrit>
		<indonesian>tidak; </indonesian>
	</word>	<word>
		<sanskrit>tu—</sanskrit>
		<indonesian>tetapi;
</indonesian>
	</word>	<word>
		<sanskrit>mām—</sanskrit>
		<indonesian>Aku; </indonesian>
	</word>	<word>
		<sanskrit>abhijānanti</sanskrit>
		<indonesian>—mereka mengenal; </indonesian>
	</word>	<word>
		<sanskrit>tattvena—</sanskrit>
		<indonesian>dalam
kenyataan; </indonesian>
	</word>	<word>
		<sanskrit>ataḥ—</sanskrit>
		<indonesian>karena itu; </indonesian>
	</word>	<word>
		<sanskrit>cyavanti</sanskrit>
		<indonesian>—jatuh; </indonesian>
	</word>	<word>
		<sanskrit>te—</sanskrit>
		<indonesian>mereka.</indonesian>
	</word>	<word>
		<sanskrit>yānti—</sanskrit>
		<indonesian>pergi; </indonesian>
	</word>	<word>
		<sanskrit>deva-vratāḥ—</sanskrit>
		<indonesian>para
penyembah dewa; </indonesian>
	</word>	<word>
		<sanskrit>devān—</sanskrit>
		<indonesian>kepada para dewa; </indonesian>
	</word>	<word>
		<sanskrit>pitr</sanskrit>
		<indonesian/>
	</word>	<word>
		<sanskrit>̣̄n</sanskrit>
		<indonesian>—kepada
para leluhur; </indonesian>
	</word>	<word>
		<sanskrit>yānti—</sanskrit>
		<indonesian>pergi; </indonesian>
	</word>	<word>
		<sanskrit>pitṛ-vratāḥ—</sanskrit>
		<indonesian>para penyembah leluhur; </indonesian>
	</word>	<word>
		<sanskrit>bhūtāni</sanskrit>
		<indonesian>—kepada
para hantu dan roh-roh halus; </indonesian>
	</word>	<word>
		<sanskrit>yānti—</sanskrit>
		<indonesian>pergi; </indonesian>
	</word>	<word>
		<sanskrit>bhūta-ijyāḥ—</sanskrit>
		<indonesian>para
penyembah roh-roh halus dan hantu-hantu; </indonesian>
	</word>	<word>
		<sanskrit>yānti—</sanskrit>
		<indonesian>pergi; </indonesian>
	</word>	<word>
		<sanskrit>mat—</sanskrit>
		<indonesian>milik-Ku;
</indonesian>
	</word>	<word>
		<sanskrit>yājinaḥ—</sanskrit>
		<indonesian>para penyembah; </indonesian>
	</word>	<word>
		<sanskrit>api—</sanskrit>
		<indonesian>tetapi; </indonesian>
	</word>	<word>
		<sanskrit>mām—</sanskrit>
		<indonesian>kepada-Ku.</indonesian>
	</word>	<word>
		<sanskrit>patram—</sanskrit>
		<indonesian>daun; </indonesian>
	</word>	<word>
		<sanskrit>puṣpam</sanskrit>
		<indonesian>—bunga; </indonesian>
	</word>	<word>
		<sanskrit>phalam</sanskrit>
		<indonesian>—buah;
</indonesian>
	</word>	<word>
		<sanskrit>toyam—</sanskrit>
		<indonesian>air; </indonesian>
	</word>	<word>
		<sanskrit>yaḥ—</sanskrit>
		<indonesian>siapapun; </indonesian>
	</word>	<word>
		<sanskrit>me—</sanskrit>
		<indonesian>kepada-Ku; </indonesian>
	</word>	<word>
		<sanskrit>bhaktyā</sanskrit>
		<indonesian>—dengan
bhakti; </indonesian>
	</word>	<word>
		<sanskrit>prayacchati</sanskrit>
		<indonesian>—mempersembahkan; </indonesian>
	</word>	<word>
		<sanskrit>tat—</sanskrit>
		<indonesian>itu; </indonesian>
	</word>	<word>
		<sanskrit>aham—</sanskrit>
		<indonesian>Aku;
bhaktiupah</indonesian>
	</word>	<word>
		<sanskrit>ṛtam—</sanskrit>
		<indonesian>dipersembahkan dalam bhakti; </indonesian>
	</word>	<word>
		<sanskrit>aśnāmi—</sanskrit>
		<indonesian>menerima; </indonesian>
	</word>	<word>
		<sanskrit>prayata-ātmanaḥ</sanskrit>
		<indonesian>—dari
orang yang kesadarannya murni.</indonesian>
	</word>	<word>
		<sanskrit>yat—</sanskrit>
		<indonesian>apapun; </indonesian>
	</word>	<word>
		<sanskrit>karoṣi—</sanskrit>
		<indonesian>engkau lakukan;
</indonesian>
	</word>	<word>
		<sanskrit>yat—</sanskrit>
		<indonesian>apapun; </indonesian>
	</word>	<word>
		<sanskrit>aśnāsi—</sanskrit>
		<indonesian>engkau makan; </indonesian>
	</word>	<word>
		<sanskrit>yat—</sanskrit>
		<indonesian>apapun; </indonesian>
	</word>	<word>
		<sanskrit>juhoṣi—</sanskrit>
		<indonesian>engkau
persembahkan; </indonesian>
	</word>	<word>
		<sanskrit>dadāsi—</sanskrit>
		<indonesian>engkau berikan; </indonesian>
	</word>	<word>
		<sanskrit>yat—</sanskrit>
		<indonesian>apapun; </indonesian>
	</word>	<word>
		<sanskrit>yat—</sanskrit>
		<indonesian>apapun;
tapasyasi—pertapaan yang engkau lakukan; </indonesian>
	</word>	<word>
		<sanskrit>kaunteya</sanskrit>
		<indonesian>—wahai putera </indonesian>
	</word>	<word>
		<sanskrit>Kuntī</sanskrit>
		<indonesian>
; </indonesian>
	</word>	<word>
		<sanskrit>tat—</sanskrit>
		<indonesian>itu; </indonesian>
	</word>	<word>
		<sanskrit>kuruṣva—</sanskrit>
		<indonesian>laksanakan; </indonesian>
	</word>	<word>
		<sanskrit>mat—</sanskrit>
		<indonesian>kepada-Ku; </indonesian>
	</word>	<word>
		<sanskrit>arpaṇam</sanskrit>
		<indonesian>—sebagai
persembahan.</indonesian>
	</word>	<word>
		<sanskrit>śubha—</sanskrit>
		<indonesian>dari yang menguntungkan; </indonesian>
	</word>	<word>
		<sanskrit>aśubha—</sanskrit>
		<indonesian>dan
yang tidak menguntungkan; </indonesian>
	</word>	<word>
		<sanskrit>phalaiḥ</sanskrit>
		<indonesian>—hasil; </indonesian>
	</word>	<word>
		<sanskrit>evam—</sanskrit>
		<indonesian>demikian; </indonesian>
	</word>	<word>
		<sanskrit>mokṣyase</sanskrit>
		<indonesian>—engkau
akan dibebaskan; </indonesian>
	</word>	<word>
		<sanskrit>karma—</sanskrit>
		<indonesian>dari pekerjaan; </indonesian>
	</word>	<word>
		<sanskrit>bandhanaiḥ</sanskrit>
		<indonesian>—dari ikatan; </indonesian>
	</word>	<word>
		<sanskrit>sannyāsa</sanskrit>
		<indonesian>—dari
pelepasan ikatan; </indonesian>
	</word>	<word>
		<sanskrit>yoga—</sanskrit>
		<indonesian>yoga; </indonesian>
	</word>	<word>
		<sanskrit>yukta-ātmā</sanskrit>
		<indonesian>—dengan pikiran mantap
pada; </indonesian>
	</word>	<word>
		<sanskrit>vimuktaḥ</sanskrit>
		<indonesian>—dibebaskan; </indonesian>
	</word>	<word>
		<sanskrit>mām—</sanskrit>
		<indonesian>kepada-Ku;
</indonesian>
	</word>	<word>
		<sanskrit>upaiṣyasi</sanskrit>
		<indonesian>—engkau akan mencapai.</indonesian>
	</word>	<word>
		<sanskrit>samaḥ—</sanskrit>
		<indonesian>bersikap yang sama; </indonesian>
	</word>	<word>
		<sanskrit>aham—</sanskrit>
		<indonesian>Aku;
</indonesian>
	</word>	<word>
		<sanskrit>sarva-bhūteṣu</sanskrit>
		<indonesian>—kepada semua mahkluk hidup; </indonesian>
	</word>	<word>
		<sanskrit>na—</sanskrit>
		<indonesian>tiada seorangpun; </indonesian>
	</word>	<word>
		<sanskrit>me—</sanskrit>
		<indonesian>kepada-Ku;
</indonesian>
	</word>	<word>
		<sanskrit>dveṣyah—</sanskrit>
		<indonesian>benci; </indonesian>
	</word>	<word>
		<sanskrit>asti—</sanskrit>
		<indonesian>ada; </indonesian>
	</word>	<word>
		<sanskrit>na—</sanskrit>
		<indonesian>tidak juga; </indonesian>
	</word>	<word>
		<sanskrit>priyaḥ—</sanskrit>
		<indonesian>disayangi;
</indonesian>
	</word>	<word>
		<sanskrit>ye—</sanskrit>
		<indonesian>orang yang; </indonesian>
	</word>	<word>
		<sanskrit>bhajanti</sanskrit>
		<indonesian>—melakukan pengabdian rohani; </indonesian>
	</word>	<word>
		<sanskrit>tu—</sanskrit>
		<indonesian>tetapi;
</indonesian>
	</word>	<word>
		<sanskrit>mām—</sanskrit>
		<indonesian>kepada-Ku; </indonesian>
	</word>	<word>
		<sanskrit>bhaktyā</sanskrit>
		<indonesian>—dalam bhakti; </indonesian>
	</word>	<word>
		<sanskrit>mayi—</sanskrit>
		<indonesian>berada di dalam
diri-Ku; </indonesian>
	</word>	<word>
		<sanskrit>te—</sanskrit>
		<indonesian>orang seperti itu; </indonesian>
	</word>	<word>
		<sanskrit>teṣu—</sanskrit>
		<indonesian>dalam mereka; </indonesian>
	</word>	<word>
		<sanskrit>ca—</sanskrit>
		<indonesian>juga;
</indonesian>
	</word>	<word>
		<sanskrit>api—</sanskrit>
		<indonesian>pasti; </indonesian>
	</word>	<word>
		<sanskrit>aham—</sanskrit>
		<indonesian>Aku.</indonesian>
	</word>	<word>
		<sanskrit>prapadyante</sanskrit>
		<indonesian> tams </indonesian>
	</word>	<word>
		<sanskrit>tathā</sanskrit>
		<indonesian>iva bhajamy aham: Siapapun yang
menyerahkan diri kepada-Ku, Aku memelihara dia setimpal dengan penyerahan diri
itu.&quot; Balasan rohani tersebut berjalan karena Tuhan dan seorang penyembah
kedua-duanya sadar. Bila berlian dipasang pada cincin emas, kelihatannya indah
sekali. Cincin emas itu diperindah dan pada saat yang sama berlian mata cincin
itu juga diperindah. Tuhan dan makhluk hidup cemerlang untuk selamanya, dan
bila makhluk hidup berminat untuk berbhakti kepada Tuhan Yang Maha Esa, makhluk
itu kelihatan seperti emas. Tuhan Yang Maha Esa adalah seperti berlian. Karena
itu, gabungan tersebut sangat bagus. Para makhluk hidup dalam keadaan murni
disebut penyembah-penyembah. Tuhan Yang Maha Esa menjadi penyembah para
penyembah-Nya. Kalau tidak ada hubungan yang bertimbal balik antara seorang
penyembah dengan Tuhan, tidak mungkin ada filsafat yang mengakui bentuk pribadi
Tuhan. Dalam filsafat yang tidak mengakui bentuk pribadi Tuhan, tidak ada
hubungan yang bertimbal balik antara Yang Mahakuasa dan makhluk hidup, tetapi
dalam filsafat yang mengakui bentuk pribadi Tuhan, ada hubungan bertimbal balik
seperti itu.</indonesian>
	</word>	<word>
		<sanskrit>api—</sanskrit>
		<indonesian>meskipun; </indonesian>
	</word>	<word>
		<sanskrit>cet—</sanskrit>
		<indonesian>kalau; </indonesian>
	</word>	<word>
		<sanskrit>su-durācāraḥ</sanskrit>
		<indonesian>—orang
yang melakukan perbuatan yang paling jijik; </indonesian>
	</word>	<word>
		<sanskrit>bhajate</sanskrit>
		<indonesian>—tekun dalam bhakti; </indonesian>
	</word>	<word>
		<sanskrit>mām—</sanskrit>
		<indonesian>kepada-Ku;
</indonesian>
	</word>	<word>
		<sanskrit>ananya-bhāk</sanskrit>
		<indonesian>—tanpa menyimpang; </indonesian>
	</word>	<word>
		<sanskrit>sādhuḥ</sanskrit>
		<indonesian>—orang suci; </indonesian>
	</word>	<word>
		<sanskrit>evā—</sanskrit>
		<indonesian>pasti;
</indonesian>
	</word>	<word>
		<sanskrit>saḥ—</sanskrit>
		<indonesian>dia; </indonesian>
	</word>	<word>
		<sanskrit>mantavyaḥ—</sanskrit>
		<indonesian>harus diakui; </indonesian>
	</word>	<word>
		<sanskrit>samyak—</sanskrit>
		<indonesian>sepenuhnya; </indonesian>
	</word>	<word>
		<sanskrit>vyavasitāḥ</sanskrit>
		<indonesian>—mantap
dalam ketabahan hati; </indonesian>
	</word>	<word>
		<sanskrit>hi—</sanskrit>
		<indonesian>pasti; </indonesian>
	</word>	<word>
		<sanskrit>saḥ—</sanskrit>
		<indonesian>dia.</indonesian>
	</word>	<word>
		<sanskrit>kṣipram</sanskrit>
		<indonesian>—dalam waktu yang dekat sekali; </indonesian>
	</word>	<word>
		<sanskrit>bhavati</sanskrit>
		<indonesian>—menjadi;
</indonesian>
	</word>	<word>
		<sanskrit>dharma-ātmā</sanskrit>
		<indonesian>—saleh; </indonesian>
	</word>	<word>
		<sanskrit>śaśvat-śāntim—</sanskrit>
		<indonesian>kedamaian yang suci; </indonesian>
	</word>	<word>
		<sanskrit>nigacchati</sanskrit>
		<indonesian>—mencapai;
</indonesian>
	</word>	<word>
		<sanskrit>kaunteyā—</sanskrit>
		<indonesian>wahai putera </indonesian>
	</word>	<word>
		<sanskrit>Kuntī</sanskrit>
		<indonesian> ; </indonesian>
	</word>	<word>
		<sanskrit>pratijānīhi—</sanskrit>
		<indonesian>maklumkanlah; </indonesian>
	</word>	<word>
		<sanskrit>na—</sanskrit>
		<indonesian>tidak
pernah; </indonesian>
	</word>	<word>
		<sanskrit>me—</sanskrit>
		<indonesian>milik-Ku; </indonesian>
	</word>	<word>
		<sanskrit>bhaktaḥ</sanskrit>
		<indonesian>—penyembah; </indonesian>
	</word>	<word>
		<sanskrit>praṇaśyāti—</sanskrit>
		<indonesian>binasa.</indonesian>
	</word>	<word>
		<sanskrit>mām—</sanskrit>
		<indonesian>dari-Ku; </indonesian>
	</word>	<word>
		<sanskrit>hi—</sanskrit>
		<indonesian>pasti; </indonesian>
	</word>	<word>
		<sanskrit>pārtha</sanskrit>
		<indonesian>—wahai
putera </indonesian>
	</word>	<word>
		<sanskrit>Pṛthā</sanskrit>
		<indonesian>; </indonesian>
	</word>	<word>
		<sanskrit>vyapāśritya</sanskrit>
		<indonesian>—berlindung secara khusus; </indonesian>
	</word>	<word>
		<sanskrit>ye—</sanskrit>
		<indonesian>orang
yang; </indonesian>
	</word>	<word>
		<sanskrit>api—</sanskrit>
		<indonesian>juga; </indonesian>
	</word>	<word>
		<sanskrit>syuḥ—</sanskrit>
		<indonesian>adalah; </indonesian>
	</word>	<word>
		<sanskrit>pāpa-yonayaḥ—</sanskrit>
		<indonesian>dilahirkan
dalam keluarga yang lebih rendah; </indonesian>
	</word>	<word>
		<sanskrit>striyaḥ—</sanskrit>
		<indonesian>wanita; </indonesian>
	</word>	<word>
		<sanskrit>vaiśyāḥ—</sanskrit>
		<indonesian>para
pedagang; </indonesian>
	</word>	<word>
		<sanskrit>tathā—</sanskrit>
		<indonesian>juga; </indonesian>
	</word>	<word>
		<sanskrit>śūdrāḥ</sanskrit>
		<indonesian>—golongan manusia yang lebih rendah;
</indonesian>
	</word>	<word>
		<sanskrit>te api—</sanskrit>
		<indonesian>merekapun; </indonesian>
	</word>	<word>
		<sanskrit>yānti—</sanskrit>
		<indonesian>pergi; </indonesian>
	</word>	<word>
		<sanskrit>param—</sanskrit>
		<indonesian>kepada yang
tertinggi;</indonesian>
	</word>	<word>
		<sanskrit> gatim</sanskrit>
		<indonesian>—tujuan.</indonesian>
	</word>	<word>
		<sanskrit>kim—</sanskrit>
		<indonesian>betapa; </indonesian>
	</word>	<word>
		<sanskrit>punaḥ—</sanskrit>
		<indonesian>lagi; </indonesian>
	</word>	<word>
		<sanskrit>brahmaṇaḥ</sanskrit>
		<indonesian>—para
</indonesian>
	</word>	<word>
		<sanskrit>brahmaṇā</sanskrit>
		<indonesian>; </indonesian>
	</word>	<word>
		<sanskrit>puṇyāḥ—</sanskrit>
		<indonesian>saleh; </indonesian>
	</word>	<word>
		<sanskrit>bhaktaḥ</sanskrit>
		<indonesian>—para penyembah; </indonesian>
	</word>	<word>
		<sanskrit>rāja-ṛṣayaḥ—</sanskrit>
		<indonesian>raja-raja
yang suci; </indonesian>
	</word>	<word>
		<sanskrit>tathā—</sanskrit>
		<indonesian>juga; </indonesian>
	</word>	<word>
		<sanskrit>anityam</sanskrit>
		<indonesian>—sementara; </indonesian>
	</word>	<word>
		<sanskrit>asukham—</sanskrit>
		<indonesian>penuh dengan
kesengsaraan; </indonesian>
	</word>	<word>
		<sanskrit>lokam</sanskrit>
		<indonesian>—planet; </indonesian>
	</word>	<word>
		<sanskrit>imām—</sanskrit>
		<indonesian>ini; </indonesian>
	</word>	<word>
		<sanskrit>prāpya</sanskrit>
		<indonesian>—mencapai; </indonesian>
	</word>	<word>
		<sanskrit>bhajasva</sanskrit>
		<indonesian>—menekuni
cinta-bhakti; </indonesian>
	</word>	<word>
		<sanskrit>mām—</sanskrit>
		<indonesian>kepada-Ku.</indonesian>
	</word>	<word>
		<sanskrit>mat-manāḥ</sanskrit>
		<indonesian>—selalu berpikir tentang-Ku; </indonesian>
	</word>	<word>
		<sanskrit>bhava</sanskrit>
		<indonesian>—jadilah;
</indonesian>
	</word>	<word>
		<sanskrit>mat—</sanskrit>
		<indonesian>milik-Ku; </indonesian>
	</word>	<word>
		<sanskrit>bhaktaḥ</sanskrit>
		<indonesian>—penyembah; </indonesian>
	</word>	<word>
		<sanskrit>mat—</sanskrit>
		<indonesian>milik-Ku; </indonesian>
	</word>	<word>
		<sanskrit>yājī—</sanskrit>
		<indonesian>penyembah;
</indonesian>
	</word>	<word>
		<sanskrit>mām—</sanskrit>
		<indonesian>kepada-Ku; </indonesian>
	</word>	<word>
		<sanskrit>namaskuru—</sanskrit>
		<indonesian>bersujud; </indonesian>
	</word>	<word>
		<sanskrit>mām—</sanskrit>
		<indonesian>kepada-Ku; </indonesian>
	</word>	<word>
		<sanskrit>evā—</sanskrit>
		<indonesian>sepenuhnya;
</indonesian>
	</word>	<word>
		<sanskrit>eṣyasi—</sanskrit>
		<indonesian>engkau akan datang; </indonesian>
	</word>	<word>
		<sanskrit>yuktvā</sanskrit>
		<indonesian>—dengan berpikir secara khusuk;
</indonesian>
	</word>	<word>
		<sanskrit>evam—</sanskrit>
		<indonesian>demikian; </indonesian>
	</word>	<word>
		<sanskrit>ātmanām</sanskrit>
		<indonesian>—rohmu; </indonesian>
	</word>	<word>
		<sanskrit>mat-parāyaṇāḥ—</sanskrit>
		<indonesian>setia
kepada-Ku.</indonesian>
	</word>	<word>
		<sanskrit>deha</sanskrit>
		<indonesian>-</indonesian>
	</word>	<word>
		<sanskrit>dehī</sanskrit>
		<indonesian>-vibhedo, </indonesian>
	</word>	<word>
		<sanskrit>&apos;yam
nesvara vidyāte kvacit</sanskrit>
		<indonesian>. Ini berarti tidak ada perbedaan apa pun di dalam
Krishna, Tuhan Yang Maha Esa, antara Diri Krishna dan badan Krishna. Tetapi
oleh karena penafsir tidak menguasai ilmu pengetahuan tersebut tentang Krishna,
mereka menyembunyikan Krishna dan membedakan kepribadian Krishna dari pikiran
atau badan Krishna. Walaupun anggapan seperti itu semata-mata hanya kebodohan
belaka terhadap ilmu pengetahuan Krishna, beberapa orang mengambil untung dari
usaha menyesatkan orang.</indonesian>
	</word>	<word>
		<sanskrit>Bhagavad-gita
</sanskrit>
		<indonesian>sudah dijelaskan tentang bhakti yang murni kepada Tuhan bebas dari
pengetahuan angan-angan, yoga kebatinan dan kegiatan yang dimaksudkan untuk
membuahkan hasil atau pahala. Orang yang belum disucikan sepenuhnya barangkali
tertarik pada berbagai ciri Tuhan seperti brahmajyoti yang tidak bersifat
pribadi dan Paramatma yang berada dalam setempat, tetapi seorang penyembah
murni mulai berbhakti kepada Tuhan Yang Maha Esa secara langsung.</indonesian>
	</word>	<word>
		<sanskrit>Bhaktivedanta </sanskrit>
		<indonesian>mengenai
Bab Sembilan </indonesian>
	</word>	<word>
		<sanskrit>Srimad Bhagavad-gita </sanskrit>
		<indonesian>perihal Pengetahuan Yang Paling
Rahasia.&quot;</indonesian>
	</word></root>