<?xml version="1.0" encoding="UTF-8"?><temp><word>
		<sanskrit>Śrī-bhagavān</sanskrit>
		<indonesian/>
	</word><word>
		<sanskrit>Ikṣvāku</sanskrit>
		<indonesian/>
	</word><word>
		<sanskrit>Arjuna</sanskrit>
		<indonesian/>
	</word><word>
		<sanskrit>Bhārata</sanskrit>
		<indonesian/>
	</word><word>
		<sanskrit>Arjuna</sanskrit>
		<indonesian>.</indonesian>
	</word><word>
		<sanskrit>Pṛthā</sanskrit>
		<indonesian/>
	</word><word>
		<sanskrit>Pṛthā</sanskrit>
		<indonesian/>
	</word><word>
		<sanskrit>Pāṇḍu</sanskrit>
		<indonesian/>
	</word><word>
		<sanskrit>Arjuna</sanskrit>
		<indonesian/>
	</word><word>
		<sanskrit>karma-yoga</sanskrit>
		<indonesian/>
	</word></temp>