<?xml version="1.0" encoding="UTF-8"?><temp><word>
		<sanskrit>Śrī-bhagavān
uvāca</sanskrit>
		<indonesian/>
	</word><word>
		<sanskrit>jagat</sanskrit>
		<indonesian>.</indonesian>
	</word><word>
		<sanskrit>Arjuna</sanskrit>
		<indonesian/>
	</word><word>
		<sanskrit>Āditya</sanskrit>
		<indonesian/>
	</word><word>
		<sanskrit>Pṛthā</sanskrit>
		<indonesian/>
	</word><word>
		<sanskrit>bhṛguḥ</sanskrit>
		<indonesian/>
	</word><word>
		<sanskrit>ekam akṣaram</sanskrit>
		<indonesian/>
	</word><word>
		<sanskrit>pitr</sanskrit>
		<indonesian/>
	</word><word>
		<sanskrit>aryamā</sanskrit>
		<indonesian/>
	</word><word>
		<sanskrit>rāmaḥ—Rāma</sanskrit>
		<indonesian/>
	</word><word>
		<sanskrit>Arjuna</sanskrit>
		<indonesian/>
	</word><word>
		<sanskrit>bṛhat-sāma</sanskrit>
		<indonesian/>
	</word><word>
		<sanskrit>Vṛṣṇi</sanskrit>
		<indonesian/>
	</word><word>
		<sanskrit>dhanañjayah—Arjuna</sanskrit>
		<indonesian/>
	</word><word>
		<sanskrit>uśanā—Uśanā</sanskrit>
		<indonesian/>
	</word><word>
		<sanskrit>Arjuna</sanskrit>
		<indonesian/>
	</word><word>
		<sanskrit>Arjuna</sanskrit>
		<indonesian/>
	</word></temp>