<?xml version="1.0" encoding="UTF-8"?><temp><word>
		<sanskrit>Arjunaḥ uvāca</sanskrit>
		<indonesian/>
	</word><word>
		<sanskrit>Pṛthā</sanskrit>
		<indonesian/>
	</word><word>
		<sanskrit>Bhārata.</sanskrit>
		<indonesian/>
	</word><word>
		<sanskrit>Arjuna</sanskrit>
		<indonesian/>
	</word><word>
		<sanskrit>Arjuna</sanskrit>
		<indonesian/>
	</word><word>
		<sanskrit>Pāṇḍavāḥ</sanskrit>
		<indonesian/>
	</word><word>
		<sanskrit>dhanañjayah—Arjuna</sanskrit>
		<indonesian/>
	</word><word>
		<sanskrit>Āditya</sanskrit>
		<indonesian/>
	</word><word>
		<sanskrit>Viśvedeva</sanskrit>
		<indonesian/>
	</word><word>
		<sanskrit>Aśvinī-kumāra</sanskrit>
		<indonesian/>
	</word><word>
		<sanskrit>bahu—banyak</sanskrit>
		<indonesian/>
	</word><word>
		<sanskrit>bahu—banyak</sanskrit>
		<indonesian/>
	</word><word>
		<sanskrit>Dhṛtarāṣṭra</sanskrit>
		<indonesian/>
	</word><word>
		<sanskrit>sūta-putraḥ</sanskrit>
		<indonesian/>
	</word><word>
		<sanskrit>tathā</sanskrit>
		<indonesian/>
	</word><word>
		<sanskrit>droṇam</sanskrit>
		<indonesian/>
	</word><word>
		<sanskrit>Bhīṣmam</sanskrit>
		<indonesian/>
	</word><word>
		<sanskrit>Bhīṣma</sanskrit>
		<indonesian/>
	</word><word>
		<sanskrit>karṇam</sanskrit>
		<indonesian/>
	</word><word>
		<sanskrit>kirītī</sanskrit>
		<indonesian/>
	</word><word>
		<sanskrit>siddha</sanskrit>
		<indonesian/>
	</word><word>
		<sanskrit>namaḥ</sanskrit>
		<indonesian/>
	</word><word>
		<sanskrit>soḍhum</sanskrit>
		<indonesian/>
	</word><word>
		<sanskrit>tathā</sanskrit>
		<indonesian/>
	</word><word>
		<sanskrit>tena</sanskrit>
		<indonesian/>
	</word><word>
		<sanskrit>Arjuna</sanskrit>
		<indonesian/>
	</word><word>
		<sanskrit>Arjuna</sanskrit>
		<indonesian/>
	</word><word>
		<sanskrit>Arjuna</sanskrit>
		<indonesian/>
	</word><word>
		<sanskrit>Pāṇḍu</sanskrit>
		<indonesian>.</indonesian>
	</word></temp>