<?xml version="1.0" encoding="UTF-8"?><temp><word>
		<sanskrit>Arjuna</sanskrit>
		<indonesian/>
	</word><word>
		<sanskrit>Arjuna</sanskrit>
		<indonesian>.</indonesian>
	</word><word>
		<sanskrit>Pṛthā</sanskrit>
		<indonesian/>
	</word><word>
		<sanskrit>Bhīṣmām—Bhīṣma</sanskrit>
		<indonesian/>
	</word><word>
		<sanskrit>Dhṛtarāṣṭra</sanskrit>
		<indonesian>.</indonesian>
	</word><word>
		<sanskrit>Bhārata</sanskrit>
		<indonesian/>
	</word><word>
		<sanskrit>Śrī-bhagavān</sanskrit>
		<indonesian/>
	</word><word>
		<sanskrit>sarve</sanskrit>
		<indonesian/>
	</word><word>
		<sanskrit>Kuntī</sanskrit>
		<indonesian/>
	</word><word>
		<sanskrit>Bhārata.</sanskrit>
		<indonesian/>
	</word><word>
		<sanskrit>Bhārata.</sanskrit>
		<indonesian/>
	</word><word>
		<sanskrit>Pārtha</sanskrit>
		<indonesian>(</indonesian>
	</word><word>
		<sanskrit>tathā</sanskrit>
		<indonesian/>
	</word><word>
		<sanskrit>Bhārata</sanskrit>
		<indonesian/>
	</word><word>
		<sanskrit>Bhārata</sanskrit>
		<indonesian/>
	</word><word>
		<sanskrit>Pṛthā</sanskrit>
		<indonesian/>
	</word><word>
		<sanskrit>Kuntī</sanskrit>
		<indonesian/>
	</word><word>
		<sanskrit>Pṛthā</sanskrit>
		<indonesian/>
	</word><word>
		<sanskrit>Pṛthā</sanskrit>
		<indonesian/>
	</word><word>
		<sanskrit>Arjuna</sanskrit>
		<indonesian/>
	</word><word>
		<sanskrit>Arjuna</sanskrit>
		<indonesian/>
	</word><word>
		<sanskrit>yadā</sanskrit>
		<indonesian/>
	</word><word>
		<sanskrit>Śrī-bhagavān</sanskrit>
		<indonesian/>
	</word><word>
		<sanskrit>Kuntī</sanskrit>
		<indonesian/>
	</word><word>
		<sanskrit>Pṛthā</sanskrit>
		<indonesian/>
	</word></temp>