<?xml version="1.0" encoding="UTF-8"?><temp><word>
		<sanskrit>Śrī-bhagavān</sanskrit>
		<indonesian/>
	</word><word>
		<sanskrit>Bhārata</sanskrit>
		<indonesian>.</indonesian>
	</word><word>
		<sanskrit>Pṛthā</sanskrit>
		<indonesian/>
	</word><word>
		<sanskrit>Pṛthā</sanskrit>
		<indonesian/>
	</word><word>
		<sanskrit>kim</sanskrit>
		<indonesian/>
	</word><word>
		<sanskrit>janmāni</sanskrit>
		<indonesian/>
	</word><word>
		<sanskrit>Kuntī</sanskrit>
		<indonesian/>
	</word><word>
		<sanskrit>Kuntī</sanskrit>
		<indonesian/>
	</word></temp>