<?xml version="1.0" encoding="UTF-8"?><temp><word>
		<sanskrit>Arjunaḥ uvāca</sanskrit>
		<indonesian/>
	</word><word>
		<sanskrit>Bhārata</sanskrit>
		<indonesian/>
	</word><word>
		<sanskrit>Bhārata</sanskrit>
		<indonesian/>
	</word><word>
		<sanskrit>prasādam</sanskrit>
		<indonesian/>
	</word><word>
		<sanskrit>brahmaṇā</sanskrit>
		<indonesian/>
	</word><word>
		<sanskrit>prati</sanskrit>
		<indonesian>-</indonesian>
	</word><word>
		<sanskrit>brahmaṇā</sanskrit>
		<indonesian/>
	</word><word>
		<sanskrit>oḿ</sanskrit>
		<indonesian/>
	</word><word>
		<sanskrit>sat</sanskrit>
		<indonesian/>
	</word><word>
		<sanskrit>sat</sanskrit>
		<indonesian>-</indonesian>
	</word><word>
		<sanskrit>sat</sanskrit>
		<indonesian/>
	</word><word>
		<sanskrit>Pṛthā</sanskrit>
		<indonesian/>
	</word><word>
		<sanskrit>Pṛthā</sanskrit>
		<indonesian/>
	</word></temp>