<?xml version="1.0" encoding="UTF-8"?><temp><word>
		<sanskrit>Śrī-bhagavān</sanskrit>
		<indonesian/>
	</word><word>
		<sanskrit>Pṛthā</sanskrit>
		<indonesian/>
	</word><word>
		<sanskrit>manuṣyāṇām</sanskrit>
		<indonesian/>
	</word><word>
		<sanskrit>anyat</sanskrit>
		<indonesian/>
	</word><word>
		<sanskrit>Kuntī</sanskrit>
		<indonesian/>
	</word><word>
		<sanskrit>Pṛthā</sanskrit>
		<indonesian/>
	</word><word>
		<sanskrit>Bhārata</sanskrit>
		<indonesian>.</indonesian>
	</word><word>
		<sanskrit>Arjuna</sanskrit>
		<indonesian/>
	</word><word>
		<sanskrit>Bhārata</sanskrit>
		<indonesian>.</indonesian>
	</word><word>
		<sanskrit>tam</sanskrit>
		<indonesian/>
	</word><word>
		<sanskrit>Arjuna</sanskrit>
		<indonesian/>
	</word><word>
		<sanskrit>Bhārata</sanskrit>
		<indonesian/>
	</word></temp>