<?xml version="1.0" encoding="UTF-8"?><temp><word>
		<sanskrit>Arjunaḥ uvāca</sanskrit>
		<indonesian/>
	</word><word>
		<sanskrit>Pṛthā</sanskrit>
		<indonesian/>
	</word><word>
		<sanskrit>ataḥ</sanskrit>
		<indonesian/>
	</word><word>
		<sanskrit>Arjuna</sanskrit>
		<indonesian>.</indonesian>
	</word><word>
		<sanskrit>mat</sanskrit>
		<indonesian>-</indonesian>
	</word><word>
		<sanskrit>mat</sanskrit>
		<indonesian>-</indonesian>
	</word><word>
		<sanskrit>mat</sanskrit>
		<indonesian>-</indonesian>
	</word><word>
		<sanskrit>mat</sanskrit>
		<indonesian>-</indonesian>
	</word><word>
		<sanskrit>mat</sanskrit>
		<indonesian>-</indonesian>
	</word></temp>