<?xml version="1.0" encoding="UTF-8"?><temp><word>
		<sanskrit>Arjunaḥ
uvāca</sanskrit>
		<indonesian/>
	</word><word>
		<sanskrit>Madhusūdana</sanskrit>
		<indonesian>o</indonesian>
	</word><word>
		<sanskrit>Kuntī</sanskrit>
		<indonesian/>
	</word><word>
		<sanskrit>Pṛthā</sanskrit>
		<indonesian/>
	</word><word>
		<sanskrit>oḿ-kāra</sanskrit>
		<indonesian>)</indonesian>
	</word><word>
		<sanskrit>Pṛthā</sanskrit>
		<indonesian/>
	</word><word>
		<sanskrit>Arjuna</sanskrit>
		<indonesian/>
	</word><word>
		<sanskrit>bhūtvā</sanskrit>
		<indonesian/>
	</word><word>
		<sanskrit>Pṛthā</sanskrit>
		<indonesian/>
	</word><word>
		<sanskrit>Pṛthā</sanskrit>
		<indonesian/>
	</word><word>
		<sanskrit>Bhārata</sanskrit>
		<indonesian>.</indonesian>
	</word><word>
		<sanskrit>Pṛthā</sanskrit>
		<indonesian/>
	</word><word>
		<sanskrit>sarveṣu</sanskrit>
		<indonesian/>
	</word><word>
		<sanskrit>Arjuna</sanskrit>
		<indonesian>.</indonesian>
	</word></temp>