<?xml version="1.0" encoding="UTF-8"?><temp><word>
		<sanskrit>Śrī-bhagavān uvāca</sanskrit>
		<indonesian/>
	</word><word>
		<sanskrit>Bhārata</sanskrit>
		<indonesian>.</indonesian>
	</word><word>
		<sanskrit>Kuntī</sanskrit>
		<indonesian/>
	</word><word>
		<sanskrit>Kuntī</sanskrit>
		<indonesian/>
	</word><word>
		<sanskrit>Bhārata</sanskrit>
		<indonesian>.</indonesian>
	</word><word>
		<sanskrit>Bhārata</sanskrit>
		<indonesian/>
	</word><word>
		<sanskrit>Bhārata</sanskrit>
		<indonesian/>
	</word><word>
		<sanskrit>Bhārata</sanskrit>
		<indonesian>.</indonesian>
	</word><word>
		<sanskrit>eva</sanskrit>
		<indonesian/>
	</word><word>
		<sanskrit>Pāṇḍu</sanskrit>
		<indonesian/>
	</word></temp>