<?xml version="1.0" encoding="UTF-8"?><temp><word>
		<sanskrit>Arjunaḥ uvāca</sanskrit>
		<indonesian/>
	</word><word>
		<sanskrit>Śrī-bhagavān</sanskrit>
		<indonesian/>
	</word><word>
		<sanskrit>Kuntī</sanskrit>
		<indonesian/>
	</word><word>
		<sanskrit>tat</sanskrit>
		<indonesian>-</indonesian>
	</word><word>
		<sanskrit>Bhārata</sanskrit>
		<indonesian/>
	</word><word>
		<sanskrit>mat</sanskrit>
		<indonesian>-</indonesian>
	</word><word>
		<sanskrit>mat</sanskrit>
		<indonesian>-</indonesian>
	</word><word>
		<sanskrit>mat</sanskrit>
		<indonesian>-</indonesian>
	</word><word>
		<sanskrit>tat</sanskrit>
		<indonesian/>
	</word><word>
		<sanskrit>Bhārata.</sanskrit>
		<indonesian/>
	</word><word>
		<sanskrit>Kuntī</sanskrit>
		<indonesian/>
	</word><word>
		<sanskrit>na</sanskrit>
		<indonesian/>
	</word><word>
		<sanskrit>Bhārata.</sanskrit>
		<indonesian/>
	</word></temp>