<?xml version="1.0" encoding="UTF-8"?><temp><word>
		<sanskrit>Śrī-bhagavān
uvāca</sanskrit>
		<indonesian/>
	</word><word>
		<sanskrit>sarvāni</sanskrit>
		<indonesian/>
	</word><word>
		<sanskrit>Kuntī</sanskrit>
		<indonesian/>
	</word><word>
		<sanskrit>Kuntī</sanskrit>
		<indonesian/>
	</word><word>
		<sanskrit>Pṛthā</sanskrit>
		<indonesian/>
	</word><word>
		<sanskrit>smṛti;</sanskrit>
		<indonesian/>
	</word><word>
		<sanskrit>ṛk—Ṛg Veda</sanskrit>
		<indonesian/>
	</word><word>
		<sanskrit>yajuḥ—Yajur Veda</sanskrit>
		<indonesian/>
	</word><word>
		<sanskrit>Arjuna</sanskrit>
		<indonesian>.</indonesian>
	</word><word>
		<sanskrit>śraddhayā</sanskrit>
		<indonesian/>
	</word><word>
		<sanskrit>Kuntī</sanskrit>
		<indonesian/>
	</word><word>
		<sanskrit>pitr</sanskrit>
		<indonesian/>
	</word><word>
		<sanskrit>Kuntī</sanskrit>
		<indonesian/>
	</word><word>
		<sanskrit>Kuntī</sanskrit>
		<indonesian/>
	</word><word>
		<sanskrit>Pṛthā</sanskrit>
		<indonesian/>
	</word><word>
		<sanskrit>brahmaṇā</sanskrit>
		<indonesian/>
	</word><word>
		<sanskrit>deha</sanskrit>
		<indonesian>-</indonesian>
	</word></temp>