<?xml version="1.0" encoding="UTF-8"?><temp><word>
		<sanskrit>Pāṇḍu</sanskrit>
		<indonesian/>
	</word><word>
		<sanskrit>sañjaya</sanskrit>
		<indonesian/>
	</word><word>
		<sanskrit>d</sanskrit>
		<indonesian/>
	</word><word>
		<sanskrit>pā</sanskrit>
		<indonesian/>
	</word><word>
		<sanskrit>vyū</sanskrit>
		<indonesian/>
	</word><word>
		<sanskrit>duryodhana</sanskrit>
		<indonesian/>
	</word><word>
		<sanskrit>Pāṇḍu</sanskrit>
		<indonesian/>
	</word><word>
		<sanskrit>Drupada</sanskrit>
		<indonesian/>
	</word><word>
		<sanskrit>Arjuna</sanskrit>
		<indonesian/>
	</word><word>
		<sanskrit>virāṭaḥ</sanskrit>
		<indonesian/>
	</word><word>
		<sanskrit>cekitānaḥ</sanskrit>
		<indonesian/>
	</word><word>
		<sanskrit>kāśirājaḥ</sanskrit>
		<indonesian/>
	</word><word>
		<sanskrit>Kuntī</sanskrit>
		<indonesian/>
	</word><word>
		<sanskrit>brahmaṇā</sanskrit>
		<indonesian/>
	</word><word>
		<sanskrit>Bhīṣma</sanskrit>
		<indonesian/>
	</word><word>
		<sanskrit>karnaḥ—Karṇa</sanskrit>
		<indonesian/>
	</word><word>
		<sanskrit>aśvatthāmā</sanskrit>
		<indonesian/>
	</word><word>
		<sanskrit>mat</sanskrit>
		<indonesian>-</indonesian>
	</word><word>
		<sanskrit>Bhīṣma</sanskrit>
		<indonesian/>
	</word><word>
		<sanskrit>Bhīṣma</sanskrit>
		<indonesian/>
	</word><word>
		<sanskrit>Bhīṣma</sanskrit>
		<indonesian>)</indonesian>
	</word><word>
		<sanskrit>mādhavaḥ</sanskrit>
		<indonesian/>
	</word><word>
		<sanskrit>Pāṇḍavāḥ</sanskrit>
		<indonesian/>
	</word><word>
		<sanskrit>Pāṇḍu</sanskrit>
		<indonesian>)</indonesian>
	</word><word>
		<sanskrit>Pāñcajanya</sanskrit>
		<indonesian/>
	</word><word>
		<sanskrit>ṛṣīka-īśa</sanskrit>
		<indonesian/>
	</word><word>
		<sanskrit>dhanam-jaya</sanskrit>
		<indonesian/>
	</word><word>
		<sanskrit>v</sanskrit>
		<indonesian/>
	</word><word>
		<sanskrit>ananta</sanskrit>
		<indonesian>-</indonesian>
	</word><word>
		<sanskrit>Kuntī</sanskrit>
		<indonesian/>
	</word><word>
		<sanskrit>pṛthak</sanskrit>
		<indonesian/>
	</word><word>
		<sanskrit>Dhṛtarāṣṭra</sanskrit>
		<indonesian/>
	</word><word>
		<sanskrit>Pāṇḍu</sanskrit>
		<indonesian>(</indonesian>
	</word><word>
		<sanskrit>Dhṛtarāṣṭra</sanskrit>
		<indonesian/>
	</word><word>
		<sanskrit>Arjuna</sanskrit>
		<indonesian/>
	</word><word>
		<sanskrit>Bhārata</sanskrit>
		<indonesian/>
	</word><word>
		<sanskrit>Bhīṣma</sanskrit>
		<indonesian/>
	</word><word>
		<sanskrit>Pṛthā</sanskrit>
		<indonesian/>
	</word><word>
		<sanskrit>pārthah</sanskrit>
		<indonesian/>
	</word><word>
		<sanskrit>pitr</sanskrit>
		<indonesian/>
	</word><word>
		<sanskrit>gurunya</sanskrit>
		<indonesian/>
	</word><word>
		<sanskrit>Kuntī</sanskrit>
		<indonesian/>
	</word><word>
		<sanskrit>Arjuna</sanskrit>
		<indonesian/>
	</word><word>
		<sanskrit>Dhṛtarāṣṭra</sanskrit>
		<indonesian/>
	</word><word>
		<sanskrit>Dhṛtarāṣṭra</sanskrit>
		<indonesian/>
	</word><word>
		<sanskrit>Vṛṣṇi</sanskrit>
		<indonesian/>
	</word><word>
		<sanskrit>Vṛṣṇi</sanskrit>
		<indonesian>.</indonesian>
	</word><word>
		<sanskrit>Dhṛtarāṣṭra</sanskrit>
		<indonesian/>
	</word><word>
		<sanskrit>Arjunaḥ—Arjuna</sanskrit>
		<indonesian/>
	</word><word>
		<sanskrit>ḥ</sanskrit>
		<indonesian>Raja  Duryodhana</indonesian>
	</word><word>
		<sanskrit>h</sanskrit>
		<indonesian/>
	</word><word>
		<sanskrit>ḥ</sanskrit>
		<indonesian>dhanañjaya (</indonesian>
	</word><word>
		<sanskrit>ḥ</sanskrit>
		<indonesian>pelahap (Bhima).</indonesian>
	</word><word>
		<sanskrit>,</sanskrit>
		<indonesian>meniup kerangnya yang bernama Anantavijaya, Nakula dan Sahadeva meniup kerangnya bernama Sughosa dan Manipuspaka. Pemanah yang perkasa raja Kasi, ksatria hebat yang bernama Sikandi, Dhrstadyumna, Virata dan Satyaki yang tidak pernah dikalahkan, Drupada, para putera Draupadi, dan lain-lain, seperti putera Subhadra, yang berlengan perkasa, semua meniup kerang-kerangnya masing-masing; wahai Baginda Raja.</indonesian>
	</word></temp>