<?xml version="1.0" encoding="UTF-8"?>
<root>	<word>
		<sanskrit>Śrī-bhagavān</sanskrit>
		<indonesian></indonesian>
	</word>	<word>
		<sanskrit>uvāca</sanskrit>
		<indonesian>Kepribadian Tuhan Yang Maha Esa bersabda</indonesian>
	</word>	<word>
		<sanskrit>imām</sanskrit>
		<indonesian>ini</indonesian>
	</word>	<word>
		<sanskrit>vivasvatea</sanskrit>
		<indonesian>kepada dewa matahari</indonesian>
	</word>	<word>
		<sanskrit>yogam</sanskrit>
		<indonesian>ilmu pengetahuan hubungan kita dengan Yang Mahakuasa</indonesian>
	</word>	<word>
		<sanskrit>proktāvān</sanskrit>
		<indonesian>diajarkan</indonesian>
	</word>	<word>
		<sanskrit>aham</sanskrit>
		<indonesian>Aku</indonesian>
	</word>	<word>
		<sanskrit>avyayām</sanskrit>
		<indonesian>tidak termusnahkan</indonesian>
	</word>	<word>
		<sanskrit>Vivasvān</sanskrit>
		<indonesian>Vivasvan (nama dewa matahari)</indonesian>
	</word>	<word>
		<sanskrit>manave</sanskrit>
		<indonesian>kepada ayah manusia (bernama Vaivasvata)</indonesian>
	</word>	<word>
		<sanskrit>prāha</sanskrit>
		<indonesian>memberitahukan</indonesian>
	</word>	<word>
		<sanskrit>manuḥ</sanskrit>
		<indonesian>ayah leluhur manusia</indonesian>
	</word>	<word>
		<sanskrit>ikṣvākave</sanskrit>
		<indonesian>kepada Rājā</indonesian>
	</word>	<word>
		<sanskrit>Ikṣvāku</sanskrit>
		<indonesian></indonesian>
	</word>	<word>
		<sanskrit>abravīt</sanskrit>
		<indonesian>berkata.</indonesian>
	</word>	<word>
		<sanskrit>evam</sanskrit>
		<indonesian>demikian</indonesian>
	</word>	<word>
		<sanskrit>paramparā</sanskrit>
		<indonesian>melalui garis perguruan</indonesian>
	</word>	<word>
		<sanskrit>prāptam</sanskrit>
		<indonesian>diterima</indonesian>
	</word>	<word>
		<sanskrit>imām</sanskrit>
		<indonesian>ilmu pengetahuan ini</indonesian>
	</word>	<word>
		<sanskrit>rāja-ṛṣayaḥ</sanskrit>
		<indonesian>para rājā  yang suci</indonesian>
	</word>	<word>
		<sanskrit>viduḥ</sanskrit>
		<indonesian>mengerti</indonesian>
	</word>	<word>
		<sanskrit>saḥ</sanskrit>
		<indonesian>pengetahuan itu</indonesian>
	</word>	<word>
		<sanskrit>kālena</sanskrit>
		<indonesian>sesudah beberapa waktu</indonesian>
	</word>	<word>
		<sanskrit>iha</sanskrit>
		<indonesian>di dunia ini</indonesian>
	</word>	<word>
		<sanskrit>mahatā</sanskrit>
		<indonesian>mulia</indonesian>
	</word>	<word>
		<sanskrit>yogaḥ</sanskrit>
		<indonesian>ilmu pengetahuan mengenai hubungan antara diri kita dengan Yang Mahakuasa</indonesian>
	</word>	<word>
		<sanskrit>naṣṭaḥ</sanskrit>
		<indonesian>terhambur</indonesian>
	</word>	<word>
		<sanskrit>parantapa</sanskrit>
		<indonesian>wahai Arjuna, penakluk musuh.</indonesian>
	</word>	<word>
		<sanskrit>saḥ</sanskrit>
		<indonesian>yang sama</indonesian>
	</word>	<word>
		<sanskrit>evā</sanskrit>
		<indonesian>pasti</indonesian>
	</word>	<word>
		<sanskrit>ayam</sanskrit>
		<indonesian>ini</indonesian>
	</word>	<word>
		<sanskrit>mayā</sanskrit>
		<indonesian>oleh-Ku</indonesian>
	</word>	<word>
		<sanskrit>te</sanskrit>
		<indonesian>kepada engkau</indonesian>
	</word>	<word>
		<sanskrit>adya</sanskrit>
		<indonesian>hari ini</indonesian>
	</word>	<word>
		<sanskrit>yogaḥ</sanskrit>
		<indonesian>ilmu pengetahuan yoga</indonesian>
	</word>	<word>
		<sanskrit>proktāḥ</sanskrit>
		<indonesian>disabdakan</indonesian>
	</word>	<word>
		<sanskrit>purātanaḥ</sanskrit>
		<indonesian>tua sekali</indonesian>
	</word>	<word>
		<sanskrit>bhaktaḥ</sanskrit>
		<indonesian>penyembah</indonesian>
	</word>	<word>
		<sanskrit>asi</sanskrit>
		<indonesian>engkau adalah</indonesian>
	</word>	<word>
		<sanskrit>me</sanskrit>
		<indonesian>milik-Ku</indonesian>
	</word>	<word>
		<sanskrit>sakhā</sanskrit>
		<indonesian>kawan</indonesian>
	</word>	<word>
		<sanskrit>ca</sanskrit>
		<indonesian>juga</indonesian>
	</word>	<word>
		<sanskrit>iti</sanskrit>
		<indonesian>karena itu</indonesian>
	</word>	<word>
		<sanskrit>rahasyam</sanskrit>
		<indonesian>rahasia</indonesian>
	</word>	<word>
		<sanskrit>hi</sanskrit>
		<indonesian>pasti</indonesian>
	</word>	<word>
		<sanskrit>etat</sanskrit>
		<indonesian>ini</indonesian>
	</word>	<word>
		<sanskrit>uttamām</sanskrit>
		<indonesian>rohani.</indonesian>
	</word>	<word>
		<sanskrit>Arjunaḥ uvāca</sanskrit>
		<indonesian>Arjuna berkata</indonesian>
	</word>	<word>
		<sanskrit>aparam</sanskrit>
		<indonesian>lebih muda</indonesian>
	</word>	<word>
		<sanskrit>bhavataḥ</sanskrit>
		<indonesian>milik Anda</indonesian>
	</word>	<word>
		<sanskrit>janma</sanskrit>
		<indonesian>kelahiran</indonesian>
	</word>	<word>
		<sanskrit>param</sanskrit>
		<indonesian>lebih dahulu</indonesian>
	</word>	<word>
		<sanskrit>janma</sanskrit>
		<indonesian>kelahiran</indonesian>
	</word>	<word>
		<sanskrit>vivasvataḥ</sanskrit>
		<indonesian>dewa matahari</indonesian>
	</word>	<word>
		<sanskrit>katham</sanskrit>
		<indonesian>bagaimana</indonesian>
	</word>	<word>
		<sanskrit>etat</sanskrit>
		<indonesian>ini</indonesian>
	</word>	<word>
		<sanskrit>vijānīyām</sanskrit>
		<indonesian>hamba dapat mengerti</indonesian>
	</word>	<word>
		<sanskrit>tvām</sanskrit>
		<indonesian>Anda</indonesian>
	</word>	<word>
		<sanskrit>ādau</sanskrit>
		<indonesian>pada awal</indonesian>
	</word>	<word>
		<sanskrit>proktāvān</sanskrit>
		<indonesian>diajarkan</indonesian>
	</word>	<word>
		<sanskrit>iti</sanskrit>
		<indonesian>demikian.</indonesian>
	</word>	<word>
		<sanskrit>Śrī-bhagavān uvāca</sanskrit>
		<indonesian>Kepribadian Tuhan Yang Maha Esa bersabda</indonesian>
	</word>	<word>
		<sanskrit>bahūni</sanskrit>
		<indonesian>banyak</indonesian>
	</word>	<word>
		<sanskrit>me</sanskrit>
		<indonesian>milik-Ku</indonesian>
	</word>	<word>
		<sanskrit>vyatītāni</sanskrit>
		<indonesian>sudah melewati</indonesian>
	</word>	<word>
		<sanskrit>janmāni</sanskrit>
		<indonesian>kelahiran-kelahiran</indonesian>
	</word>	<word>
		<sanskrit>tavā</sanskrit>
		<indonesian>milik engkau</indonesian>
	</word>	<word>
		<sanskrit>ca</sanskrit>
		<indonesian>dan juga</indonesian>
	</word>	<word>
		<sanskrit>Arjuna</sanskrit>
		<indonesian>wahai</indonesian>
	</word>	<word>
		<sanskrit>Arjuna</sanskrit>
		<indonesian></indonesian>
	</word>	<word>
		<sanskrit>tāni</sanskrit>
		<indonesian>yang itu</indonesian>
	</word>	<word>
		<sanskrit>aham</sanskrit>
		<indonesian>Aku</indonesian>
	</word>	<word>
		<sanskrit>veda</sanskrit>
		<indonesian>mengetahui</indonesian>
	</word>	<word>
		<sanskrit>sarvāni</sanskrit>
		<indonesian>semua</indonesian>
	</word>	<word>
		<sanskrit>na</sanskrit>
		<indonesian>tidak</indonesian>
	</word>	<word>
		<sanskrit>tvām</sanskrit>
		<indonesian>engkau</indonesian>
	</word>	<word>
		<sanskrit>vettha</sanskrit>
		<indonesian>mengetahui</indonesian>
	</word>	<word>
		<sanskrit>parantapa</sanskrit>
		<indonesian>wahai penakluk musuh.</indonesian>
	</word>	<word>
		<sanskrit>ajaḥ</sanskrit>
		<indonesian>tidak dilahirkan</indonesian>
	</word>	<word>
		<sanskrit>api</sanskrit>
		<indonesian>walaupun</indonesian>
	</word>	<word>
		<sanskrit>san</sanskrit>
		<indonesian>adalah seperti itu</indonesian>
	</word>	<word>
		<sanskrit>avyayā</sanskrit>
		<indonesian>tidak merosot</indonesian>
	</word>	<word>
		<sanskrit>ātmā</sanskrit>
		<indonesian>badan</indonesian>
	</word>	<word>
		<sanskrit>bhūtānām</sanskrit>
		<indonesian>terhadap semua insan yang dilahirkan</indonesian>
	</word>	<word>
		<sanskrit>īśvaraḥ</sanskrit>
		<indonesian>Tuhan Yang Maha Esa</indonesian>
	</word>	<word>
		<sanskrit>api</sanskrit>
		<indonesian>walaupun</indonesian>
	</word>	<word>
		<sanskrit>san</sanskrit>
		<indonesian>adalah seperti itu</indonesian>
	</word>	<word>
		<sanskrit>prakṛtim</sanskrit>
		<indonesian>dalam bentuk rohani</indonesian>
	</word>	<word>
		<sanskrit>svām</sanskrit>
		<indonesian>dari Aku Sendiri</indonesian>
	</word>	<word>
		<sanskrit>adhiṣṭhāya</sanskrit>
		<indonesian>mempunyai kedudukan seperti itu</indonesian>
	</word>	<word>
		<sanskrit>sambhavāmi</sanskrit>
		<indonesian>Aku menjelma</indonesian>
	</word>	<word>
		<sanskrit>ātma-māyayā</sanskrit>
		<indonesian>oleh tenaga dalam-Ku.</indonesian>
	</word>	<word>
		<sanskrit>yadā yadā</sanskrit>
		<indonesian>kapanpun dan di manapun</indonesian>
	</word>	<word>
		<sanskrit>hi</sanskrit>
		<indonesian>pasti</indonesian>
	</word>	<word>
		<sanskrit>dharmasya</sanskrit>
		<indonesian>mengenai dharma</indonesian>
	</word>	<word>
		<sanskrit>glāniḥ</sanskrit>
		<indonesian>hal-hal yang bertentangan</indonesian>
	</word>	<word>
		<sanskrit>bhavati</sanskrit>
		<indonesian>terwujud</indonesian>
	</word>	<word>
		<sanskrit>Bhārata</sanskrit>
		<indonesian>wahai putera keluarga</indonesian>
	</word>	<word>
		<sanskrit>Bhārata</sanskrit>
		<indonesian></indonesian>
	</word>	<word>
		<sanskrit>abhyutthānam</sanskrit>
		<indonesian>merājā lelanya</indonesian>
	</word>	<word>
		<sanskrit>adharmasya</sanskrit>
		<indonesian>mengenai hal-hal yang bertentangan dengan dharma</indonesian>
	</word>	<word>
		<sanskrit>tadā</sanskrit>
		<indonesian>pada waktu itu</indonesian>
	</word>	<word>
		<sanskrit>ātmanām</sanskrit>
		<indonesian>diri</indonesian>
	</word>	<word>
		<sanskrit>sṛjāmi</sanskrit>
		<indonesian>berwujud</indonesian>
	</word>	<word>
		<sanskrit>aham</sanskrit>
		<indonesian>Aku.</indonesian>
	</word>	<word>
		<sanskrit>paritrāṇāya</sanskrit>
		<indonesian>untuk menyelamatkan</indonesian>
	</word>	<word>
		<sanskrit>sādhūnām</sanskrit>
		<indonesian>terhadap para penyembah</indonesian>
	</word>	<word>
		<sanskrit>vināśāya</sanskrit>
		<indonesian>untuk membinasakan</indonesian>
	</word>	<word>
		<sanskrit>ca</sanskrit>
		<indonesian>juga</indonesian>
	</word>	<word>
		<sanskrit>duṣkṛtām</sanskrit>
		<indonesian>terhadap orang jahat</indonesian>
	</word>	<word>
		<sanskrit>dharma</sanskrit>
		<indonesian>prinsip-prinsip dharma</indonesian>
	</word>	<word>
		<sanskrit>saḿsthāpana-arthāya</sanskrit>
		<indonesian>untuk menegakkan kembali</indonesian>
	</word>	<word>
		<sanskrit>sambhavāmi</sanskrit>
		<indonesian>Aku muncul</indonesian>
	</word>	<word>
		<sanskrit>yuge</sanskrit>
		<indonesian>jaman</indonesian>
	</word>	<word>
		<sanskrit>yuge</sanskrit>
		<indonesian>demi jaman.</indonesian>
	</word>	<word>
		<sanskrit>janma</sanskrit>
		<indonesian>kelahiran</indonesian>
	</word>	<word>
		<sanskrit>karma</sanskrit>
		<indonesian>pekerjaan</indonesian>
	</word>	<word>
		<sanskrit>ca</sanskrit>
		<indonesian>juga</indonesian>
	</word>	<word>
		<sanskrit>me</sanskrit>
		<indonesian>milik-Ku</indonesian>
	</word>	<word>
		<sanskrit>divyam</sanskrit>
		<indonesian>rohani</indonesian>
	</word>	<word>
		<sanskrit>evam</sanskrit>
		<indonesian>seperti itu</indonesian>
	</word>	<word>
		<sanskrit>yaḥ</sanskrit>
		<indonesian>siapapun yang</indonesian>
	</word>	<word>
		<sanskrit>vetti</sanskrit>
		<indonesian>mengenal</indonesian>
	</word>	<word>
		<sanskrit>tattvataḥ</sanskrit>
		<indonesian>dalam kenyataan</indonesian>
	</word>	<word>
		<sanskrit>tyaktvā</sanskrit>
		<indonesian>meninggalkan</indonesian>
	</word>	<word>
		<sanskrit>deham</sanskrit>
		<indonesian>badan ini</indonesian>
	</word>	<word>
		<sanskrit>punaḥ</sanskrit>
		<indonesian>lagi</indonesian>
	</word>	<word>
		<sanskrit>janma</sanskrit>
		<indonesian>kelahiran</indonesian>
	</word>	<word>
		<sanskrit>na</sanskrit>
		<indonesian>tidak pernah</indonesian>
	</word>	<word>
		<sanskrit>eti</sanskrit>
		<indonesian>mencapai</indonesian>
	</word>	<word>
		<sanskrit>mām</sanskrit>
		<indonesian>kepada-Ku</indonesian>
	</word>	<word>
		<sanskrit>eti</sanskrit>
		<indonesian>mencapai</indonesian>
	</word>	<word>
		<sanskrit>saḥ</sanskrit>
		<indonesian>dia</indonesian>
	</word>	<word>
		<sanskrit>Arjuna</sanskrit>
		<indonesian>wahai</indonesian>
	</word>	<word>
		<sanskrit>Arjuna</sanskrit>
		<indonesian>.</indonesian>
	</word>	<word>
		<sanskrit>vīta</sanskrit>
		<indonesian>dibebaskan dari</indonesian>
	</word>	<word>
		<sanskrit>rāga</sanskrit>
		<indonesian>ikatan</indonesian>
	</word>	<word>
		<sanskrit>bhaya</sanskrit>
		<indonesian>rasa takut</indonesian>
	</word>	<word>
		<sanskrit>krodhaḥ</sanskrit>
		<indonesian>dan amarah</indonesian>
	</word>	<word>
		<sanskrit>mat-mayā</sanskrit>
		<indonesian>sepenuhnya di dalam-Ku</indonesian>
	</word>	<word>
		<sanskrit>mām</sanskrit>
		<indonesian>di dalam-Ku</indonesian>
	</word>	<word>
		<sanskrit>upāśritāḥ</sanskrit>
		<indonesian>menjadi mantap sepenuhnya</indonesian>
	</word>	<word>
		<sanskrit>bahavah</sanskrit>
		<indonesian>banyak</indonesian>
	</word>	<word>
		<sanskrit>jñāna</sanskrit>
		<indonesian>dari pengetahuan</indonesian>
	</word>	<word>
		<sanskrit>tapasā</sanskrit>
		<indonesian>oleh pertapaan itu</indonesian>
	</word>	<word>
		<sanskrit>pūtāḥ</sanskrit>
		<indonesian>dengan disucikan</indonesian>
	</word>	<word>
		<sanskrit>mat-bhāvam</sanskrit>
		<indonesian>cinta-bhakti rohani kepada-Ku</indonesian>
	</word>	<word>
		<sanskrit>āgatāḥ</sanskrit>
		<indonesian>dicapai.</indonesian>
	</word>	<word>
		<sanskrit>bhava</sanskrit>
		<indonesian>, atau cinta-bhakti rohani kepada Tuhan Yang Maha Esa.</indonesian>
	</word>	<word>
		<sanskrit>bhava</sanskrit>
		<indonesian>, atau tingkat  pendahuluan sebelum cinta-bhakti rohani kepada Tuhan. Cinta-bhakti yang  sejati kepada Tuhan disebut prema, tingkat kesempurnaan hidup  tertinggi." Pada tingkat prema seseorang tekun senantiasa dalam  cinta-bhakti rohani kepada Tuhan. Demikianlah melalui proses bhakti  secara bertahap, di bawah bimbingan sang guru kerohanian yang dapat  dipercaya, seseorang dapat mencapai tahap tertinggi, dengan dibebaskan  dari segala ikatan material, bebas dari rasa takut terhadap kepribadian  rohaninya yang individual, dan bebas dari frustrasi yang mengakibatkan  filsafat kekosongan. Akhirnya ia dapat mencapai tempat tinggal Tuhan  Yang Maha Esa.</indonesian>
	</word>	<word>
		<sanskrit>ye</sanskrit>
		<indonesian>semua orang yang</indonesian>
	</word>	<word>
		<sanskrit>yathā</sanskrit>
		<indonesian>sejauh mana</indonesian>
	</word>	<word>
		<sanskrit>mām</sanskrit>
		<indonesian>kepada-Ku</indonesian>
	</word>	<word>
		<sanskrit>prapadyante</sanskrit>
		<indonesian>menyerahkan Diri-Nya</indonesian>
	</word>	<word>
		<sanskrit>tān</sanskrit>
		<indonesian>mereka</indonesian>
	</word>	<word>
		<sanskrit>tathā</sanskrit>
		<indonesian>seperti itu</indonesian>
	</word>	<word>
		<sanskrit>evā</sanskrit>
		<indonesian>pasti</indonesian>
	</word>	<word>
		<sanskrit>bhajāmi</sanskrit>
		<indonesian>Aku menganugerahi</indonesian>
	</word>	<word>
		<sanskrit>aham</sanskrit>
		<indonesian>Aku</indonesian>
	</word>	<word>
		<sanskrit>mama</sanskrit>
		<indonesian>milik-Ku</indonesian>
	</word>	<word>
		<sanskrit>vartma</sanskrit>
		<indonesian>jalan</indonesian>
	</word>	<word>
		<sanskrit>anuvartante</sanskrit>
		<indonesian>mengikuti</indonesian>
	</word>	<word>
		<sanskrit>manuṣyāḥ</sanskrit>
		<indonesian>semua orang</indonesian>
	</word>	<word>
		<sanskrit>pārtha</sanskrit>
		<indonesian>wahai putera</indonesian>
	</word>	<word>
		<sanskrit>Pṛthā</sanskrit>
		<indonesian></indonesian>
	</word>	<word>
		<sanskrit>sarvāsaḥ</sanskrit>
		<indonesian>dalam segala hal.</indonesian>
	</word>	<word>
		<sanskrit>kāńkṣantaḥ</sanskrit>
		<indonesian>menginginkannya</indonesian>
	</word>	<word>
		<sanskrit>karmaṇām</sanskrit>
		<indonesian>mengenai kegiatan yang membuahkan pahala</indonesian>
	</word>	<word>
		<sanskrit>siddhim</sanskrit>
		<indonesian>kesempurnaan</indonesian>
	</word>	<word>
		<sanskrit>yajante</sanskrit>
		<indonesian>mereka menyembah dengan korban-korban suci</indonesian>
	</word>	<word>
		<sanskrit>iha</sanskrit>
		<indonesian>di dunia material</indonesian>
	</word>	<word>
		<sanskrit>devatāḥ</sanskrit>
		<indonesian>para dewa-dewa</indonesian>
	</word>	<word>
		<sanskrit>kṣipram</sanskrit>
		<indonesian>cepat sekali</indonesian>
	</word>	<word>
		<sanskrit>hi</sanskrit>
		<indonesian>pasti</indonesian>
	</word>	<word>
		<sanskrit>mānuṣe</sanskrit>
		<indonesian>dalam masyarakat manusia</indonesian>
	</word>	<word>
		<sanskrit>loke</sanskrit>
		<indonesian>di dunia ini</indonesian>
	</word>	<word>
		<sanskrit>siddhiḥ</sanskrit>
		<indonesian>berhasil</indonesian>
	</word>	<word>
		<sanskrit>bhavati</sanskrit>
		<indonesian>datang</indonesian>
	</word>	<word>
		<sanskrit>karma-jā</sanskrit>
		<indonesian>dari pekerjaan untuk membuahkan hasil.</indonesian>
	</word>	<word>
		<sanskrit>cātuḥ-varṇyam</sanskrit>
		<indonesian>empat bagian masyarakat manusia</indonesian>
	</word>	<word>
		<sanskrit>mayā</sanskrit>
		<indonesian>oleh-Ku</indonesian>
	</word>	<word>
		<sanskrit>sṛṣṭam</sanskrit>
		<indonesian>diciptakan</indonesian>
	</word>	<word>
		<sanskrit>guṇa</sanskrit>
		<indonesian>dari sifat</indonesian>
	</word>	<word>
		<sanskrit>karma</sanskrit>
		<indonesian>dan pekerjaan</indonesian>
	</word>	<word>
		<sanskrit>vibhāgaśaḥ</sanskrit>
		<indonesian>menurut pembagian</indonesian>
	</word>	<word>
		<sanskrit>tasya</sanskrit>
		<indonesian>dari itu</indonesian>
	</word>	<word>
		<sanskrit>kartāram</sanskrit>
		<indonesian>ayah</indonesian>
	</word>	<word>
		<sanskrit>api</sanskrit>
		<indonesian>walaupun</indonesian>
	</word>	<word>
		<sanskrit>mām</sanskrit>
		<indonesian>Aku</indonesian>
	</word>	<word>
		<sanskrit>viddhi</sanskrit>
		<indonesian>engkau dapat mengetahui</indonesian>
	</word>	<word>
		<sanskrit>akartāram</sanskrit>
		<indonesian>sebagai yang tidak melakukan</indonesian>
	</word>	<word>
		<sanskrit>avyayām</sanskrit>
		<indonesian>tidak dapat diubah.</indonesian>
	</word>	<word>
		<sanskrit>na</sanskrit>
		<indonesian>tidak pernah</indonesian>
	</word>	<word>
		<sanskrit>mām</sanskrit>
		<indonesian>Aku</indonesian>
	</word>	<word>
		<sanskrit>karmaṇi</sanskrit>
		<indonesian>segala jenis pekerjaan</indonesian>
	</word>	<word>
		<sanskrit>limpanti</sanskrit>
		<indonesian>mempengaruhi</indonesian>
	</word>	<word>
		<sanskrit>na</sanskrit>
		<indonesian>tidak juga</indonesian>
	</word>	<word>
		<sanskrit>me</sanskrit>
		<indonesian>milik-Ku</indonesian>
	</word>	<word>
		<sanskrit>karma-phale</sanskrit>
		<indonesian>dalam perbuatan yang membuahkan hasil</indonesian>
	</word>	<word>
		<sanskrit>spṛhā</sanskrit>
		<indonesian>cita-cita</indonesian>
	</word>	<word>
		<sanskrit>iti</sanskrit>
		<indonesian>demikian</indonesian>
	</word>	<word>
		<sanskrit>mām</sanskrit>
		<indonesian>Aku</indonesian>
	</word>	<word>
		<sanskrit>yaḥ</sanskrit>
		<indonesian>orang yang</indonesian>
	</word>	<word>
		<sanskrit>abhijānāti</sanskrit>
		<indonesian>mengetahui</indonesian>
	</word>	<word>
		<sanskrit>karmabhiḥ</sanskrit>
		<indonesian>oleh reaksi dari pekerjaan seperti itu</indonesian>
	</word>	<word>
		<sanskrit>na</sanskrit>
		<indonesian>tidak pernah</indonesian>
	</word>	<word>
		<sanskrit>saḥ</sanskrit>
		<indonesian>dia</indonesian>
	</word>	<word>
		<sanskrit>badhyate</sanskrit>
		<indonesian>menjadi terikat.</indonesian>
	</word>	<word>
		<sanskrit>evam</sanskrit>
		<indonesian>demikian</indonesian>
	</word>	<word>
		<sanskrit>jñātvā</sanskrit>
		<indonesian>mengetahui dengan baik</indonesian>
	</word>	<word>
		<sanskrit>kṛtam</sanskrit>
		<indonesian>sudah dilakukan</indonesian>
	</word>	<word>
		<sanskrit>karma</sanskrit>
		<indonesian>pekerjaan</indonesian>
	</word>	<word>
		<sanskrit>pūrvaiḥ</sanskrit>
		<indonesian>oleh para penguasa pada masa lampau</indonesian>
	</word>	<word>
		<sanskrit>api</sanskrit>
		<indonesian>memang</indonesian>
	</word>	<word>
		<sanskrit>mumukṣubhiḥ</sanskrit>
		<indonesian>yang mencapai pembebasan</indonesian>
	</word>	<word>
		<sanskrit>kuru</sanskrit>
		<indonesian>lakukanlah</indonesian>
	</word>	<word>
		<sanskrit>karma</sanskrit>
		<indonesian>tugas kewajiban yang telah ditetapkan</indonesian>
	</word>	<word>
		<sanskrit>evā</sanskrit>
		<indonesian>pasti</indonesian>
	</word>	<word>
		<sanskrit>tasmāt</sanskrit>
		<indonesian>karena itu</indonesian>
	</word>	<word>
		<sanskrit>tvām</sanskrit>
		<indonesian>engkau</indonesian>
	</word>	<word>
		<sanskrit>pūrvaiḥ</sanskrit>
		<indonesian>oleh mereka yang telah mendahului kita</indonesian>
	</word>	<word>
		<sanskrit>pūrva-taram</sanskrit>
		<indonesian>pada jaman purbakala</indonesian>
	</word>	<word>
		<sanskrit>kṛtam</sanskrit>
		<indonesian>sebagaimana dilakukan.</indonesian>
	</word>	<word>
		<sanskrit>kim</sanskrit>
		<indonesian>apa</indonesian>
	</word>	<word>
		<sanskrit>karma</sanskrit>
		<indonesian>perbuatan</indonesian>
	</word>	<word>
		<sanskrit>kim</sanskrit>
		<indonesian>apa</indonesian>
	</word>	<word>
		<sanskrit>akarma</sanskrit>
		<indonesian>tidak melakukan perbuatan</indonesian>
	</word>	<word>
		<sanskrit>iti</sanskrit>
		<indonesian>demikian</indonesian>
	</word>	<word>
		<sanskrit>kavayaḥ</sanskrit>
		<indonesian>orang cerdas</indonesian>
	</word>	<word>
		<sanskrit>api</sanskrit>
		<indonesian>juga</indonesian>
	</word>	<word>
		<sanskrit>atra</sanskrit>
		<indonesian>dalam hal ini</indonesian>
	</word>	<word>
		<sanskrit>mohitāḥ</sanskrit>
		<indonesian>bingung</indonesian>
	</word>	<word>
		<sanskrit>tat</sanskrit>
		<indonesian>itu</indonesian>
	</word>	<word>
		<sanskrit>te</sanskrit>
		<indonesian>kepadamu</indonesian>
	</word>	<word>
		<sanskrit>karma</sanskrit>
		<indonesian>pekerjaan</indonesian>
	</word>	<word>
		<sanskrit>pravakṣyāmi</sanskrit>
		<indonesian>Aku akan menjelaskan</indonesian>
	</word>	<word>
		<sanskrit>yat</sanskrit>
		<indonesian>yang</indonesian>
	</word>	<word>
		<sanskrit>jñātvā</sanskrit>
		<indonesian>mengetahui</indonesian>
	</word>	<word>
		<sanskrit>mokṣyase</sanskrit>
		<indonesian>engkau akan mencapai pembebasan</indonesian>
	</word>	<word>
		<sanskrit>aśubhāt</sanskrit>
		<indonesian>dari segala nasib yang malang.</indonesian>
	</word>	<word>
		<sanskrit>karmaṇaḥ</sanskrit>
		<indonesian>mengenai pekerjaan</indonesian>
	</word>	<word>
		<sanskrit>hi</sanskrit>
		<indonesian>pasti</indonesian>
	</word>	<word>
		<sanskrit>api</sanskrit>
		<indonesian>juga</indonesian>
	</word>	<word>
		<sanskrit>boddhavyam</sanskrit>
		<indonesian>harus dimengerti</indonesian>
	</word>	<word>
		<sanskrit>boddhavyam</sanskrit>
		<indonesian>harus dimengerti</indonesian>
	</word>	<word>
		<sanskrit>ca</sanskrit>
		<indonesian>juga</indonesian>
	</word>	<word>
		<sanskrit>vikarmaṇaḥ</sanskrit>
		<indonesian>mengenai pekerjaan yang terlarang</indonesian>
	</word>	<word>
		<sanskrit>akarmaṇaḥ</sanskrit>
		<indonesian>mengenai tidak melakukan perbuatan</indonesian>
	</word>	<word>
		<sanskrit>ca</sanskrit>
		<indonesian>juga</indonesian>
	</word>	<word>
		<sanskrit>boddhavyam</sanskrit>
		<indonesian>harus dimengerti</indonesian>
	</word>	<word>
		<sanskrit>gahanā</sanskrit>
		<indonesian>sulit sekali</indonesian>
	</word>	<word>
		<sanskrit>karmaṇaḥ</sanskrit>
		<indonesian>dari pekerjaan</indonesian>
	</word>	<word>
		<sanskrit>gatiḥ</sanskrit>
		<indonesian>masuk.</indonesian>
	</word>	<word>
		<sanskrit>karmaṇi</sanskrit>
		<indonesian>dalam perbuatan</indonesian>
	</word>	<word>
		<sanskrit>akarma</sanskrit>
		<indonesian>tidak melakukan perbuatan</indonesian>
	</word>	<word>
		<sanskrit>yaḥ</sanskrit>
		<indonesian>orang yang</indonesian>
	</word>	<word>
		<sanskrit>paśyet</sanskrit>
		<indonesian>melihat</indonesian>
	</word>	<word>
		<sanskrit>akarmaṇi</sanskrit>
		<indonesian>dalam tidak melakukan perbuatan</indonesian>
	</word>	<word>
		<sanskrit>ca</sanskrit>
		<indonesian>juga</indonesian>
	</word>	<word>
		<sanskrit>karma</sanskrit>
		<indonesian>perbuatan yang membuahkan hasil</indonesian>
	</word>	<word>
		<sanskrit>yaḥ</sanskrit>
		<indonesian>orang yang</indonesian>
	</word>	<word>
		<sanskrit>saḥ</sanskrit>
		<indonesian>dia</indonesian>
	</word>	<word>
		<sanskrit>buddhi-mān</sanskrit>
		<indonesian>cerdas</indonesian>
	</word>	<word>
		<sanskrit>manuṣyeṣu</sanskrit>
		<indonesian>dalam masyarakat manusia</indonesian>
	</word>	<word>
		<sanskrit>saḥ</sanskrit>
		<indonesian>dia</indonesian>
	</word>	<word>
		<sanskrit>yuktaḥ</sanskrit>
		<indonesian>berada dalam kedudukan rohani</indonesian>
	</word>	<word>
		<sanskrit>kṛtsna-karma-kṛt</sanskrit>
		<indonesian>walaupun sibuk dalam segala kegiatan.</indonesian>
	</word>	<word>
		<sanskrit>yasya</sanskrit>
		<indonesian>orang yang</indonesian>
	</word>	<word>
		<sanskrit>sarve</sanskrit>
		<indonesian>segala jenis</indonesian>
	</word>	<word>
		<sanskrit>samārambhāḥ</sanskrit>
		<indonesian>usaha-usaha</indonesian>
	</word>	<word>
		<sanskrit>kāma</sanskrit>
		<indonesian>berdasarkan keinginan untuk kepuasan indera-indera</indonesian>
	</word>	<word>
		<sanskrit>sańkalpa</sanskrit>
		<indonesian>ketabahan hati</indonesian>
	</word>	<word>
		<sanskrit>varjitāḥ</sanskrit>
		<indonesian>kekurangan</indonesian>
	</word>	<word>
		<sanskrit>jñāna</sanskrit>
		<indonesian>pengetahuan yang sempurna</indonesian>
	</word>	<word>
		<sanskrit>agni</sanskrit>
		<indonesian>oleh api</indonesian>
	</word>	<word>
		<sanskrit>dagdha</sanskrit>
		<indonesian>dibakar</indonesian>
	</word>	<word>
		<sanskrit>karmaṇām</sanskrit>
		<indonesian>orang yang pekerjaannya</indonesian>
	</word>	<word>
		<sanskrit>tam</sanskrit>
		<indonesian>dia</indonesian>
	</word>	<word>
		<sanskrit>āhuḥ</sanskrit>
		<indonesian>menyatakan</indonesian>
	</word>	<word>
		<sanskrit>paṇḍitam</sanskrit>
		<indonesian>bijaksana</indonesian>
	</word>	<word>
		<sanskrit>budhāḥ</sanskrit>
		<indonesian>orang yang mengenal.</indonesian>
	</word>	<word>
		<sanskrit>tyaktvā</sanskrit>
		<indonesian>setelah meninggalkan</indonesian>
	</word>	<word>
		<sanskrit>karma-phala-āsańgam</sanskrit>
		<indonesian>ikatan terhadap hasil atau pahala</indonesian>
	</word>	<word>
		<sanskrit>nitya</sanskrit>
		<indonesian>selalu</indonesian>
	</word>	<word>
		<sanskrit>tṛptaḥ</sanskrit>
		<indonesian>merasa puas</indonesian>
	</word>	<word>
		<sanskrit>nirāśrayaḥ</sanskrit>
		<indonesian>tanpa perlindungan apapun</indonesian>
	</word>	<word>
		<sanskrit>karmaṇi</sanskrit>
		<indonesian>dalam kegiatan</indonesian>
	</word>	<word>
		<sanskrit>abhipravṛttaḥ</sanskrit>
		<indonesian>dengan menjadi sibuk sepenuhnya</indonesian>
	</word>	<word>
		<sanskrit>api</sanskrit>
		<indonesian>walaupun</indonesian>
	</word>	<word>
		<sanskrit>na</sanskrit>
		<indonesian>tidak</indonesian>
	</word>	<word>
		<sanskrit>evā</sanskrit>
		<indonesian>pasti</indonesian>
	</word>	<word>
		<sanskrit>kiñcit</sanskrit>
		<indonesian>sesuatupun</indonesian>
	</word>	<word>
		<sanskrit>karoti</sanskrit>
		<indonesian>melakukan</indonesian>
	</word>	<word>
		<sanskrit>saḥ</sanskrit>
		<indonesian>dia.</indonesian>
	</word>	<word>
		<sanskrit>nirāśīḥ</sanskrit>
		<indonesian>tanpa keinginan untuk mendapatkan hasil</indonesian>
	</word>	<word>
		<sanskrit>yata</sanskrit>
		<indonesian>dikendalikan</indonesian>
	</word>	<word>
		<sanskrit>citta-ātmā</sanskrit>
		<indonesian>pikiran dan kecerdasan</indonesian>
	</word>	<word>
		<sanskrit>tyakta</sanskrit>
		<indonesian>meninggalkan</indonesian>
	</word>	<word>
		<sanskrit>sarva</sanskrit>
		<indonesian>semuanya</indonesian>
	</word>	<word>
		<sanskrit>parigrahaḥ</sanskrit>
		<indonesian>rasa memiliki harta benda</indonesian>
	</word>	<word>
		<sanskrit>śārīram</sanskrit>
		<indonesian>dalam memelihara jiwa dan raga</indonesian>
	</word>	<word>
		<sanskrit>kevalam</sanskrit>
		<indonesian>hanya</indonesian>
	</word>	<word>
		<sanskrit>karma</sanskrit>
		<indonesian>pekerjaan</indonesian>
	</word>	<word>
		<sanskrit>kurvan</sanskrit>
		<indonesian>melaksanakan</indonesian>
	</word>	<word>
		<sanskrit>na</sanskrit>
		<indonesian>tidak pernah</indonesian>
	</word>	<word>
		<sanskrit>āpnoti</sanskrit>
		<indonesian>memperoleh</indonesian>
	</word>	<word>
		<sanskrit>kilbisam</sanskrit>
		<indonesian>reaksi-reaksi dosa.</indonesian>
	</word>	<word>
		<sanskrit>yadṛcchā</sanskrit>
		<indonesian>dengan sendirinya</indonesian>
	</word>	<word>
		<sanskrit>lābha</sanskrit>
		<indonesian>dengan keuntungan</indonesian>
	</word>	<word>
		<sanskrit>santuṣṭaḥ</sanskrit>
		<indonesian>puas</indonesian>
	</word>	<word>
		<sanskrit>dvandva</sanskrit>
		<indonesian>hal-hal yang relatif</indonesian>
	</word>	<word>
		<sanskrit>atītaḥ</sanskrit>
		<indonesian>dilampaui</indonesian>
	</word>	<word>
		<sanskrit>vimatsaraḥ</sanskrit>
		<indonesian>bebas dari rasa iri</indonesian>
	</word>	<word>
		<sanskrit>samaḥ</sanskrit>
		<indonesian>mantap</indonesian>
	</word>	<word>
		<sanskrit>siddhau</sanskrit>
		<indonesian>dalam sukses</indonesian>
	</word>	<word>
		<sanskrit>asiddhau</sanskrit>
		<indonesian>kegagalan</indonesian>
	</word>	<word>
		<sanskrit>ca</sanskrit>
		<indonesian>juga</indonesian>
	</word>	<word>
		<sanskrit>kṛtvā</sanskrit>
		<indonesian>melakukan</indonesian>
	</word>	<word>
		<sanskrit>api</sanskrit>
		<indonesian>walaupun</indonesian>
	</word>	<word>
		<sanskrit>na</sanskrit>
		<indonesian>tidak pernah</indonesian>
	</word>	<word>
		<sanskrit>nibadhyate</sanskrit>
		<indonesian>dipengaruhi.</indonesian>
	</word>	<word>
		<sanskrit>gata-sańgasya</sanskrit>
		<indonesian>mengenai orang yang tidak terikat pada sifat-sifat alam material</indonesian>
	</word>	<word>
		<sanskrit>muktasya</sanskrit>
		<indonesian>mengenai orang yang mencapai pembebasan</indonesian>
	</word>	<word>
		<sanskrit>jñāna-avasthita</sanskrit>
		<indonesian>mantap dalam kerohanian</indonesian>
	</word>	<word>
		<sanskrit>cetasāh</sanskrit>
		<indonesian>orang yang kebijaksanaannya</indonesian>
	</word>	<word>
		<sanskrit>yajñāya</sanskrit>
		<indonesian>demi</indonesian>
	</word>	<word>
		<sanskrit>yajñā</sanskrit>
		<indonesian>(Krishna)</indonesian>
	</word>	<word>
		<sanskrit>ācarataḥ</sanskrit>
		<indonesian>bertindak</indonesian>
	</word>	<word>
		<sanskrit>karma</sanskrit>
		<indonesian>pekerjaan</indonesian>
	</word>	<word>
		<sanskrit>samagram</sanskrit>
		<indonesian>secara keseluruhan</indonesian>
	</word>	<word>
		<sanskrit>praviliyate</sanskrit>
		<indonesian>menunggal sepenuhnya.</indonesian>
	</word>	<word>
		<sanskrit>brahma</sanskrit>
		<indonesian>bersifat rohani</indonesian>
	</word>	<word>
		<sanskrit>arpaṇam</sanskrit>
		<indonesian>sumbangan</indonesian>
	</word>	<word>
		<sanskrit>brahma</sanskrit>
		<indonesian>Yang Mahakuasa</indonesian>
	</word>	<word>
		<sanskrit>haviḥ</sanskrit>
		<indonesian>mentega</indonesian>
	</word>	<word>
		<sanskrit>brahma</sanskrit>
		<indonesian>rohani</indonesian>
	</word>	<word>
		<sanskrit>agnau</sanskrit>
		<indonesian>di dalam api penyempurnaan</indonesian>
	</word>	<word>
		<sanskrit>brahmaṇā</sanskrit>
		<indonesian>oleh sang roh</indonesian>
	</word>	<word>
		<sanskrit>hutam</sanskrit>
		<indonesian>dipersembahkan</indonesian>
	</word>	<word>
		<sanskrit>brahma</sanskrit>
		<indonesian>kerajaan  rohani</indonesian>
	</word>	<word>
		<sanskrit>evā</sanskrit>
		<indonesian>pasti</indonesian>
	</word>	<word>
		<sanskrit>tena</sanskrit>
		<indonesian>oleh dia</indonesian>
	</word>	<word>
		<sanskrit>gantavyam</sanskrit>
		<indonesian>untuk dicapai</indonesian>
	</word>	<word>
		<sanskrit>brahma</sanskrit>
		<indonesian>rohani</indonesian>
	</word>	<word>
		<sanskrit>karma</sanskrit>
		<indonesian>dalam kegiatan</indonesian>
	</word>	<word>
		<sanskrit>samādhinā</sanskrit>
		<indonesian>dengan menjadi tekun sepenuhnya.</indonesian>
	</word>	<word>
		<sanskrit>daivam</sanskrit>
		<indonesian>dalam menyembah para dewa</indonesian>
	</word>	<word>
		<sanskrit>evā</sanskrit>
		<indonesian>seperti ini</indonesian>
	</word>	<word>
		<sanskrit>apare</sanskrit>
		<indonesian>beberapa yang lain</indonesian>
	</word>	<word>
		<sanskrit>yajñām</sanskrit>
		<indonesian>korban-korban suci</indonesian>
	</word>	<word>
		<sanskrit>yoginaḥ</sanskrit>
		<indonesian>para ahli kebatinan</indonesian>
	</word>	<word>
		<sanskrit>paryupāsate</sanskrit>
		<indonesian>menyembah secara sempurna</indonesian>
	</word>	<word>
		<sanskrit>brahma</sanskrit>
		<indonesian>mengenai Kebenaran Mutlak</indonesian>
	</word>	<word>
		<sanskrit>agnau</sanskrit>
		<indonesian>di dalam api</indonesian>
	</word>	<word>
		<sanskrit>apare</sanskrit>
		<indonesian>orang lain</indonesian>
	</word>	<word>
		<sanskrit>yajñām</sanskrit>
		<indonesian>korban suci</indonesian>
	</word>	<word>
		<sanskrit>yajñena</sanskrit>
		<indonesian>oleh korban suci</indonesian>
	</word>	<word>
		<sanskrit>evā</sanskrit>
		<indonesian>demikian</indonesian>
	</word>	<word>
		<sanskrit>upajuhvati</sanskrit>
		<indonesian>mempersembahkan.</indonesian>
	</word>	<word>
		<sanskrit>yajñā</sanskrit>
		<indonesian>.  Segala jenis korban suci terdiri dari dua golongan utama yaitu;  mengorbankan harta benda material dan korban suci dalam usaha mencari  pengetahuan rohani. Orang yang sadar akan Krishna mengorbankan segala  harta benda material untuk memuaskan Tuhan Yang Maha Esa, sedangkan  orang lain, yang ingin mendapatkan kesenangan material yang bersifat  sementara mengorbankan harta bendanya untuk memuaskan para dewa,  misalnya Indra, dewa matahari, dan sebagainya. Orang lain, yang tidak  mengakui bentuk pribadi Tuhan, mengorbankan identitasnya dengan cara  menunggal ke dalam keberadaan Brahman yang tidak bersifat pribadi. Para  dewa adalah makhluk-makhluk hidup perkasa yang dikuasakan oleh Tuhan  Yang Maha Esa untuk memelihara dan mengawasi segala fungsi material  seperti memanaskan, menyirami dan menerangi alam semesta. Orang yang  tertarik untuk mendapat keuntungan material menyembah para dewa dengan  berbagai korban suci menurut ritual-ritual Veda. Mereka disebut  bahv-Isvara</indonesian>
	</word>	<word>
		<sanskrit>śrotra-ādīni</sanskrit>
		<indonesian>seperti proses mendengar</indonesian>
	</word>	<word>
		<sanskrit>indriyāṇi</sanskrit>
		<indonesian>indera-indera</indonesian>
	</word>	<word>
		<sanskrit>anye</sanskrit>
		<indonesian>orang lain</indonesian>
	</word>	<word>
		<sanskrit>saḿyama</sanskrit>
		<indonesian>mengekang</indonesian>
	</word>	<word>
		<sanskrit>agniṣu</sanskrit>
		<indonesian>di dalam api-api</indonesian>
	</word>	<word>
		<sanskrit>juhvati</sanskrit>
		<indonesian>mempersembahkan</indonesian>
	</word>	<word>
		<sanskrit>śabda-ādīn</sanskrit>
		<indonesian>getaran suara dan sebagainya</indonesian>
	</word>	<word>
		<sanskrit>viṣayān</sanskrit>
		<indonesian>obyek-obyek kepuasan indera-indera</indonesian>
	</word>	<word>
		<sanskrit>anye</sanskrit>
		<indonesian>orang lain</indonesian>
	</word>	<word>
		<sanskrit>indriya</sanskrit>
		<indonesian>indera-indera</indonesian>
	</word>	<word>
		<sanskrit>agniṣu</sanskrit>
		<indonesian>di dalam api-api</indonesian>
	</word>	<word>
		<sanskrit>juhvati</sanskrit>
		<indonesian>mereka mengorbankan.</indonesian>
	</word>	<word>
		<sanskrit>sarvāni</sanskrit>
		<indonesian>dari semua</indonesian>
	</word>	<word>
		<sanskrit>indriya</sanskrit>
		<indonesian>indera-indera</indonesian>
	</word>	<word>
		<sanskrit>karmaṇi</sanskrit>
		<indonesian>fungsi-fungsi</indonesian>
	</word>	<word>
		<sanskrit>prāṇa-karmaṇi</sanskrit>
		<indonesian>fungsi-fungsi nafas hidup</indonesian>
	</word>	<word>
		<sanskrit>ca</sanskrit>
		<indonesian>juga</indonesian>
	</word>	<word>
		<sanskrit>apare</sanskrit>
		<indonesian>orang lain</indonesian>
	</word>	<word>
		<sanskrit>ātma-saḿyama</sanskrit>
		<indonesian>mengenai pengendalian pikiran</indonesian>
	</word>	<word>
		<sanskrit>yoga</sanskrit>
		<indonesian>proses penyambungan</indonesian>
	</word>	<word>
		<sanskrit>agnau</sanskrit>
		<indonesian>di dalam api</indonesian>
	</word>	<word>
		<sanskrit>juhvati</sanskrit>
		<indonesian>mempersembahkan</indonesian>
	</word>	<word>
		<sanskrit>jñāna-dīpite</sanskrit>
		<indonesian>karena keinginan untuk keinsafan diri.</indonesian>
	</word>	<word>
		<sanskrit>dravya-yajñāḥ</sanskrit>
		<indonesian>mengorbankan harta benda</indonesian>
	</word>	<word>
		<sanskrit>tapaḥ-yajñāḥ</sanskrit>
		<indonesian>korban suci dalam pertapaan</indonesian>
	</word>	<word>
		<sanskrit>yoga-yajñāḥ</sanskrit>
		<indonesian>korban suci dalam kebatinan terdiri dari delapan bagian</indonesian>
	</word>	<word>
		<sanskrit>tathā</sanskrit>
		<indonesian>demikian</indonesian>
	</word>	<word>
		<sanskrit>apare</sanskrit>
		<indonesian>orang lain</indonesian>
	</word>	<word>
		<sanskrit>svādhyāya</sanskrit>
		<indonesian>korban suci dalam mempelajari Veda</indonesian>
	</word>	<word>
		<sanskrit>jñāna-yajñāḥ</sanskrit>
		<indonesian>korban suci dalam memajukan pengetahuan rohani</indonesian>
	</word>	<word>
		<sanskrit>ca</sanskrit>
		<indonesian>juga</indonesian>
	</word>	<word>
		<sanskrit>yatayaḥ</sanskrit>
		<indonesian>orang yang dibebaskan dari kebodohan</indonesian>
	</word>	<word>
		<sanskrit>saḿśita-vratāḥ</sanskrit>
		<indonesian>mengikuti sumpahsumpah dengan tegas.</indonesian>
	</word>	<word>
		<sanskrit>apāne</sanskrit>
		<indonesian>di dalam udara yang bergerak ke bawah</indonesian>
	</word>	<word>
		<sanskrit>juhvati</sanskrit>
		<indonesian>mempersembahkan</indonesian>
	</word>	<word>
		<sanskrit>prāṇam</sanskrit>
		<indonesian>udara yang bergerak ke luar</indonesian>
	</word>	<word>
		<sanskrit>prāṇe</sanskrit>
		<indonesian>di dalam udara yang bergerak ke luar</indonesian>
	</word>	<word>
		<sanskrit>apānam</sanskrit>
		<indonesian>udara yang bergerak ke bawah</indonesian>
	</word>	<word>
		<sanskrit>tathā</sanskrit>
		<indonesian>seperti itu juga</indonesian>
	</word>	<word>
		<sanskrit>apare</sanskrit>
		<indonesian>lain-lain</indonesian>
	</word>	<word>
		<sanskrit>prāṇa</sanskrit>
		<indonesian>mengenai udara yang bergerak ke luar</indonesian>
	</word>	<word>
		<sanskrit>apāna</sanskrit>
		<indonesian>dan udara yang bergerak ke bawah</indonesian>
	</word>	<word>
		<sanskrit>gatī</sanskrit>
		<indonesian>gerak</indonesian>
	</word>	<word>
		<sanskrit>ruddhvā</sanskrit>
		<indonesian>menghentikan</indonesian>
	</word>	<word>
		<sanskrit>prāṇa-āyāma</sanskrit>
		<indonesian>semadi yang diprakarsai dengan cara menghentikan segala nafas</indonesian>
	</word>	<word>
		<sanskrit>parāyaṇāḥ</sanskrit>
		<indonesian>berminat seperti itu</indonesian>
	</word>	<word>
		<sanskrit>apare</sanskrit>
		<indonesian>orang lain</indonesian>
	</word>	<word>
		<sanskrit>niyata</sanskrit>
		<indonesian>setelah mengendalikan</indonesian>
	</word>	<word>
		<sanskrit>āhārāḥ</sanskrit>
		<indonesian>makan</indonesian>
	</word>	<word>
		<sanskrit>prāṇān</sanskrit>
		<indonesian>udara yang keluar</indonesian>
	</word>	<word>
		<sanskrit>prāṇeṣu</sanskrit>
		<indonesian>di dalam udara yang keluar</indonesian>
	</word>	<word>
		<sanskrit>juhvati</sanskrit>
		<indonesian>korban suci.</indonesian>
	</word>	<word>
		<sanskrit>sarve</sanskrit>
		<indonesian>semuanya</indonesian>
	</word>	<word>
		<sanskrit>api</sanskrit>
		<indonesian>walaupun kelihatan lain</indonesian>
	</word>	<word>
		<sanskrit>ete</sanskrit>
		<indonesian>ini</indonesian>
	</word>	<word>
		<sanskrit>yajña-vidaḥ</sanskrit>
		<indonesian>menguasai tujuan untuk melaksanakan korban-korban suci</indonesian>
	</word>	<word>
		<sanskrit>yajña-kṣapita</sanskrit>
		<indonesian>dengan disucikan sebagai hasil pelaksanaan kegiatan seperti itu</indonesian>
	</word>	<word>
		<sanskrit>kalmaṣāh</sanskrit>
		<indonesian>dari reaksi-reaksi dosa</indonesian>
	</word>	<word>
		<sanskrit>yajña-śiṣṭa</sanskrit>
		<indonesian>dari hasil pelaksanaan</indonesian>
	</word>	<word>
		<sanskrit>yajñā</sanskrit>
		<indonesian>seperti itu</indonesian>
	</word>	<word>
		<sanskrit>amṛta-bhujaḥ</sanskrit>
		<indonesian>orang yang sudah merasakan manis yang kekal seperti itu</indonesian>
	</word>	<word>
		<sanskrit>yānti</sanskrit>
		<indonesian>mendekati</indonesian>
	</word>	<word>
		<sanskrit>brahma</sanskrit>
		<indonesian>Yang Mahakuasa</indonesian>
	</word>	<word>
		<sanskrit>sanātanam</sanskrit>
		<indonesian>alam yang kekal.</indonesian>
	</word>	<word>
		<sanskrit>na</sanskrit>
		<indonesian>tidak pernah</indonesian>
	</word>	<word>
		<sanskrit>ayam</sanskrit>
		<indonesian>ini</indonesian>
	</word>	<word>
		<sanskrit>lokaḥ</sanskrit>
		<indonesian>planet</indonesian>
	</word>	<word>
		<sanskrit>asti</sanskrit>
		<indonesian>ada</indonesian>
	</word>	<word>
		<sanskrit>ayajñasya</sanskrit>
		<indonesian>bagi orang yang tidak melakukan korban suci</indonesian>
	</word>	<word>
		<sanskrit>kutaḥ</sanskrit>
		<indonesian>dimanakah</indonesian>
	</word>	<word>
		<sanskrit>anyaḥ</sanskrit>
		<indonesian>yang lain</indonesian>
	</word>	<word>
		<sanskrit>kuru-sat-tama</sanskrit>
		<indonesian>wahai yang paling baik di antara para Kuru.</indonesian>
	</word>	<word>
		<sanskrit>evam</sanskrit>
		<indonesian>demikian</indonesian>
	</word>	<word>
		<sanskrit>bahu-vidhāḥ</sanskrit>
		<indonesian>berbagai jenis</indonesian>
	</word>	<word>
		<sanskrit>yajñaḥ</sanskrit>
		<indonesian>korban suci</indonesian>
	</word>	<word>
		<sanskrit>vitatāḥ</sanskrit>
		<indonesian>tersebar</indonesian>
	</word>	<word>
		<sanskrit>brahmaṇaḥ</sanskrit>
		<indonesian>dari Veda</indonesian>
	</word>	<word>
		<sanskrit>mukhe</sanskrit>
		<indonesian>melalui mulut</indonesian>
	</word>	<word>
		<sanskrit>karma-jān</sanskrit>
		<indonesian>dilahirkan dari pekerjaan</indonesian>
	</word>	<word>
		<sanskrit>viddhi</sanskrit>
		<indonesian>engkau harus mengetahui</indonesian>
	</word>	<word>
		<sanskrit>tān</sanskrit>
		<indonesian>mereka</indonesian>
	</word>	<word>
		<sanskrit>sarvān</sanskrit>
		<indonesian>semua</indonesian>
	</word>	<word>
		<sanskrit>evam</sanskrit>
		<indonesian>demikian</indonesian>
	</word>	<word>
		<sanskrit>jñātvā</sanskrit>
		<indonesian>dengan mengetahui</indonesian>
	</word>	<word>
		<sanskrit>vimokṣyase</sanskrit>
		<indonesian>engkau akan mencapai pembebasan.</indonesian>
	</word>	<word>
		<sanskrit>śreyān</sanskrit>
		<indonesian>lebih baik</indonesian>
	</word>	<word>
		<sanskrit>dravya-mayāt</sanskrit>
		<indonesian>dari harta benda material</indonesian>
	</word>	<word>
		<sanskrit>yajñāt</sanskrit>
		<indonesian>daripada korban-korban suci</indonesian>
	</word>	<word>
		<sanskrit>jñāna-yajñāḥ</sanskrit>
		<indonesian>korban-korban suci dalam pengetahuan</indonesian>
	</word>	<word>
		<sanskrit>parantapa</sanskrit>
		<indonesian>wahai penakluk musuh</indonesian>
	</word>	<word>
		<sanskrit>sarvam</sanskrit>
		<indonesian>semua</indonesian>
	</word>	<word>
		<sanskrit>karma</sanskrit>
		<indonesian>kegiatan</indonesian>
	</word>	<word>
		<sanskrit>akhilam</sanskrit>
		<indonesian>secara keseluruhan</indonesian>
	</word>	<word>
		<sanskrit>pārtha</sanskrit>
		<indonesian>wahai putera</indonesian>
	</word>	<word>
		<sanskrit>Pṛthā</sanskrit>
		<indonesian></indonesian>
	</word>	<word>
		<sanskrit>jñāne</sanskrit>
		<indonesian>dalam pengetahuan</indonesian>
	</word>	<word>
		<sanskrit>parisamāpyate</sanskrit>
		<indonesian>memuncak.</indonesian>
	</word>	<word>
		<sanskrit>tat</sanskrit>
		<indonesian>pengetahuan itu tentang berbagai korban suci</indonesian>
	</word>	<word>
		<sanskrit>viddhi</sanskrit>
		<indonesian>cobalah untuk mengerti</indonesian>
	</word>	<word>
		<sanskrit>praṇipātena</sanskrit>
		<indonesian>dengan mendekati seorang guru kerohanian</indonesian>
	</word>	<word>
		<sanskrit>paripraśnena</sanskrit>
		<indonesian>dengan bertanya secara tunduk hati</indonesian>
	</word>	<word>
		<sanskrit>sevayā</sanskrit>
		<indonesian>dengan mengabdikan diri</indonesian>
	</word>	<word>
		<sanskrit>upadekṣyanti</sanskrit>
		<indonesian>mereka akan menerima sebagai murid</indonesian>
	</word>	<word>
		<sanskrit>te</sanskrit>
		<indonesian>engkau</indonesian>
	</word>	<word>
		<sanskrit>jñānam</sanskrit>
		<indonesian>ke dalam pengetahuan</indonesian>
	</word>	<word>
		<sanskrit>jñāninaḥ</sanskrit>
		<indonesian>orang yang sudah insaf akan diri</indonesian>
	</word>	<word>
		<sanskrit>tattva</sanskrit>
		<indonesian>mengenai kebenaran</indonesian>
	</word>	<word>
		<sanskrit>darśinaḥ</sanskrit>
		<indonesian>orang yang melihat.</indonesian>
	</word>	<word>
		<sanskrit>yat</sanskrit>
		<indonesian>yang</indonesian>
	</word>	<word>
		<sanskrit>jñātvā</sanskrit>
		<indonesian>mengetahui</indonesian>
	</word>	<word>
		<sanskrit>na</sanskrit>
		<indonesian>tidak pernah</indonesian>
	</word>	<word>
		<sanskrit>punaḥ</sanskrit>
		<indonesian>lagi; moham—kepada khayalan</indonesian>
	</word>	<word>
		<sanskrit>evam</sanskrit>
		<indonesian>seperti ini</indonesian>
	</word>	<word>
		<sanskrit>yāsyasi</sanskrit>
		<indonesian>engkau akan pergi</indonesian>
	</word>	<word>
		<sanskrit>pāṇḍava</sanskrit>
		<indonesian>wahai putera</indonesian>
	</word>	<word>
		<sanskrit>Pāṇḍu</sanskrit>
		<indonesian></indonesian>
	</word>	<word>
		<sanskrit>yena</sanskrit>
		<indonesian>yang memungkinkan</indonesian>
	</word>	<word>
		<sanskrit>bhūtāni</sanskrit>
		<indonesian>para makhluk hidup</indonesian>
	</word>	<word>
		<sanskrit>aśeṣāṇi</sanskrit>
		<indonesian>semua</indonesian>
	</word>	<word>
		<sanskrit>drakṣyasi</sanskrit>
		<indonesian>engkau dapat melihat</indonesian>
	</word>	<word>
		<sanskrit>ātmani</sanskrit>
		<indonesian>dalam Roh Yang Utama</indonesian>
	</word>	<word>
		<sanskrit>atha u</sanskrit>
		<indonesian>dengan kata lain</indonesian>
	</word>	<word>
		<sanskrit>mayi</sanskrit>
		<indonesian>di dalam Diri-Ku.</indonesian>
	</word>	<word>
		<sanskrit>api</sanskrit>
		<indonesian>walaupun</indonesian>
	</word>	<word>
		<sanskrit>cet</sanskrit>
		<indonesian>kalau</indonesian>
	</word>	<word>
		<sanskrit>asi</sanskrit>
		<indonesian>engkau adalah</indonesian>
	</word>	<word>
		<sanskrit>pāpebhyaḥ</sanskrit>
		<indonesian>di antara orang yang berdosa</indonesian>
	</word>	<word>
		<sanskrit>sarvebhyaḥ</sanskrit>
		<indonesian>dari semua</indonesian>
	</word>	<word>
		<sanskrit>pāpa-kṛt-tamaḥ</sanskrit>
		<indonesian>orang yang paling berdosa</indonesian>
	</word>	<word>
		<sanskrit>sarvam</sanskrit>
		<indonesian>segala reaksi dosa seperti itu</indonesian>
	</word>	<word>
		<sanskrit>jñāna-plavena</sanskrit>
		<indonesian>oleh kapal pengetahuan rohani</indonesian>
	</word>	<word>
		<sanskrit>evā</sanskrit>
		<indonesian>pasti</indonesian>
	</word>	<word>
		<sanskrit>vṛjinam</sanskrit>
		<indonesian>lautan kesengsaraan</indonesian>
	</word>	<word>
		<sanskrit>santariṣyasi</sanskrit>
		<indonesian>engkau akan menyeberangi sepenuhnya.</indonesian>
	</word>	<word>
		<sanskrit>yathā</sanskrit>
		<indonesian>sebagaimana halnya</indonesian>
	</word>	<word>
		<sanskrit>edhāḿsi</sanskrit>
		<indonesian>kayu bakar</indonesian>
	</word>	<word>
		<sanskrit>samiddhaḥ</sanskrit>
		<indonesian>berkobar</indonesian>
	</word>	<word>
		<sanskrit>agniḥ</sanskrit>
		<indonesian>api</indonesian>
	</word>	<word>
		<sanskrit>bhasma-sāt</sanskrit>
		<indonesian>abu</indonesian>
	</word>	<word>
		<sanskrit>kurute</sanskrit>
		<indonesian>menjadikan</indonesian>
	</word>	<word>
		<sanskrit>Arjuna</sanskrit>
		<indonesian>wahai</indonesian>
	</word>	<word>
		<sanskrit>Arjuna</sanskrit>
		<indonesian></indonesian>
	</word>	<word>
		<sanskrit>jñāna-agniḥ</sanskrit>
		<indonesian>api pengetahuan</indonesian>
	</word>	<word>
		<sanskrit>sarva-karmaṇi</sanskrit>
		<indonesian>segala reaksi terhadap kegiatan material</indonesian>
	</word>	<word>
		<sanskrit>bhasma-sāt</sanskrit>
		<indonesian>menjadi abu</indonesian>
	</word>	<word>
		<sanskrit>kurute</sanskrit>
		<indonesian>ia menjadikan</indonesian>
	</word>	<word>
		<sanskrit>tathā</sanskrit>
		<indonesian>seperti itu.</indonesian>
	</word>	<word>
		<sanskrit>na</sanskrit>
		<indonesian>tidak sesuatupun</indonesian>
	</word>	<word>
		<sanskrit>hi</sanskrit>
		<indonesian>pasti</indonesian>
	</word>	<word>
		<sanskrit>jñānena</sanskrit>
		<indonesian>dengan pengetahuan</indonesian>
	</word>	<word>
		<sanskrit>sadṛśam</sanskrit>
		<indonesian>di dalam perbandingan</indonesian>
	</word>	<word>
		<sanskrit>pavitram</sanskrit>
		<indonesian>disucikan</indonesian>
	</word>	<word>
		<sanskrit>iha</sanskrit>
		<indonesian>di dunia ini</indonesian>
	</word>	<word>
		<sanskrit>vidyāte</sanskrit>
		<indonesian>berada</indonesian>
	</word>	<word>
		<sanskrit>tat</sanskrit>
		<indonesian>itu</indonesian>
	</word>	<word>
		<sanskrit>svayam</sanskrit>
		<indonesian>Diri-Nya sendiri</indonesian>
	</word>	<word>
		<sanskrit>yoga</sanskrit>
		<indonesian>dalam bhakti</indonesian>
	</word>	<word>
		<sanskrit>saḿsiddhaḥ</sanskrit>
		<indonesian>orang yang sudah matang</indonesian>
	</word>	<word>
		<sanskrit>kālena</sanskrit>
		<indonesian>sesudah beberapa waktu</indonesian>
	</word>	<word>
		<sanskrit>ātmani</sanskrit>
		<indonesian>dalam Diri-Nya</indonesian>
	</word>	<word>
		<sanskrit>vindati</sanskrit>
		<indonesian>menikmati.</indonesian>
	</word>	<word>
		<sanskrit>śraddhā-vān</sanskrit>
		<indonesian>orang yang setia</indonesian>
	</word>	<word>
		<sanskrit>labhate</sanskrit>
		<indonesian>mencapai</indonesian>
	</word>	<word>
		<sanskrit>jñānam</sanskrit>
		<indonesian>pengetahuan</indonesian>
	</word>	<word>
		<sanskrit>tat-paraḥ</sanskrit>
		<indonesian>sangat terikat padanya</indonesian>
	</word>	<word>
		<sanskrit>saḿyata</sanskrit>
		<indonesian>dikendalikan</indonesian>
	</word>	<word>
		<sanskrit>indriyaḥ</sanskrit>
		<indonesian>indera-indera</indonesian>
	</word>	<word>
		<sanskrit>jñānam</sanskrit>
		<indonesian>pengetahuan</indonesian>
	</word>	<word>
		<sanskrit>labdhvā</sanskrit>
		<indonesian>setelah mencapai</indonesian>
	</word>	<word>
		<sanskrit>param</sanskrit>
		<indonesian>rohani</indonesian>
	</word>	<word>
		<sanskrit>śāntim</sanskrit>
		<indonesian>kedamaian</indonesian>
	</word>	<word>
		<sanskrit>acireṇa</sanskrit>
		<indonesian>dalam waktu yang dekat sekali</indonesian>
	</word>	<word>
		<sanskrit>adhigacchati</sanskrit>
		<indonesian>mencapai.</indonesian>
	</word>	<word>
		<sanskrit>ajñaḥ</sanskrit>
		<indonesian>orang bodoh yang tidak memiliki pengetahuan tentang Kitab-kitab Suci yang baku</indonesian>
	</word>	<word>
		<sanskrit>ca</sanskrit>
		<indonesian>dan</indonesian>
	</word>	<word>
		<sanskrit>aśraddadhānaḥ</sanskrit>
		<indonesian>tanpa kepercayaan terhadap Kitab-kitab Suci</indonesian>
	</word>	<word>
		<sanskrit>ca</sanskrit>
		<indonesian>juga</indonesian>
	</word>	<word>
		<sanskrit>saḿśaya</sanskrit>
		<indonesian>mengenai keragu-raguan</indonesian>
	</word>	<word>
		<sanskrit>ātmā</sanskrit>
		<indonesian>seseorang</indonesian>
	</word>	<word>
		<sanskrit>vinaśyāti</sanskrit>
		<indonesian>jatuh kembali</indonesian>
	</word>	<word>
		<sanskrit>na</sanskrit>
		<indonesian>tidak pernah</indonesian>
	</word>	<word>
		<sanskrit>ayam</sanskrit>
		<indonesian>di dalam ini</indonesian>
	</word>	<word>
		<sanskrit>lokaḥ</sanskrit>
		<indonesian>dunia ini</indonesian>
	</word>	<word>
		<sanskrit>asti</sanskrit>
		<indonesian>ada</indonesian>
	</word>	<word>
		<sanskrit>na</sanskrit>
		<indonesian>tidak juga</indonesian>
	</word>	<word>
		<sanskrit>paraḥ</sanskrit>
		<indonesian>dalam penjelmaan berikut</indonesian>
	</word>	<word>
		<sanskrit>na</sanskrit>
		<indonesian>tidak</indonesian>
	</word>	<word>
		<sanskrit>sukham</sanskrit>
		<indonesian>kebahagiaan</indonesian>
	</word>	<word>
		<sanskrit>saḿśaya</sanskrit>
		<indonesian>ragu-ragu</indonesian>
	</word>	<word>
		<sanskrit>ātmanāḥ</sanskrit>
		<indonesian>mengenai orang.</indonesian>
	</word>	<word>
		<sanskrit>yoga</sanskrit>
		<indonesian>oleh bhakti dalam</indonesian>
	</word>	<word>
		<sanskrit>karma-yoga</sanskrit>
		<indonesian></indonesian>
	</word>	<word>
		<sanskrit>sannyasta</sanskrit>
		<indonesian>orang yang sudah melepaskan ikatan</indonesian>
	</word>	<word>
		<sanskrit>karmaṇām</sanskrit>
		<indonesian>hasil perbuatan</indonesian>
	</word>	<word>
		<sanskrit>jñāna</sanskrit>
		<indonesian>oleh pengetahuan</indonesian>
	</word>	<word>
		<sanskrit>sañchinna</sanskrit>
		<indonesian>dipotong</indonesian>
	</word>	<word>
		<sanskrit>saḿśayam</sanskrit>
		<indonesian>keragu-raguan</indonesian>
	</word>	<word>
		<sanskrit>ātma-vān
tam</sanskrit>
		<indonesian>mantap dalam sang diri</indonesian>
	</word>	<word>
		<sanskrit>na</sanskrit>
		<indonesian>tidak pernah</indonesian>
	</word>	<word>
		<sanskrit>karmaṇi</sanskrit>
		<indonesian>pekerjaan</indonesian>
	</word>	<word>
		<sanskrit>nibadhnanti</sanskrit>
		<indonesian>mengikat</indonesian>
	</word>	<word>
		<sanskrit>dhanañjaya</sanskrit>
		<indonesian>wahai perebut kekayaan.</indonesian>
	</word>	<word>
		<sanskrit>Bhagavad-gita</sanskrit>
		<indonesian>, sebagaimana diajarkan oleh Krishna, Kepribadian Tuhan Yang Maha Esa Sendiri, dibebaskan dari segala keragu-raguan. Sebagai bagian dari Krishna yang mempunyai sifat yang sama seperti Krishna, dia sadar akan Krishna sepenuhnya dan sudah mantap dalam pengetahuan tentang sang diri. Karena itu, tidak dapat diragukan lagi bahwa dia berada di atas ikatan terhadap perbuatan.</indonesian>
	</word>	<word>
		<sanskrit>tasmāt</sanskrit>
		<indonesian>karena itu</indonesian>
	</word>	<word>
		<sanskrit>ajñāna-sambhūtam</sanskrit>
		<indonesian>dilahirkan dari kebodohan</indonesian>
	</word>	<word>
		<sanskrit>hṛt-stham</sanskrit>
		<indonesian>terletak di dalam hati</indonesian>
	</word>	<word>
		<sanskrit>jñāna</sanskrit>
		<indonesian>pengetahuan</indonesian>
	</word>	<word>
		<sanskrit>asinā</sanskrit>
		<indonesian>oleh senjata</indonesian>
	</word>	<word>
		<sanskrit>ātmanāḥ</sanskrit>
		<indonesian>dari sang diri</indonesian>
	</word>	<word>
		<sanskrit>chittvā</sanskrit>
		<indonesian>memutuskan</indonesian>
	</word>	<word>
		<sanskrit>enam</sanskrit>
		<indonesian>ini</indonesian>
	</word>	<word>
		<sanskrit>saḿśayam</sanskrit>
		<indonesian>keragu-raguan</indonesian>
	</word>	<word>
		<sanskrit>yogam</sanskrit>
		<indonesian>dalam yoga</indonesian>
	</word>	<word>
		<sanskrit>ātiṣṭha</sanskrit>
		<indonesian>jadilah mantap</indonesian>
	</word>	<word>
		<sanskrit>uttiṣṭha</sanskrit>
		<indonesian>bangunlah untuk bertempur</indonesian>
	</word>	<word>
		<sanskrit>Bhārata</sanskrit>
		<indonesian>wahai putera keluarga</indonesian>
	</word></root>