<?xml version="1.0" encoding="UTF-8"?>
<root>	<word>
		<sanskrit>Dhṛtarāṣṭraḥ uvāca</sanskrit>
		<indonesian>Rājā</indonesian>
	</word>	<word>
		<sanskrit>Dhṛtarāṣṭra</sanskrit>
		<indonesian>berkata</indonesian>
	</word>	<word>
		<sanskrit>dharma-kṣetre</sanskrit>
		<indonesian>di tempat suci</indonesian>
	</word>	<word>
		<sanskrit>kuru-kṣetre</sanskrit>
		<indonesian>di tempat bernama Kuruksetra</indonesian>
	</word>	<word>
		<sanskrit>samavetāḥ</sanskrit>
		<indonesian>sudah berkumpul</indonesian>
	</word>	<word>
		<sanskrit>yuyutsavaḥ</sanskrit>
		<indonesian>dengan keinginan untuk bertempur</indonesian>
	</word>	<word>
		<sanskrit>māmakāḥ</sanskrit>
		<indonesian>pihakku (Putera-putera)</indonesian>
	</word>	<word>
		<sanskrit>pāṇḍavāḥ</sanskrit>
		<indonesian>Putera-putera</indonesian>
	</word>	<word>
		<sanskrit>Pāṇḍu</sanskrit>
		<indonesian></indonesian>
	</word>	<word>
		<sanskrit>ca</sanskrit>
		<indonesian>dan</indonesian>
	</word>	<word>
		<sanskrit>evā</sanskrit>
		<indonesian>pasti</indonesian>
	</word>	<word>
		<sanskrit>kim</sanskrit>
		<indonesian>apa</indonesian>
	</word>	<word>
		<sanskrit>akurvata</sanskrit>
		<indonesian>dilakukan mereka</indonesian>
	</word>	<word>
		<sanskrit>sanjaya</sanskrit>
		<indonesian>wahai Sanjaya.</indonesian>
	</word>	<word>
		<sanskrit>sañjaya</sanskrit>
		<indonesian/>
	</word>	<word>
		<sanskrit>ḥ
uvāca</sanskrit>
		<indonesian>Sañjaya berkata</indonesian>
	</word>	<word>
		<sanskrit>d</sanskrit>
		<indonesian/>
	</word>	<word>
		<sanskrit>ṛṣṭvā</sanskrit>
		<indonesian>sesudah melihat</indonesian>
	</word>	<word>
		<sanskrit>tu</sanskrit>
		<indonesian>tetapi</indonesian>
	</word>	<word>
		<sanskrit>pā</sanskrit>
		<indonesian/>
	</word>	<word>
		<sanskrit>ṇḍava-anīkam</sanskrit>
		<indonesian>tentara tentara para Pandava</indonesian>
	</word>	<word>
		<sanskrit>vyū</sanskrit>
		<indonesian/>
	</word>	<word>
		<sanskrit>ḍham</sanskrit>
		<indonesian>tersusun dalam barisan-barisan tentara</indonesian>
	</word>	<word>
		<sanskrit>duryodhana</sanskrit>
		<indonesian/>
	</word>	<word>
		<sanskrit>ḥ</sanskrit>
		<indonesian>Raja  Duryodhana</indonesian>
	</word>	<word>
		<sanskrit>tadā</sanskrit>
		<indonesian>pada waktu itu</indonesian>
	</word>	<word>
		<sanskrit>ācāryam</sanskrit>
		<indonesian>guru</indonesian>
	</word>	<word>
		<sanskrit>upasańgamya</sanskrit>
		<indonesian>mendekati</indonesian>
	</word>	<word>
		<sanskrit>rājā</sanskrit>
		<indonesian>sang raja</indonesian>
	</word>	<word>
		<sanskrit>vacanam</sanskrit>
		<indonesian>kata-kata</indonesian>
	</word>	<word>
		<sanskrit>abravīt</sanskrit>
		<indonesian>berkata.</indonesian>
	</word>	<word>
		<sanskrit>paśya</sanskrit>
		<indonesian>lihatlah</indonesian>
	</word>	<word>
		<sanskrit>etām</sanskrit>
		<indonesian>ini</indonesian>
	</word>	<word>
		<sanskrit>Pāṇḍu-putrāṇām</sanskrit>
		<indonesian>milik para putera</indonesian>
	</word>	<word>
		<sanskrit>Pāṇḍu</sanskrit>
		<indonesian></indonesian>
	</word>	<word>
		<sanskrit>ācārya</sanskrit>
		<indonesian>wahai guru</indonesian>
	</word>	<word>
		<sanskrit>mahatīm</sanskrit>
		<indonesian>besar</indonesian>
	</word>	<word>
		<sanskrit>camūm</sanskrit>
		<indonesian>kekuatan tentara</indonesian>
	</word>	<word>
		<sanskrit>vyūḍham</sanskrit>
		<indonesian>tersusun</indonesian>
	</word>	<word>
		<sanskrit>drupada-putreṇa</sanskrit>
		<indonesian>oleh putera</indonesian>
	</word>	<word>
		<sanskrit>Drupada</sanskrit>
		<indonesian></indonesian>
	</word>	<word>
		<sanskrit>tavā</sanskrit>
		<indonesian>milik anda</indonesian>
	</word>	<word>
		<sanskrit>śiṣyeṇa</sanskrit>
		<indonesian>murid</indonesian>
	</word>	<word>
		<sanskrit>dhī-matā</sanskrit>
		<indonesian>cerdas</indonesian>
	</word>	<word>
		<sanskrit>atra</sanskrit>
		<indonesian>di sini</indonesian>
	</word>	<word>
		<sanskrit>śūrāḥ</sanskrit>
		<indonesian>pahlawan-pahlawan</indonesian>
	</word>	<word>
		<sanskrit>mahā-iṣu-āsāḥ</sanskrit>
		<indonesian>pemanah yang perkasa</indonesian>
	</word>	<word>
		<sanskrit>bhīma-Arjuna</sanskrit>
		<indonesian>kepada Bhima dan</indonesian>
	</word>	<word>
		<sanskrit>Arjuna</sanskrit>
		<indonesian></indonesian>
	</word>	<word>
		<sanskrit>samaḥ</sanskrit>
		<indonesian>sejajar dengan</indonesian>
	</word>	<word>
		<sanskrit>yudhi</sanskrit>
		<indonesian>dalam pertempuran</indonesian>
	</word>	<word>
		<sanskrit>yuyudhānaḥ</sanskrit>
		<indonesian>Yuyudhana</indonesian>
	</word>	<word>
		<sanskrit>virāṭaḥ</sanskrit>
		<indonesian></indonesian>
	</word>	<word>
		<sanskrit>Virāṭa</sanskrit>
		<indonesian></indonesian>
	</word>	<word>
		<sanskrit>ca</sanskrit>
		<indonesian>juga</indonesian>
	</word>	<word>
		<sanskrit>drupadāḥ</sanskrit>
		<indonesian>Drupada</indonesian>
	</word>	<word>
		<sanskrit>ca</sanskrit>
		<indonesian>juga</indonesian>
	</word>	<word>
		<sanskrit>mahā-rathaḥ</sanskrit>
		<indonesian>kesatria yang hebat.</indonesian>
	</word>	<word>
		<sanskrit>dhṛṣṭaketuḥ</sanskrit>
		<indonesian>Dhṛṣṭaketu</indonesian>
	</word>	<word>
		<sanskrit>cekitānaḥ</sanskrit>
		<indonesian></indonesian>
	</word>	<word>
		<sanskrit>cekitāna</sanskrit>
		<indonesian></indonesian>
	</word>	<word>
		<sanskrit>kāśirājaḥ</sanskrit>
		<indonesian></indonesian>
	</word>	<word>
		<sanskrit>Kāśirāja</sanskrit>
		<indonesian></indonesian>
	</word>	<word>
		<sanskrit>ca</sanskrit>
		<indonesian>juga</indonesian>
	</word>	<word>
		<sanskrit>vīrya-vān</sanskrit>
		<indonesian>perkasa sekali</indonesian>
	</word>	<word>
		<sanskrit>purujit</sanskrit>
		<indonesian>Purujit</indonesian>
	</word>	<word>
		<sanskrit>Kuntī</sanskrit>
		<indonesian></indonesian>
	</word>	<word>
		<sanskrit>bhojah</sanskrit>
		<indonesian></indonesian>
	</word>	<word>
		<sanskrit>Kuntī</sanskrit>
		<indonesian>bhoja</indonesian>
	</word>	<word>
		<sanskrit>ca</sanskrit>
		<indonesian>dan</indonesian>
	</word>	<word>
		<sanskrit>śaibyaḥ</sanskrit>
		<indonesian>Saibya</indonesian>
	</word>	<word>
		<sanskrit>ca</sanskrit>
		<indonesian>dan</indonesian>
	</word>	<word>
		<sanskrit>nara-puńgavaḥ</sanskrit>
		<indonesian>pahlawan dalam masyarakat manusia.</indonesian>
	</word>	<word>
		<sanskrit>yudhāmanyuḥ</sanskrit>
		<indonesian>Yudhāmanyu</indonesian>
	</word>	<word>
		<sanskrit>ca</sanskrit>
		<indonesian>dan</indonesian>
	</word>	<word>
		<sanskrit>vikrāntaḥ</sanskrit>
		<indonesian>agung</indonesian>
	</word>	<word>
		<sanskrit>uttamaujāḥ</sanskrit>
		<indonesian>Uttamaujā</indonesian>
	</word>	<word>
		<sanskrit>ca</sanskrit>
		<indonesian>dan</indonesian>
	</word>	<word>
		<sanskrit>vīrya-vān</sanskrit>
		<indonesian>perkasa sekali</indonesian>
	</word>	<word>
		<sanskrit>saubhadrah</sanskrit>
		<indonesian>putera Subhadrā</indonesian>
	</word>	<word>
		<sanskrit>draupadeyāḥ</sanskrit>
		<indonesian>Putera-putera Draupadi</indonesian>
	</word>	<word>
		<sanskrit>ca</sanskrit>
		<indonesian>dan</indonesian>
	</word>	<word>
		<sanskrit>sarve</sanskrit>
		<indonesian>semua</indonesian>
	</word>	<word>
		<sanskrit>eva</sanskrit>
		<indonesian>pasti</indonesian>
	</word>	<word>
		<sanskrit>mahā-rathaḥ</sanskrit>
		<indonesian>kesatria-kesatria hebat yang ahli bertempur dengan menggunakan kereta.</indonesian>
	</word>	<word>
		<sanskrit>asmākam</sanskrit>
		<indonesian>milik kita</indonesian>
	</word>	<word>
		<sanskrit>tu</sanskrit>
		<indonesian>tetapi</indonesian>
	</word>	<word>
		<sanskrit>viśiṣṭāḥ</sanskrit>
		<indonesian>perkasa luar biasa</indonesian>
	</word>	<word>
		<sanskrit>ye</sanskrit>
		<indonesian>yang</indonesian>
	</word>	<word>
		<sanskrit>tān</sanskrit>
		<indonesian>mereka</indonesian>
	</word>	<word>
		<sanskrit>nibodha</sanskrit>
		<indonesian>perhatikanlah</indonesian>
	</word>	<word>
		<sanskrit>dvijauttama</sanskrit>
		<indonesian>o yang paling baik di antara para</indonesian>
	</word>	<word>
		<sanskrit>brahmaṇā</sanskrit>
		<indonesian></indonesian>
	</word>	<word>
		<sanskrit>nāyakāḥ</sanskrit>
		<indonesian>komandan-komandan</indonesian>
	</word>	<word>
		<sanskrit>mama</sanskrit>
		<indonesian>milik saya</indonesian>
	</word>	<word>
		<sanskrit>sainyasya</sanskrit>
		<indonesian>milik bala tentara</indonesian>
	</word>	<word>
		<sanskrit>saḿjñā-artham</sanskrit>
		<indonesian>untuk keterangan</indonesian>
	</word>	<word>
		<sanskrit>tān</sanskrit>
		<indonesian>mereka</indonesian>
	</word>	<word>
		<sanskrit>bravīm</sanskrit>
		<indonesian>saya sedang bicara</indonesian>
	</word>	<word>
		<sanskrit>te</sanskrit>
		<indonesian>kepada anda.</indonesian>
	</word>	<word>
		<sanskrit>bhavān</sanskrit>
		<indonesian>Prabhu sendiri</indonesian>
	</word>	<word>
		<sanskrit>bhīṣmaḥ</sanskrit>
		<indonesian>kakek</indonesian>
	</word>	<word>
		<sanskrit>Bhīṣma</sanskrit>
		<indonesian></indonesian>
	</word>	<word>
		<sanskrit>ca</sanskrit>
		<indonesian>juga</indonesian>
	</word>	<word>
		<sanskrit>karnaḥ—Karṇa</sanskrit>
		<indonesian></indonesian>
	</word>	<word>
		<sanskrit>ca</sanskrit>
		<indonesian>dan</indonesian>
	</word>	<word>
		<sanskrit>kṛpaḥ</sanskrit>
		<indonesian>Kṛpa</indonesian>
	</word>	<word>
		<sanskrit>ca</sanskrit>
		<indonesian>dan</indonesian>
	</word>	<word>
		<sanskrit>samiti-jayah</sanskrit>
		<indonesian>selalu menang dalam peperangan</indonesian>
	</word>	<word>
		<sanskrit>aśvatthāmā</sanskrit>
		<indonesian></indonesian>
	</word>	<word>
		<sanskrit>aśvatthāmā</sanskrit>
		<indonesian></indonesian>
	</word>	<word>
		<sanskrit>vikarnaḥ</sanskrit>
		<indonesian>Vikarna</indonesian>
	</word>	<word>
		<sanskrit>ca</sanskrit>
		<indonesian>beserta</indonesian>
	</word>	<word>
		<sanskrit>saumadattih</sanskrit>
		<indonesian>putera Somadatta</indonesian>
	</word>	<word>
		<sanskrit>tathā</sanskrit>
		<indonesian>beserta</indonesian>
	</word>	<word>
		<sanskrit>evā</sanskrit>
		<indonesian>pasti</indonesian>
	</word>	<word>
		<sanskrit>ca</sanskrit>
		<indonesian>juga.</indonesian>
	</word>	<word>
		<sanskrit>anye</sanskrit>
		<indonesian>lain-lain</indonesian>
	</word>	<word>
		<sanskrit>ca</sanskrit>
		<indonesian>juga</indonesian>
	</word>	<word>
		<sanskrit>bahavah</sanskrit>
		<indonesian>dalam jumlah besar</indonesian>
	</word>	<word>
		<sanskrit>śūrāḥ</sanskrit>
		<indonesian>pahlawan-pahlawan</indonesian>
	</word>	<word>
		<sanskrit>mat</sanskrit>
		<indonesian>-</indonesian>
	</word>	<word>
		<sanskrit>arthe</sanskrit>
		<indonesian>demi kepentingan saya</indonesian>
	</word>	<word>
		<sanskrit>tyakta-jīvitāḥ</sanskrit>
		<indonesian>bersedia mempertaruhkan nyawa</indonesian>
	</word>	<word>
		<sanskrit>nānā</sanskrit>
		<indonesian>banyak</indonesian>
	</word>	<word>
		<sanskrit>śastra</sanskrit>
		<indonesian>senjata-senjata</indonesian>
	</word>	<word>
		<sanskrit>prāharaṇāḥ</sanskrit>
		<indonesian>dan dilengkapi dengan</indonesian>
	</word>	<word>
		<sanskrit>sarve</sanskrit>
		<indonesian>semuanya</indonesian>
	</word>	<word>
		<sanskrit>yuddha-viśāradāḥ</sanskrit>
		<indonesian>berpengalaman dalam ilmu militer.</indonesian>
	</word>	<word>
		<sanskrit>aparyāptam</sanskrit>
		<indonesian>tidak dapat diukur</indonesian>
	</word>	<word>
		<sanskrit>tat</sanskrit>
		<indonesian>itu</indonesian>
	</word>	<word>
		<sanskrit>asmākam</sanskrit>
		<indonesian>milik kita; balam—kekuatan</indonesian>
	</word>	<word>
		<sanskrit>Bhīṣma</sanskrit>
		<indonesian>oleh kakek</indonesian>
	</word>	<word>
		<sanskrit>Bhīṣma</sanskrit>
		<indonesian></indonesian>
	</word>	<word>
		<sanskrit>abhirakṣitam</sanskrit>
		<indonesian>dilindungi secara sempurna</indonesian>
	</word>	<word>
		<sanskrit>paryāptam</sanskrit>
		<indonesian>terbatas</indonesian>
	</word>	<word>
		<sanskrit>tu</sanskrit>
		<indonesian>tetapi</indonesian>
	</word>	<word>
		<sanskrit>idam</sanskrit>
		<indonesian>semua ini</indonesian>
	</word>	<word>
		<sanskrit>eteṣām</sanskrit>
		<indonesian>milik para Pandava</indonesian>
	</word>	<word>
		<sanskrit>balam</sanskrit>
		<indonesian>kekuatan</indonesian>
	</word>	<word>
		<sanskrit>bhīma</sanskrit>
		<indonesian>oleh Bhima</indonesian>
	</word>	<word>
		<sanskrit>abhirakṣitam</sanskrit>
		<indonesian>dilindungi dengan teliti.</indonesian>
	</word>	<word>
		<sanskrit>ayanesu</sanskrit>
		<indonesian>di ujung-ujung strategis</indonesian>
	</word>	<word>
		<sanskrit>ca</sanskrit>
		<indonesian>juga</indonesian>
	</word>	<word>
		<sanskrit>sarveṣu</sanskrit>
		<indonesian>di mana-mana</indonesian>
	</word>	<word>
		<sanskrit>yathā-bhāgam</sanskrit>
		<indonesian>sebagaimana mereka tersusun dengan berbagai cara</indonesian>
	</word>	<word>
		<sanskrit>avasthitāḥ</sanskrit>
		<indonesian>yang terletak</indonesian>
	</word>	<word>
		<sanskrit>Bhīṣmām</sanskrit>
		<indonesian>kepada Kakek</indonesian>
	</word>	<word>
		<sanskrit>Bhīṣma</sanskrit>
		<indonesian></indonesian>
	</word>	<word>
		<sanskrit>evā</sanskrit>
		<indonesian>pasti</indonesian>
	</word>	<word>
		<sanskrit>abhirakṣantu</sanskrit>
		<indonesian>harus memberikan dukungan</indonesian>
	</word>	<word>
		<sanskrit>bhavāntah</sanskrit>
		<indonesian>anda</indonesian>
	</word>	<word>
		<sanskrit>sarve</sanskrit>
		<indonesian>semua masing-masing</indonesian>
	</word>	<word>
		<sanskrit>eva hi</sanskrit>
		<indonesian>pasti.</indonesian>
	</word>	<word>
		<sanskrit>tasya</sanskrit>
		<indonesian>milik dia; sanjana</indonesian>
	</word>	<word>
		<sanskrit>yān</sanskrit>
		<indonesian>bertambah</indonesian>
	</word>	<word>
		<sanskrit>harṣa</sanskrit>
		<indonesian>m—rasa riang</indonesian>
	</word>	<word>
		<sanskrit>kuru-vṛddhaḥ</sanskrit>
		<indonesian>leluhur keluarga besar Kuru (</indonesian>
	</word>	<word>
		<sanskrit>Bhīṣma</sanskrit>
		<indonesian>)</indonesian>
	</word>	<word>
		<sanskrit>pitāmahaḥ</sanskrit>
		<indonesian>kakek</indonesian>
	</word>	<word>
		<sanskrit>siḿha-nādam</sanskrit>
		<indonesian>suara mengaum, seperti suara singa</indonesian>
	</word>	<word>
		<sanskrit>vinadya</sanskrit>
		<indonesian>bergetar</indonesian>
	</word>	<word>
		<sanskrit>uccaih</sanskrit>
		<indonesian>dengan keras sekali</indonesian>
	</word>	<word>
		<sanskrit>śańkham</sanskrit>
		<indonesian>kerang</indonesian>
	</word>	<word>
		<sanskrit>dadhmau</sanskrit>
		<indonesian>meniup</indonesian>
	</word>	<word>
		<sanskrit>pratāpa-vān</sanskrit>
		<indonesian>yang gagah berani.</indonesian>
	</word>	<word>
		<sanskrit>tataḥ</sanskrit>
		<indonesian>sesudah itu</indonesian>
	</word>	<word>
		<sanskrit>śańkhāḥ</sanskrit>
		<indonesian>kerang-kerang</indonesian>
	</word>	<word>
		<sanskrit>ca</sanskrit>
		<indonesian>juga</indonesian>
	</word>	<word>
		<sanskrit>bheryah</sanskrit>
		<indonesian>gendang besar</indonesian>
	</word>	<word>
		<sanskrit>ca</sanskrit>
		<indonesian>dan</indonesian>
	</word>	<word>
		<sanskrit>paṇava-ānaka</sanskrit>
		<indonesian>gendang-gendang kecil dan bedug</indonesian>
	</word>	<word>
		<sanskrit>go-mukhāḥ</sanskrit>
		<indonesian>terompet-terompet</indonesian>
	</word>	<word>
		<sanskrit>sahasā</sanskrit>
		<indonesian>seketika</indonesian>
	</word>	<word>
		<sanskrit>evā</sanskrit>
		<indonesian>pasti</indonesian>
	</word>	<word>
		<sanskrit>abhyahanyanta</sanskrit>
		<indonesian>dibunyikan sekaligus</indonesian>
	</word>	<word>
		<sanskrit>saḥ</sanskrit>
		<indonesian>itu</indonesian>
	</word>	<word>
		<sanskrit>śabdaḥ</sanskrit>
		<indonesian>paduan suara</indonesian>
	</word>	<word>
		<sanskrit>tumulah</sanskrit>
		<indonesian>gempar</indonesian>
	</word>	<word>
		<sanskrit>abhavat</sanskrit>
		<indonesian>menjadi.</indonesian>
	</word>	<word>
		<sanskrit>tataḥ</sanskrit>
		<indonesian>sesudah itu</indonesian>
	</word>	<word>
		<sanskrit>śvetaiḥ</sanskrit>
		<indonesian>dengan putih</indonesian>
	</word>	<word>
		<sanskrit>hayaih</sanskrit>
		<indonesian>kuda-kuda</indonesian>
	</word>	<word>
		<sanskrit>yukte</sanskrit>
		<indonesian>diikat untuk menarik kereta</indonesian>
	</word>	<word>
		<sanskrit>mahati</sanskrit>
		<indonesian>dalam sesuatu yang besar</indonesian>
	</word>	<word>
		<sanskrit>syandane</sanskrit>
		<indonesian>kereta</indonesian>
	</word>	<word>
		<sanskrit>sthitau</sanskrit>
		<indonesian>terletak</indonesian>
	</word>	<word>
		<sanskrit>mādhavaḥ</sanskrit>
		<indonesian></indonesian>
	</word>	<word>
		<sanskrit>Kṛṣṇa</sanskrit>
		<indonesian>(suami dewi keberuntungan)</indonesian>
	</word>	<word>
		<sanskrit>Pāṇḍavāḥ</sanskrit>
		<indonesian></indonesian>
	</word>	<word>
		<sanskrit>Arjuna</sanskrit>
		<indonesian>(putera</indonesian>
	</word>	<word>
		<sanskrit>Pāṇḍu</sanskrit>
		<indonesian>)</indonesian>
	</word>	<word>
		<sanskrit>ca</sanskrit>
		<indonesian>dan</indonesian>
	</word>	<word>
		<sanskrit>evā</sanskrit>
		<indonesian>pasti</indonesian>
	</word>	<word>
		<sanskrit>divyau</sanskrit>
		<indonesian>rohani</indonesian>
	</word>	<word>
		<sanskrit>śańkhau</sanskrit>
		<indonesian>kerang-kerang</indonesian>
	</word>	<word>
		<sanskrit>pradadhmatuh</sanskrit>
		<indonesian>membunyikan.</indonesian>
	</word>	<word>
		<sanskrit>pāñcajanyam</sanskrit>
		<indonesian>kerang bernama</indonesian>
	</word>	<word>
		<sanskrit>Pāñcajanya</sanskrit>
		<indonesian></indonesian>
	</word>	<word>
		<sanskrit>h</sanskrit>
		<indonesian/>
	</word>	<word>
		<sanskrit>ṛṣīka-īśa</sanskrit>
		<indonesian/>
	</word>	<word>
		<sanskrit>ḥ—H</sanskrit>
		<indonesian/>
	</word>	<word>
		<sanskrit>ṛṣīkeśa</sanskrit>
		<indonesian>(K</indonesian>
	</word>	<word>
		<sanskrit>devadattam</sanskrit>
		<indonesian>kerang yang bernama Devadatta</indonesian>
	</word>	<word>
		<sanskrit>dhanam-jaya</sanskrit>
		<indonesian/>
	</word>	<word>
		<sanskrit>ḥ</sanskrit>
		<indonesian>dhanañjaya (</indonesian>
	</word>	<word>
		<sanskrit>Arjuna</sanskrit>
		<indonesian>, perebut kekayaan)</indonesian>
	</word>	<word>
		<sanskrit>paundram</sanskrit>
		<indonesian>kerang bernama Pau</indonesian>
	</word>	<word>
		<sanskrit>dadhmau</sanskrit>
		<indonesian>meniup</indonesian>
	</word>	<word>
		<sanskrit>mahā-śańkham</sanskrit>
		<indonesian>kerang yang mengerikan</indonesian>
	</word>	<word>
		<sanskrit>bhīma-karma</sanskrit>
		<indonesian>orang yang melakukan tugas-tugas yang berat sekali</indonesian>
	</word>	<word>
		<sanskrit>v</sanskrit>
		<indonesian/>
	</word>	<word>
		<sanskrit>ṛka-udara</sanskrit>
		<indonesian/>
	</word>	<word>
		<sanskrit>ḥ</sanskrit>
		<indonesian>pelahap (Bhima).</indonesian>
	</word>	<word>
		<sanskrit>ananta</sanskrit>
		<indonesian>-</indonesian>
	</word>	<word>
		<sanskrit>vijayam</sanskrit>
		<indonesian>kerang yang bernama Ananta-vijaya</indonesian>
	</word>	<word>
		<sanskrit>rājā</sanskrit>
		<indonesian>raja</indonesian>
	</word>	<word>
		<sanskrit>kuntī-putraḥ</sanskrit>
		<indonesian>putera</indonesian>
	</word>	<word>
		<sanskrit>Kuntī</sanskrit>
		<indonesian></indonesian>
	</word>	<word>
		<sanskrit>yudhiṣṭhiraḥ</sanskrit>
		<indonesian>Yudhiṣṭhira</indonesian>
	</word>	<word>
		<sanskrit>nakulaḥ</sanskrit>
		<indonesian>Nakula</indonesian>
	</word>	<word>
		<sanskrit>sahadevaḥ</sanskrit>
		<indonesian>Sahadeva</indonesian>
	</word>	<word>
		<sanskrit>ca</sanskrit>
		<indonesian>dan</indonesian>
	</word>	<word>
		<sanskrit>sughoṣa-maṇipuṣpakau</sanskrit>
		<indonesian>kerang-kerang bernama Sughosa dan Manipuspaka</indonesian>
	</word>	<word>
		<sanskrit>kasyah</sanskrit>
		<indonesian>Raja  Kāśī (Vārāṇasī)</indonesian>
	</word>	<word>
		<sanskrit>ca</sanskrit>
		<indonesian>dan</indonesian>
	</word>	<word>
		<sanskrit>parama-iṣu-āsaḥ</sanskrit>
		<indonesian>pemanah yang berwibawa</indonesian>
	</word>	<word>
		<sanskrit>śikhaṇḍī</sanskrit>
		<indonesian>Śikhaṇḍī</indonesian>
	</word>	<word>
		<sanskrit>ca</sanskrit>
		<indonesian>juga</indonesian>
	</word>	<word>
		<sanskrit>mahā-rathaḥ</sanskrit>
		<indonesian>orang yang dapat bertempur sendirian dengan melawan beribu-ribu orang</indonesian>
	</word>	<word>
		<sanskrit>dhṛṣṭadyumnaḥ</sanskrit>
		<indonesian>Dhṛṣṭadyumna (putera dari raja  Drupada)</indonesian>
	</word>	<word>
		<sanskrit>viratāḥ</sanskrit>
		<indonesian>Virata (pangeran yang memberi perlindungan kepada para Pandava selama mereka sedang menyembunyikan diri)</indonesian>
	</word>	<word>
		<sanskrit>ca</sanskrit>
		<indonesian>juga</indonesian>
	</word>	<word>
		<sanskrit>sātyakiḥ</sanskrit>
		<indonesian>Sātyaki (sama dengan Yuyudhāna, kusir kereta Sri Krishna)</indonesian>
	</word>	<word>
		<sanskrit>ca</sanskrit>
		<indonesian>dan; apa</indonesian>
	</word>	<word>
		<sanskrit>rajitaḥ</sanskrit>
		<indonesian>yang belum pernah dikalahkan</indonesian>
	</word>	<word>
		<sanskrit>drupadāḥ</sanskrit>
		<indonesian>Drupada, rājā  Pāñcāla</indonesian>
	</word>	<word>
		<sanskrit>draupadeyāḥ</sanskrit>
		<indonesian>Putera-putera Draupadi</indonesian>
	</word>	<word>
		<sanskrit>ca</sanskrit>
		<indonesian>juga</indonesian>
	</word>	<word>
		<sanskrit>sarvāsaḥ</sanskrit>
		<indonesian>semuanya</indonesian>
	</word>	<word>
		<sanskrit>prthivi-pate</sanskrit>
		<indonesian>wahai baginda raja</indonesian>
	</word>	<word>
		<sanskrit>saubhadrah</sanskrit>
		<indonesian>Abimanyu, putera Subhadra</indonesian>
	</word>	<word>
		<sanskrit>ca</sanskrit>
		<indonesian>juga</indonesian>
	</word>	<word>
		<sanskrit>mahā-bāhuḥ</sanskrit>
		<indonesian>yang berlengan perkasa</indonesian>
	</word>	<word>
		<sanskrit>śańkhān</sanskrit>
		<indonesian>kerang-kerang</indonesian>
	</word>	<word>
		<sanskrit>dadhmuh</sanskrit>
		<indonesian>meniup</indonesian>
	</word>	<word>
		<sanskrit>pṛthak</sanskrit>
		<indonesian></indonesian>
	</word>	<word>
		<sanskrit>pṛthak</sanskrit>
		<indonesian>sendiri-sendiri.</indonesian>
	</word>	<word>
		<sanskrit>,</sanskrit>
		<indonesian>meniup kerangnya yang bernama Anantavijaya, Nakula dan Sahadeva meniup kerangnya bernama Sughosa dan Manipuspaka. Pemanah yang perkasa raja Kasi, ksatria hebat yang bernama Sikandi, Dhrstadyumna, Virata dan Satyaki yang tidak pernah dikalahkan, Drupada, para putera Draupadi, dan lain-lain, seperti putera Subhadra, yang berlengan perkasa, semua meniup kerang-kerangnya masing-masing; wahai Baginda Raja.</indonesian>
	</word>	<word>
		<sanskrit>saḥ</sanskrit>
		<indonesian>itu</indonesian>
	</word>	<word>
		<sanskrit>ghosah</sanskrit>
		<indonesian>getaran suara</indonesian>
	</word>	<word>
		<sanskrit>dhārtarāṣṭrāṇām</sanskrit>
		<indonesian>dari para putera Dhṛtarāṣṭra</indonesian>
	</word>	<word>
		<sanskrit>hrdayani</sanskrit>
		<indonesian>hati</indonesian>
	</word>	<word>
		<sanskrit>vyadarayat</sanskrit>
		<indonesian>mematahkan</indonesian>
	</word>	<word>
		<sanskrit>nabhāḥ</sanskrit>
		<indonesian>langit</indonesian>
	</word>	<word>
		<sanskrit>ca</sanskrit>
		<indonesian>juga</indonesian>
	</word>	<word>
		<sanskrit>pṛthivīm</sanskrit>
		<indonesian>muka bumi</indonesian>
	</word>	<word>
		<sanskrit>ca</sanskrit>
		<indonesian>juga</indonesian>
	</word>	<word>
		<sanskrit>evā</sanskrit>
		<indonesian>pasti</indonesian>
	</word>	<word>
		<sanskrit>tumulah</sanskrit>
		<indonesian>gempar</indonesian>
	</word>	<word>
		<sanskrit>abhyanunayan</sanskrit>
		<indonesian>dengan bergema.</indonesian>
	</word>	<word>
		<sanskrit>atha</sanskrit>
		<indonesian>sesudah itu</indonesian>
	</word>	<word>
		<sanskrit>vyavasthitān</sanskrit>
		<indonesian>terletak</indonesian>
	</word>	<word>
		<sanskrit>dṛṣṭvā</sanskrit>
		<indonesian>memandang</indonesian>
	</word>	<word>
		<sanskrit>dhārtarāṣṭrān</sanskrit>
		<indonesian>putera-putera</indonesian>
	</word>	<word>
		<sanskrit>Dhṛtarāṣṭra</sanskrit>
		<indonesian></indonesian>
	</word>	<word>
		<sanskrit>kapi-dhvajaḥ</sanskrit>
		<indonesian>orang yang benderanya ditandai dengan gambar Hanuman</indonesian>
	</word>	<word>
		<sanskrit>pravṛtte</sanskrit>
		<indonesian>pada saat hampir akan menjadi sibuk</indonesian>
	</word>	<word>
		<sanskrit>śastra-sampāte</sanskrit>
		<indonesian>dalam melepaskan anak panahnya</indonesian>
	</word>	<word>
		<sanskrit>dhanuh</sanskrit>
		<indonesian>busur</indonesian>
	</word>	<word>
		<sanskrit>udyamya</sanskrit>
		<indonesian>mengangkat</indonesian>
	</word>	<word>
		<sanskrit>Pāṇḍavāḥ</sanskrit>
		<indonesian>putera</indonesian>
	</word>	<word>
		<sanskrit>Pāṇḍu</sanskrit>
		<indonesian>(</indonesian>
	</word>	<word>
		<sanskrit>Arjuna</sanskrit>
		<indonesian>)</indonesian>
	</word>	<word>
		<sanskrit>Hṛṣīkeśam</sanskrit>
		<indonesian>kepada Sri Krishna</indonesian>
	</word>	<word>
		<sanskrit>tadā</sanskrit>
		<indonesian>pada waktu itu</indonesian>
	</word>	<word>
		<sanskrit>vākyam</sanskrit>
		<indonesian>kata-kata</indonesian>
	</word>	<word>
		<sanskrit>idam</sanskrit>
		<indonesian>ini</indonesian>
	</word>	<word>
		<sanskrit>āha</sanskrit>
		<indonesian>yang berkata</indonesian>
	</word>	<word>
		<sanskrit>mahī-pate</sanskrit>
		<indonesian>wahai Paduka Raja.</indonesian>
	</word>	<word>
		<sanskrit>Arjunaḥ uvāca</sanskrit>
		<indonesian>Arjuna berkata</indonesian>
	</word>	<word>
		<sanskrit>senayoh</sanskrit>
		<indonesian>antara tentara-tentara</indonesian>
	</word>	<word>
		<sanskrit>ubhayoḥ</sanskrit>
		<indonesian>antara kedua-duanya</indonesian>
	</word>	<word>
		<sanskrit>madhye</sanskrit>
		<indonesian>di tengah-tengah; ratham—kereta</indonesian>
	</word>	<word>
		<sanskrit>sthāpaya</sanskrit>
		<indonesian>mohon membawa</indonesian>
	</word>	<word>
		<sanskrit>me</sanskrit>
		<indonesian>milik hamba</indonesian>
	</word>	<word>
		<sanskrit>acyuta</sanskrit>
		<indonesian>wahai Krishna yang tidak pernah gagal</indonesian>
	</word>	<word>
		<sanskrit>yāvat</sanskrit>
		<indonesian>selama</indonesian>
	</word>	<word>
		<sanskrit>etān</sanskrit>
		<indonesian>semuanya ini</indonesian>
	</word>	<word>
		<sanskrit>nirīkṣe</sanskrit>
		<indonesian>dapat memandang</indonesian>
	</word>	<word>
		<sanskrit>aham</sanskrit>
		<indonesian>hamba</indonesian>
	</word>	<word>
		<sanskrit>yoddhu-kāmān</sanskrit>
		<indonesian>ingin bertempur</indonesian>
	</word>	<word>
		<sanskrit>avasthitān</sanskrit>
		<indonesian>tersusun di medan perang</indonesian>
	</word>	<word>
		<sanskrit>kaih</sanskrit>
		<indonesian>dengan siapa</indonesian>
	</word>	<word>
		<sanskrit>mayā</sanskrit>
		<indonesian>oleh saya</indonesian>
	</word>	<word>
		<sanskrit>saha</sanskrit>
		<indonesian>bersama-sama</indonesian>
	</word>	<word>
		<sanskrit>yoddhavyam</sanskrit>
		<indonesian>harus bertempur</indonesian>
	</word>	<word>
		<sanskrit>asmin</sanskrit>
		<indonesian>dalam ini</indonesian>
	</word>	<word>
		<sanskrit>rana</sanskrit>
		<indonesian>pertengkaran</indonesian>
	</word>	<word>
		<sanskrit>samudyame</sanskrit>
		<indonesian>dalam usaha.</indonesian>
	</word>	<word>
		<sanskrit>yotsyamānān</sanskrit>
		<indonesian>orang yang akan bertempur</indonesian>
	</word>	<word>
		<sanskrit>avekse</sanskrit>
		<indonesian>perkenankanlah saya melihat</indonesian>
	</word>	<word>
		<sanskrit>aham</sanskrit>
		<indonesian>saya</indonesian>
	</word>	<word>
		<sanskrit>ye</sanskrit>
		<indonesian>siapa</indonesian>
	</word>	<word>
		<sanskrit>ete</sanskrit>
		<indonesian>itu</indonesian>
	</word>	<word>
		<sanskrit>atra</sanskrit>
		<indonesian>di sini</indonesian>
	</word>	<word>
		<sanskrit>samāgatāḥ</sanskrit>
		<indonesian>yang sudah berkumpul</indonesian>
	</word>	<word>
		<sanskrit>dhārtarāṣṭrasya</sanskrit>
		<indonesian>untuk putera</indonesian>
	</word>	<word>
		<sanskrit>Dhṛtarāṣṭra</sanskrit>
		<indonesian></indonesian>
	</word>	<word>
		<sanskrit>durbuddheḥ</sanskrit>
		<indonesian>berpikir jahat</indonesian>
	</word>	<word>
		<sanskrit>yuddhe</sanskrit>
		<indonesian>dalam pertempuran</indonesian>
	</word>	<word>
		<sanskrit>priya</sanskrit>
		<indonesian>baik</indonesian>
	</word>	<word>
		<sanskrit>cikīrṣavaḥ</sanskrit>
		<indonesian>menginginkan.</indonesian>
	</word>	<word>
		<sanskrit>sañjayaḥ uvāca</sanskrit>
		<indonesian>Sañjaya berkata</indonesian>
	</word>	<word>
		<sanskrit>evam</sanskrit>
		<indonesian>demikian</indonesian>
	</word>	<word>
		<sanskrit>uktaḥ</sanskrit>
		<indonesian>disapa</indonesian>
	</word>	<word>
		<sanskrit>hṛṣīkeśaḥ</sanskrit>
		<indonesian>Sri Krishna</indonesian>
	</word>	<word>
		<sanskrit>guḍākeśena</sanskrit>
		<indonesian>oleh</indonesian>
	</word>	<word>
		<sanskrit>Arjuna</sanskrit>
		<indonesian></indonesian>
	</word>	<word>
		<sanskrit>Bhārata</sanskrit>
		<indonesian>wahai putera keluarga</indonesian>
	</word>	<word>
		<sanskrit>Bhārata</sanskrit>
		<indonesian></indonesian>
	</word>	<word>
		<sanskrit>senayoh</sanskrit>
		<indonesian>antara tentara-tentara</indonesian>
	</word>	<word>
		<sanskrit>ubhayoḥ</sanskrit>
		<indonesian>kedua-duanya</indonesian>
	</word>	<word>
		<sanskrit>madhye</sanskrit>
		<indonesian>di tengah-tengah</indonesian>
	</word>	<word>
		<sanskrit>sthāpayitvā</sanskrit>
		<indonesian>menempatkan</indonesian>
	</word>	<word>
		<sanskrit>ratha-uttamam</sanskrit>
		<indonesian>kereta yang paling bagus.</indonesian>
	</word>	<word>
		<sanskrit>Bhīṣma</sanskrit>
		<indonesian>kakek</indonesian>
	</word>	<word>
		<sanskrit>Bhīṣma</sanskrit>
		<indonesian></indonesian>
	</word>	<word>
		<sanskrit>drona</sanskrit>
		<indonesian>guru</indonesian>
	</word>	<word>
		<sanskrit>Drona;
pramukhataḥ</sanskrit>
		<indonesian>di depan</indonesian>
	</word>	<word>
		<sanskrit>sarveṣām</sanskrit>
		<indonesian>semuanya</indonesian>
	</word>	<word>
		<sanskrit>ca</sanskrit>
		<indonesian>juga</indonesian>
	</word>	<word>
		<sanskrit>mahī-kṣitām</sanskrit>
		<indonesian>pemimpin-pemimpin dunia</indonesian>
	</word>	<word>
		<sanskrit>uvāca</sanskrit>
		<indonesian>bersabda</indonesian>
	</word>	<word>
		<sanskrit>pārtha</sanskrit>
		<indonesian>wahai putera</indonesian>
	</word>	<word>
		<sanskrit>Pṛthā</sanskrit>
		<indonesian></indonesian>
	</word>	<word>
		<sanskrit>paśya</sanskrit>
		<indonesian>lihatlah</indonesian>
	</word>	<word>
		<sanskrit>etān</sanskrit>
		<indonesian>semuanya</indonesian>
	</word>	<word>
		<sanskrit>samavetān</sanskrit>
		<indonesian>sudah berkumpul</indonesian>
	</word>	<word>
		<sanskrit>kurūn</sanskrit>
		<indonesian>Anggota-anggota keluarga besar Kuru</indonesian>
	</word>	<word>
		<sanskrit>iti</sanskrit>
		<indonesian>demikian.</indonesian>
	</word>	<word>
		<sanskrit>tatra</sanskrit>
		<indonesian>di sana</indonesian>
	</word>	<word>
		<sanskrit>apaśyat</sanskrit>
		<indonesian>dia melihat</indonesian>
	</word>	<word>
		<sanskrit>sthitān</sanskrit>
		<indonesian>berdiri</indonesian>
	</word>	<word>
		<sanskrit>pārthah</sanskrit>
		<indonesian></indonesian>
	</word>	<word>
		<sanskrit>Arjuna</sanskrit>
		<indonesian></indonesian>
	</word>	<word>
		<sanskrit>pitr</sanskrit>
		<indonesian/>
	</word>	<word>
		<sanskrit>̣̄n</sanskrit>
		<indonesian>ayah-ayah</indonesian>
	</word>	<word>
		<sanskrit>atha</sanskrit>
		<indonesian>juga</indonesian>
	</word>	<word>
		<sanskrit>pitāmahān</sanskrit>
		<indonesian>kakekkakek</indonesian>
	</word>	<word>
		<sanskrit>ācāryān</sanskrit>
		<indonesian>guru-</indonesian>
	</word>	<word>
		<sanskrit>gurunya</sanskrit>
		<indonesian></indonesian>
	</word>	<word>
		<sanskrit>mātulān</sanskrit>
		<indonesian>paman-paman dari keluarga ibu; bhrātr</indonesian>
	</word>	<word>
		<sanskrit>putrān</sanskrit>
		<indonesian>Putera-putera</indonesian>
	</word>	<word>
		<sanskrit>pautrān</sanskrit>
		<indonesian>cucu-cucu</indonesian>
	</word>	<word>
		<sanskrit>sakhīn</sanskrit>
		<indonesian>kawan-kawan</indonesian>
	</word>	<word>
		<sanskrit>tathā</sanskrit>
		<indonesian>juga</indonesian>
	</word>	<word>
		<sanskrit>śvaśurān</sanskrit>
		<indonesian>mertua-mertua</indonesian>
	</word>	<word>
		<sanskrit>suhṛdaḥ</sanskrit>
		<indonesian>orang yang mengharapkan kesejahtraan</indonesian>
	</word>	<word>
		<sanskrit>ca</sanskrit>
		<indonesian>juga</indonesian>
	</word>	<word>
		<sanskrit>evā</sanskrit>
		<indonesian>pasti</indonesian>
	</word>	<word>
		<sanskrit>senayoh</sanskrit>
		<indonesian>antara-tentara</indonesian>
	</word>	<word>
		<sanskrit>ubhayoḥ</sanskrit>
		<indonesian>antara kedua belah pihak</indonesian>
	</word>	<word>
		<sanskrit>api</sanskrit>
		<indonesian>termasuk.</indonesian>
	</word>	<word>
		<sanskrit>tān</sanskrit>
		<indonesian>mereka semuanya</indonesian>
	</word>	<word>
		<sanskrit>samīkṣya</sanskrit>
		<indonesian>sesudah melihat</indonesian>
	</word>	<word>
		<sanskrit>saḥ</sanskrit>
		<indonesian>dia</indonesian>
	</word>	<word>
		<sanskrit>kaunteyah</sanskrit>
		<indonesian>putera</indonesian>
	</word>	<word>
		<sanskrit>Kuntī</sanskrit>
		<indonesian></indonesian>
	</word>	<word>
		<sanskrit>sarvān</sanskrit>
		<indonesian>semua jenis</indonesian>
	</word>	<word>
		<sanskrit>bandhūn</sanskrit>
		<indonesian>sanak keluarga</indonesian>
	</word>	<word>
		<sanskrit>avasthitān</sanskrit>
		<indonesian>terletak</indonesian>
	</word>	<word>
		<sanskrit>kṛpayā</sanskrit>
		<indonesian>oleh kasih sayang</indonesian>
	</word>	<word>
		<sanskrit>parayā</sanskrit>
		<indonesian>bertingkat tinggi</indonesian>
	</word>	<word>
		<sanskrit>āviṣṭaḥ</sanskrit>
		<indonesian>tergugah</indonesian>
	</word>	<word>
		<sanskrit>viṣīdan</sanskrit>
		<indonesian>sambil menyesal</indonesian>
	</word>	<word>
		<sanskrit>idam</sanskrit>
		<indonesian>demikian</indonesian>
	</word>	<word>
		<sanskrit>abravīt</sanskrit>
		<indonesian>berkata.</indonesian>
	</word>	<word>
		<sanskrit>Arjunaḥ uvāca</sanskrit>
		<indonesian>Arjuna berkata</indonesian>
	</word>	<word>
		<sanskrit>dṛṣṭvā</sanskrit>
		<indonesian>sesudah melihat</indonesian>
	</word>	<word>
		<sanskrit>imām</sanskrit>
		<indonesian>semuanya ini</indonesian>
	</word>	<word>
		<sanskrit>sva-janam</sanskrit>
		<indonesian>sanak keluarga</indonesian>
	</word>	<word>
		<sanskrit>kṛṣṇa</sanskrit>
		<indonesian>aduh Krishna</indonesian>
	</word>	<word>
		<sanskrit>yuyutsum</sanskrit>
		<indonesian>semua bersemangat untuk bertempur</indonesian>
	</word>	<word>
		<sanskrit>samupasthitam</sanskrit>
		<indonesian>hadir</indonesian>
	</word>	<word>
		<sanskrit>sīdanti</sanskrit>
		<indonesian>gemetar</indonesian>
	</word>	<word>
		<sanskrit>mama</sanskrit>
		<indonesian>milik saya</indonesian>
	</word>	<word>
		<sanskrit>gātrāṇi</sanskrit>
		<indonesian>anggota badan</indonesian>
	</word>	<word>
		<sanskrit>mukham</sanskrit>
		<indonesian>mulut</indonesian>
	</word>	<word>
		<sanskrit>ca</sanskrit>
		<indonesian>juga</indonesian>
	</word>	<word>
		<sanskrit>pariśuṣyāti</sanskrit>
		<indonesian>terasa kering.</indonesian>
	</word>	<word>
		<sanskrit>vepathuh</sanskrit>
		<indonesian>badan gemetar</indonesian>
	</word>	<word>
		<sanskrit>ca</sanskrit>
		<indonesian>juga</indonesian>
	</word>	<word>
		<sanskrit>śarīre</sanskrit>
		<indonesian>pada badan</indonesian>
	</word>	<word>
		<sanskrit>me</sanskrit>
		<indonesian>milikku</indonesian>
	</word>	<word>
		<sanskrit>roma-harṣaḥ</sanskrit>
		<indonesian>bulu roma tegak berdiri</indonesian>
	</word>	<word>
		<sanskrit>ca</sanskrit>
		<indonesian>juga</indonesian>
	</word>	<word>
		<sanskrit>jāyate</sanskrit>
		<indonesian>sedang terjadi</indonesian>
	</word>	<word>
		<sanskrit>gāṇḍīvam</sanskrit>
		<indonesian>busur</indonesian>
	</word>	<word>
		<sanskrit>Arjuna</sanskrit>
		<indonesian></indonesian>
	</word>	<word>
		<sanskrit>sramsate</sanskrit>
		<indonesian>lepas</indonesian>
	</word>	<word>
		<sanskrit>hastāt
</sanskrit>
		<indonesian>dari tangan</indonesian>
	</word>	<word>
		<sanskrit>tvāk</sanskrit>
		<indonesian>kulit</indonesian>
	</word>	<word>
		<sanskrit>ca</sanskrit>
		<indonesian>juga</indonesian>
	</word>	<word>
		<sanskrit>evā</sanskrit>
		<indonesian>pasti</indonesian>
	</word>	<word>
		<sanskrit>paridahyate</sanskrit>
		<indonesian>terbakar.</indonesian>
	</word>	<word>
		<sanskrit>na</sanskrit>
		<indonesian>tidak juga</indonesian>
	</word>	<word>
		<sanskrit>ca</sanskrit>
		<indonesian>juga</indonesian>
	</word>	<word>
		<sanskrit>śaknomi</sanskrit>
		<indonesian>saya dapat</indonesian>
	</word>	<word>
		<sanskrit>avasthātum</sanskrit>
		<indonesian>tinggal</indonesian>
	</word>	<word>
		<sanskrit>bhramati</sanskrit>
		<indonesian>lupa</indonesian>
	</word>	<word>
		<sanskrit>ivā</sanskrit>
		<indonesian>sebagai</indonesian>
	</word>	<word>
		<sanskrit>ca</sanskrit>
		<indonesian>dan</indonesian>
	</word>	<word>
		<sanskrit>me</sanskrit>
		<indonesian>milik saya</indonesian>
	</word>	<word>
		<sanskrit>manaḥ</sanskrit>
		<indonesian>pikiran</indonesian>
	</word>	<word>
		<sanskrit>nimittāni</sanskrit>
		<indonesian>sebab-sebab</indonesian>
	</word>	<word>
		<sanskrit>ca</sanskrit>
		<indonesian>juga</indonesian>
	</word>	<word>
		<sanskrit>paśyāmi</sanskrit>
		<indonesian>saya melihat</indonesian>
	</word>	<word>
		<sanskrit>viparītāni</sanskrit>
		<indonesian>justru lawannya</indonesian>
	</word>	<word>
		<sanskrit>keśava</sanskrit>
		<indonesian>o pembunuh raksasa bernama</indonesian>
	</word>	<word>
		<sanskrit>Keśī</sanskrit>
		<indonesian>(Krishna).</indonesian>
	</word>	<word>
		<sanskrit>na</sanskrit>
		<indonesian>tidak juga</indonesian>
	</word>	<word>
		<sanskrit>ca</sanskrit>
		<indonesian>juga</indonesian>
	</word>	<word>
		<sanskrit>śreyaḥ</sanskrit>
		<indonesian>hal-hal yang baik</indonesian>
	</word>	<word>
		<sanskrit>anupaśyāmi</sanskrit>
		<indonesian>saya dapat membayangkan</indonesian>
	</word>	<word>
		<sanskrit>hatvā</sanskrit>
		<indonesian>dengan membunuh</indonesian>
	</word>	<word>
		<sanskrit>sva-janam</sanskrit>
		<indonesian>sanak keluarganya sendiri</indonesian>
	</word>	<word>
		<sanskrit>āhave</sanskrit>
		<indonesian>dalam pertempuran</indonesian>
	</word>	<word>
		<sanskrit>na</sanskrit>
		<indonesian>tidak juga</indonesian>
	</word>	<word>
		<sanskrit>kāńkṣe</sanskrit>
		<indonesian>saya menginginkan</indonesian>
	</word>	<word>
		<sanskrit>vijayam</sanskrit>
		<indonesian>kemenangan</indonesian>
	</word>	<word>
		<sanskrit>kṛṣṇa</sanskrit>
		<indonesian>o Krishna</indonesian>
	</word>	<word>
		<sanskrit>na</sanskrit>
		<indonesian>tidak juga</indonesian>
	</word>	<word>
		<sanskrit>ca</sanskrit>
		<indonesian>juga</indonesian>
	</word>	<word>
		<sanskrit>rājyam</sanskrit>
		<indonesian>kerajaan</indonesian>
	</word>	<word>
		<sanskrit>sukhāni</sanskrit>
		<indonesian>kebahagiaan dari hal itu</indonesian>
	</word>	<word>
		<sanskrit>ca</sanskrit>
		<indonesian>juga.</indonesian>
	</word>	<word>
		<sanskrit>kim</sanskrit>
		<indonesian>apa gunanya</indonesian>
	</word>	<word>
		<sanskrit>naḥ</sanskrit>
		<indonesian>bagi kita</indonesian>
	</word>	<word>
		<sanskrit>rājyena</sanskrit>
		<indonesian>kerajaan adalah</indonesian>
	</word>	<word>
		<sanskrit>govinda</sanskrit>
		<indonesian>Krishna</indonesian>
	</word>	<word>
		<sanskrit>kim</sanskrit>
		<indonesian>apa</indonesian>
	</word>	<word>
		<sanskrit>bhogaiḥ</sanskrit>
		<indonesian>kenikmatan</indonesian>
	</word>	<word>
		<sanskrit>jīvitena</sanskrit>
		<indonesian>hidup</indonesian>
	</word>	<word>
		<sanskrit>vā</sanskrit>
		<indonesian>atau</indonesian>
	</word>	<word>
		<sanskrit>yeṣām</sanskrit>
		<indonesian>dari siapa</indonesian>
	</word>	<word>
		<sanskrit>arthe</sanskrit>
		<indonesian>demi kepentingan</indonesian>
	</word>	<word>
		<sanskrit>kāńkṣitam</sanskrit>
		<indonesian>diinginkan</indonesian>
	</word>	<word>
		<sanskrit>naḥ</sanskrit>
		<indonesian>oleh kita</indonesian>
	</word>	<word>
		<sanskrit>rājyam</sanskrit>
		<indonesian>kerajaan</indonesian>
	</word>	<word>
		<sanskrit>bhogāḥ</sanskrit>
		<indonesian>kenikmatan material</indonesian>
	</word>	<word>
		<sanskrit>sukhāni</sanskrit>
		<indonesian>segala kebahagiaan</indonesian>
	</word>	<word>
		<sanskrit>ca</sanskrit>
		<indonesian>juga</indonesian>
	</word>	<word>
		<sanskrit>te</sanskrit>
		<indonesian>mereka semua</indonesian>
	</word>	<word>
		<sanskrit>ime</sanskrit>
		<indonesian>ini</indonesian>
	</word>	<word>
		<sanskrit>avasthitāḥ</sanskrit>
		<indonesian>terletak</indonesian>
	</word>	<word>
		<sanskrit>yuddhe</sanskrit>
		<indonesian>di medan perang ini</indonesian>
	</word>	<word>
		<sanskrit>prāṇān</sanskrit>
		<indonesian>nyawan-yawa</indonesian>
	</word>	<word>
		<sanskrit>tyaktvā</sanskrit>
		<indonesian>menyerahkan</indonesian>
	</word>	<word>
		<sanskrit>dhanāni</sanskrit>
		<indonesian>kekayaan</indonesian>
	</word>	<word>
		<sanskrit>ca</sanskrit>
		<indonesian>juga</indonesian>
	</word>	<word>
		<sanskrit>ācāryāḥ</sanskrit>
		<indonesian>para guru-guru</indonesian>
	</word>	<word>
		<sanskrit>pitaraḥ</sanskrit>
		<indonesian>ayah-ayah</indonesian>
	</word>	<word>
		<sanskrit>putrāḥ</sanskrit>
		<indonesian>para putera</indonesian>
	</word>	<word>
		<sanskrit>tathā</sanskrit>
		<indonesian>beserta</indonesian>
	</word>	<word>
		<sanskrit>evā</sanskrit>
		<indonesian>pasti</indonesian>
	</word>	<word>
		<sanskrit>ca</sanskrit>
		<indonesian>juga</indonesian>
	</word>	<word>
		<sanskrit>pitāmahaḥ</sanskrit>
		<indonesian>kakek-kakek</indonesian>
	</word>	<word>
		<sanskrit>mātulāḥ</sanskrit>
		<indonesian>para paman dari keluarga ibu</indonesian>
	</word>	<word>
		<sanskrit>śvaśurāḥ</sanskrit>
		<indonesian>mertua-mertua</indonesian>
	</word>	<word>
		<sanskrit>pautrāḥ</sanskrit>
		<indonesian>para cucu-cucu</indonesian>
	</word>	<word>
		<sanskrit>śyālāḥ</sanskrit>
		<indonesian>para ipar-ipar</indonesian>
	</word>	<word>
		<sanskrit>sambandhinaḥ</sanskrit>
		<indonesian>sanak keluarga</indonesian>
	</word>	<word>
		<sanskrit>tathā</sanskrit>
		<indonesian>beserta</indonesian>
	</word>	<word>
		<sanskrit>etān</sanskrit>
		<indonesian>semua ini</indonesian>
	</word>	<word>
		<sanskrit>na</sanskrit>
		<indonesian>tidak pernah</indonesian>
	</word>	<word>
		<sanskrit>hantum</sanskrit>
		<indonesian>membunuh</indonesian>
	</word>	<word>
		<sanskrit>icchāmi</sanskrit>
		<indonesian>saya menginginkan</indonesian>
	</word>	<word>
		<sanskrit>ghnataḥ</sanskrit>
		<indonesian>dengan dibunuh</indonesian>
	</word>	<word>
		<sanskrit>api</sanskrit>
		<indonesian>walaupun</indonesian>
	</word>	<word>
		<sanskrit>Madhusūdana</sanskrit>
		<indonesian>wahai pembunuh raksasa yang bernama Madhu (Krishna)</indonesian>
	</word>	<word>
		<sanskrit>api</sanskrit>
		<indonesian>walaupun</indonesian>
	</word>	<word>
		<sanskrit>trai-lokyā</sanskrit>
		<indonesian>dari tiga dunia</indonesian>
	</word>	<word>
		<sanskrit>rājyasya</sanskrit>
		<indonesian>untuk kerajaan</indonesian>
	</word>	<word>
		<sanskrit>hetoh</sanskrit>
		<indonesian>sebagai pertukaran</indonesian>
	</word>	<word>
		<sanskrit>kim
nu</sanskrit>
		<indonesian>apalagi</indonesian>
	</word>	<word>
		<sanskrit>mahī-kṛte</sanskrit>
		<indonesian>untuk bumi</indonesian>
	</word>	<word>
		<sanskrit>nihatya</sanskrit>
		<indonesian>dengan membunuh</indonesian>
	</word>	<word>
		<sanskrit>dhārtarāṣṭrān</sanskrit>
		<indonesian>para putera</indonesian>
	</word>	<word>
		<sanskrit>Dhṛtarāṣṭra</sanskrit>
		<indonesian></indonesian>
	</word>	<word>
		<sanskrit>naḥ</sanskrit>
		<indonesian>milik kita</indonesian>
	</word>	<word>
		<sanskrit>kā</sanskrit>
		<indonesian>apa</indonesian>
	</word>	<word>
		<sanskrit>prītiḥ</sanskrit>
		<indonesian>kesenangan</indonesian>
	</word>	<word>
		<sanskrit>syāt</sanskrit>
		<indonesian>akan ada</indonesian>
	</word>	<word>
		<sanskrit>janārdana</sanskrit>
		<indonesian>wahai Pemelihara semua makhluk hidup.</indonesian>
	</word>	<word>
		<sanskrit>pāpam</sanskrit>
		<indonesian>dosa-dosa</indonesian>
	</word>	<word>
		<sanskrit>evā</sanskrit>
		<indonesian>pasti</indonesian>
	</word>	<word>
		<sanskrit>āśrayet</sanskrit>
		<indonesian>harus menguasai</indonesian>
	</word>	<word>
		<sanskrit>asmān</sanskrit>
		<indonesian>kita</indonesian>
	</word>	<word>
		<sanskrit>hatvā</sanskrit>
		<indonesian>dengan membunuh</indonesian>
	</word>	<word>
		<sanskrit>etān</sanskrit>
		<indonesian>semua ini</indonesian>
	</word>	<word>
		<sanskrit>ātatāyinaḥ</sanskrit>
		<indonesian>penyerang</indonesian>
	</word>	<word>
		<sanskrit>tasmāt</sanskrit>
		<indonesian>karena itu</indonesian>
	</word>	<word>
		<sanskrit>na</sanskrit>
		<indonesian>tidak pernah</indonesian>
	</word>	<word>
		<sanskrit>arhāḥ</sanskrit>
		<indonesian>patut</indonesian>
	</word>	<word>
		<sanskrit>vayam</sanskrit>
		<indonesian>kita</indonesian>
	</word>	<word>
		<sanskrit>hantum</sanskrit>
		<indonesian>membunuh</indonesian>
	</word>	<word>
		<sanskrit>dhārtarāṣṭrān</sanskrit>
		<indonesian>para putera</indonesian>
	</word>	<word>
		<sanskrit>Dhṛtarāṣṭra</sanskrit>
		<indonesian></indonesian>
	</word>	<word>
		<sanskrit>sa-bāndhavān</sanskrit>
		<indonesian>beserta kawan-kawan</indonesian>
	</word>	<word>
		<sanskrit>sva-janam</sanskrit>
		<indonesian>sanak keluarga</indonesian>
	</word>	<word>
		<sanskrit>hi</sanskrit>
		<indonesian>pasti</indonesian>
	</word>	<word>
		<sanskrit>katham</sanskrit>
		<indonesian>bagaimana</indonesian>
	</word>	<word>
		<sanskrit>hatvā</sanskrit>
		<indonesian>dengan membunuh</indonesian>
	</word>	<word>
		<sanskrit>sukhīnaḥ</sanskrit>
		<indonesian>bahagia</indonesian>
	</word>	<word>
		<sanskrit>syāmā</sanskrit>
		<indonesian>kita akan menjadi</indonesian>
	</word>	<word>
		<sanskrit>mādhava</sanskrit>
		<indonesian>o Krishna, suami Dewi Keberuntungan.</indonesian>
	</word>	<word>
		<sanskrit>yādi</sanskrit>
		<indonesian>kalau</indonesian>
	</word>	<word>
		<sanskrit>api</sanskrit>
		<indonesian>walaupun</indonesian>
	</word>	<word>
		<sanskrit>ete</sanskrit>
		<indonesian>mereka</indonesian>
	</word>	<word>
		<sanskrit>na</sanskrit>
		<indonesian>tidak</indonesian>
	</word>	<word>
		<sanskrit>paśyānti</sanskrit>
		<indonesian>melihat</indonesian>
	</word>	<word>
		<sanskrit>lobha</sanskrit>
		<indonesian>oleh kelobaan</indonesian>
	</word>	<word>
		<sanskrit>upahata</sanskrit>
		<indonesian>dikuasai</indonesian>
	</word>	<word>
		<sanskrit>cetasāh</sanskrit>
		<indonesian>hati mereka</indonesian>
	</word>	<word>
		<sanskrit>kula-kṣaya</sanskrit>
		<indonesian>dalam membunuh keluarga</indonesian>
	</word>	<word>
		<sanskrit>kṛtam</sanskrit>
		<indonesian>dilakukan</indonesian>
	</word>	<word>
		<sanskrit>doṣam</sanskrit>
		<indonesian>kesalahan</indonesian>
	</word>	<word>
		<sanskrit>mitra-drohe</sanskrit>
		<indonesian>dalam pertengkaran dengan kawan-kawannya</indonesian>
	</word>	<word>
		<sanskrit>ca</sanskrit>
		<indonesian>juga</indonesian>
	</word>	<word>
		<sanskrit>pātakam</sanskrit>
		<indonesian>reaksi-reaksi dosa</indonesian>
	</word>	<word>
		<sanskrit>katham</sanskrit>
		<indonesian>mengapa</indonesian>
	</word>	<word>
		<sanskrit>na</sanskrit>
		<indonesian>seharusnya tidak</indonesian>
	</word>	<word>
		<sanskrit>jñeyam</sanskrit>
		<indonesian>menjadi terkenal</indonesian>
	</word>	<word>
		<sanskrit>asmābhiḥ</sanskrit>
		<indonesian>oleh kita</indonesian>
	</word>	<word>
		<sanskrit>pāpāt</sanskrit>
		<indonesian>dari dosa</indonesian>
	</word>	<word>
		<sanskrit>asmāt</sanskrit>
		<indonesian>ini</indonesian>
	</word>	<word>
		<sanskrit>nivartitum</sanskrit>
		<indonesian>berhenti</indonesian>
	</word>	<word>
		<sanskrit>kula-kṣaya</sanskrit>
		<indonesian>dalam membinasakan keluarga besar</indonesian>
	</word>	<word>
		<sanskrit>kṛtam</sanskrit>
		<indonesian>dilaksanakan</indonesian>
	</word>	<word>
		<sanskrit>doṣam</sanskrit>
		<indonesian>kejahatan</indonesian>
	</word>	<word>
		<sanskrit>prapaśyadbhiḥ</sanskrit>
		<indonesian>oleh orang yang dapat melihat</indonesian>
	</word>	<word>
		<sanskrit>janārdana</sanskrit>
		<indonesian>o Krishna.</indonesian>
	</word>	<word>
		<sanskrit>kula-kṣaye</sanskrit>
		<indonesian>dalam membinasakan keluarga</indonesian>
	</word>	<word>
		<sanskrit>praṇaśyānti</sanskrit>
		<indonesian>dihancurkan</indonesian>
	</word>	<word>
		<sanskrit>kula-dharmāḥ</sanskrit>
		<indonesian>tradisi-tradisi dari keluarga</indonesian>
	</word>	<word>
		<sanskrit>sanātanāḥ</sanskrit>
		<indonesian>kekal</indonesian>
	</word>	<word>
		<sanskrit>dharme</sanskrit>
		<indonesian>dharma</indonesian>
	</word>	<word>
		<sanskrit>naṣṭe</sanskrit>
		<indonesian>dibinasakan</indonesian>
	</word>	<word>
		<sanskrit>kulam</sanskrit>
		<indonesian>keluarga</indonesian>
	</word>	<word>
		<sanskrit>kṛtsnam</sanskrit>
		<indonesian>seluruh</indonesian>
	</word>	<word>
		<sanskrit>adharmaḥ</sanskrit>
		<indonesian>hal-hal yang bertentangan dengan dharma</indonesian>
	</word>	<word>
		<sanskrit>abhibhavāti</sanskrit>
		<indonesian>berubah</indonesian>
	</word>	<word>
		<sanskrit>uta</sanskrit>
		<indonesian>dikatakan.</indonesian>
	</word>	<word>
		<sanskrit>adharma</sanskrit>
		<indonesian>hal-hal yang bertentangan dengan dharma</indonesian>
	</word>	<word>
		<sanskrit>abhibhavāt</sanskrit>
		<indonesian>setelah menonjol</indonesian>
	</word>	<word>
		<sanskrit>kṛṣṇa</sanskrit>
		<indonesian>o Krishna</indonesian>
	</word>	<word>
		<sanskrit>praduṣyānti</sanskrit>
		<indonesian>dicemari</indonesian>
	</word>	<word>
		<sanskrit>kula-striyaḥ</sanskrit>
		<indonesian>para wanita dalam keluarga</indonesian>
	</word>	<word>
		<sanskrit>strīṣu</sanskrit>
		<indonesian>oleh kaum wanita</indonesian>
	</word>	<word>
		<sanskrit>duṣṭāsu</sanskrit>
		<indonesian>dengan dicemari seperti itu</indonesian>
	</word>	<word>
		<sanskrit>vārṣṇeya</sanskrit>
		<indonesian>o putera keluarga</indonesian>
	</word>	<word>
		<sanskrit>Vṛṣṇi</sanskrit>
		<indonesian></indonesian>
	</word>	<word>
		<sanskrit>jāyate</sanskrit>
		<indonesian>terwujud</indonesian>
	</word>	<word>
		<sanskrit>varṇa-sańkaraḥ</sanskrit>
		<indonesian>keturunan yang tidak diinginkan.</indonesian>
	</word>	<word>
		<sanskrit>Vṛṣṇi</sanskrit>
		<indonesian>.</indonesian>
	</word>	<word>
		<sanskrit>śańkaraḥ</sanskrit>
		<indonesian>anak-anak yang tidak diinginkan seperti itu; nara</indonesian>
	</word>	<word>
		<sanskrit>kāya</sanskrit>
		<indonesian>menyebabkan kehidupan seperti neraka</indonesian>
	</word>	<word>
		<sanskrit>evā</sanskrit>
		<indonesian>pasti</indonesian>
	</word>	<word>
		<sanskrit>kula-ghnānām</sanskrit>
		<indonesian>bagi orang yang membunuh keluarga</indonesian>
	</word>	<word>
		<sanskrit>kulasya</sanskrit>
		<indonesian>untuk keluarga</indonesian>
	</word>	<word>
		<sanskrit>ca</sanskrit>
		<indonesian>juga</indonesian>
	</word>	<word>
		<sanskrit>patanti</sanskrit>
		<indonesian>jatuh</indonesian>
	</word>	<word>
		<sanskrit>pitaraḥ</sanskrit>
		<indonesian>leluhur</indonesian>
	</word>	<word>
		<sanskrit>hi</sanskrit>
		<indonesian>pasti</indonesian>
	</word>	<word>
		<sanskrit>eṣām</sanskrit>
		<indonesian>dari mereka</indonesian>
	</word>	<word>
		<sanskrit>lupta</sanskrit>
		<indonesian>dihentikan</indonesian>
	</word>	<word>
		<sanskrit>piṇḍa</sanskrit>
		<indonesian>dari persembahan makanan</indonesian>
	</word>	<word>
		<sanskrit>udaka</sanskrit>
		<indonesian>dan air</indonesian>
	</word>	<word>
		<sanskrit>kriyāḥ</sanskrit>
		<indonesian>pelaksanaan.</indonesian>
	</word>	<word>
		<sanskrit>doṣaiḥ</sanskrit>
		<indonesian>oleh kesalahan-kesalahan seperti itu</indonesian>
	</word>	<word>
		<sanskrit>etaiḥ</sanskrit>
		<indonesian>semua ini</indonesian>
	</word>	<word>
		<sanskrit>kula-ghnānām</sanskrit>
		<indonesian>oleh para pembinasa keluarga</indonesian>
	</word>	<word>
		<sanskrit>varṇa-sańkara</sanskrit>
		<indonesian>anak-anak yang tidak dinginkan</indonesian>
	</word>	<word>
		<sanskrit>kārakaiḥ</sanskrit>
		<indonesian>yang menyebabkan</indonesian>
	</word>	<word>
		<sanskrit>utsādyante</sanskrit>
		<indonesian>dibinasakan</indonesian>
	</word>	<word>
		<sanskrit>jāti-dharmāḥ</sanskrit>
		<indonesian>proyek-proyek dalam masyarakat</indonesian>
	</word>	<word>
		<sanskrit>kula-dharmāḥ</sanskrit>
		<indonesian>tradisi-tradisi keluarga</indonesian>
	</word>	<word>
		<sanskrit>ca</sanskrit>
		<indonesian>juga</indonesian>
	</word>	<word>
		<sanskrit>śāśvatāḥ</sanskrit>
		<indonesian>kekal.</indonesian>
	</word>	<word>
		<sanskrit>utsanna</sanskrit>
		<indonesian>dirusakkan</indonesian>
	</word>	<word>
		<sanskrit>kula-dharmāṇām</sanskrit>
		<indonesian>mengenai mereka yang mempunyai tradisi keluarga</indonesian>
	</word>	<word>
		<sanskrit>manuṣyāṇām</sanskrit>
		<indonesian>mengenai manusia seperti itu</indonesian>
	</word>	<word>
		<sanskrit>janārdana</sanskrit>
		<indonesian>o Krishna</indonesian>
	</word>	<word>
		<sanskrit>narake</sanskrit>
		<indonesian>di neraka</indonesian>
	</word>	<word>
		<sanskrit>niyatam</sanskrit>
		<indonesian>selalu</indonesian>
	</word>	<word>
		<sanskrit>vāsaḥ</sanskrit>
		<indonesian>tempat tinggal</indonesian>
	</word>	<word>
		<sanskrit>bhavati</sanskrit>
		<indonesian>menjadi seperti itu</indonesian>
	</word>	<word>
		<sanskrit>iti</sanskrit>
		<indonesian>demikian</indonesian>
	</word>	<word>
		<sanskrit>anuśuśruma</sanskrit>
		<indonesian>saya sudah mendengar menurut garis perguruan.</indonesian>
	</word>	<word>
		<sanskrit>aho</sanskrit>
		<indonesian>aduh</indonesian>
	</word>	<word>
		<sanskrit>bata</sanskrit>
		<indonesian>alangkah</indonesian>
	</word>	<word>
		<sanskrit>mahat</sanskrit>
		<indonesian>besar</indonesian>
	</word>	<word>
		<sanskrit>pāpam</sanskrit>
		<indonesian>dosa-dosa</indonesian>
	</word>	<word>
		<sanskrit>kartum</sanskrit>
		<indonesian>untuk melakukan</indonesian>
	</word>	<word>
		<sanskrit>vyavasitāḥ</sanskrit>
		<indonesian>sudah mengambil keputusan</indonesian>
	</word>	<word>
		<sanskrit>vayam</sanskrit>
		<indonesian>kita</indonesian>
	</word>	<word>
		<sanskrit>yat</sanskrit>
		<indonesian>karena</indonesian>
	</word>	<word>
		<sanskrit>rājya-sukha-lobhena</sanskrit>
		<indonesian>didorong oleh kelobaan untuk kesenangan kerajaan</indonesian>
	</word>	<word>
		<sanskrit>hantum</sanskrit>
		<indonesian>membunuh</indonesian>
	</word>	<word>
		<sanskrit>sva-janam</sanskrit>
		<indonesian>sanak keluarga</indonesian>
	</word>	<word>
		<sanskrit>udyatāḥ</sanskrit>
		<indonesian>berusaha.</indonesian>
	</word>	<word>
		<sanskrit>yādi</sanskrit>
		<indonesian>kalau pun</indonesian>
	</word>	<word>
		<sanskrit>mām</sanskrit>
		<indonesian>kepada hamba</indonesian>
	</word>	<word>
		<sanskrit>apratīkāram</sanskrit>
		<indonesian>tanpa melawan</indonesian>
	</word>	<word>
		<sanskrit>aśastram</sanskrit>
		<indonesian>tanpa bersenjata lengkap</indonesian>
	</word>	<word>
		<sanskrit>śastra-pāṇayaḥ</sanskrit>
		<indonesian>orang yang membawa senjata di tangan</indonesian>
	</word>	<word>
		<sanskrit>dhārtarāṣṭrāḥ</sanskrit>
		<indonesian>para putera</indonesian>
	</word>	<word>
		<sanskrit>Dhṛtarāṣṭra</sanskrit>
		<indonesian></indonesian>
	</word>	<word>
		<sanskrit>raṇe</sanskrit>
		<indonesian>di medan perang</indonesian>
	</word>	<word>
		<sanskrit>hanyuḥ</sanskrit>
		<indonesian>dapat membunuh</indonesian>
	</word>	<word>
		<sanskrit>tat</sanskrit>
		<indonesian>itu</indonesian>
	</word>	<word>
		<sanskrit>me</sanskrit>
		<indonesian>bagi saya</indonesian>
	</word>	<word>
		<sanskrit>kṣema-taram</sanskrit>
		<indonesian>lebih baik</indonesian>
	</word>	<word>
		<sanskrit>bhavet</sanskrit>
		<indonesian>akan menjadi.</indonesian>
	</word>	<word>
		<sanskrit>sañjayaḥ uvāca</sanskrit>
		<indonesian>Sañjaya berkata</indonesian>
	</word>	<word>
		<sanskrit>evam</sanskrit>
		<indonesian>demikian</indonesian>
	</word>	<word>
		<sanskrit>uktvā</sanskrit>
		<indonesian>berkata</indonesian>
	</word>	<word>
		<sanskrit>Arjunaḥ—Arjuna</sanskrit>
		<indonesian></indonesian>
	</word>	<word>
		<sanskrit>sańkhye</sanskrit>
		<indonesian>di medan perang</indonesian>
	</word>	<word>
		<sanskrit>ratha</sanskrit>
		<indonesian>kereta</indonesian>
	</word>	<word>
		<sanskrit>upasthe</sanskrit>
		<indonesian>di tempat duduk</indonesian>
	</word>	<word>
		<sanskrit>upāviśat</sanskrit>
		<indonesian>duduk sekali lagi</indonesian>
	</word>	<word>
		<sanskrit>visṛjya</sanskrit>
		<indonesian>meletakkan di sampingnya</indonesian>
	</word>	<word>
		<sanskrit>sa-śaram</sanskrit>
		<indonesian>beserta anak-anak panah</indonesian>
	</word>	<word>
		<sanskrit>cāpam</sanskrit>
		<indonesian>busur</indonesian>
	</word>	<word>
		<sanskrit>śoka</sanskrit>
		<indonesian>oleh penyesalan</indonesian>
	</word>	<word>
		<sanskrit>samvigna</sanskrit>
		<indonesian>berdukacita</indonesian>
	</word>	<word>
		<sanskrit>mānasaḥ</sanskrit>
		<indonesian>dalam pikiran.</indonesian>
	</word></root>