<?xml version="1.0" encoding="UTF-8"?>
<root>	<word>
		<sanskrit>Śrī-bhagavān
uvāca</sanskrit>
		<indonesian/>
	</word>	<word>
		<sanskrit>bhūyaḥ</sanskrit>
		<indonesian>lagi</indonesian>
	</word>	<word>
		<sanskrit>evā</sanskrit>
		<indonesian>pasti</indonesian>
	</word>	<word>
		<sanskrit>mahā-bāho</sanskrit>
		<indonesian>wahai yang berlengan perkasa</indonesian>
	</word>	<word>
		<sanskrit>śṛṇu</sanskrit>
		<indonesian>dengarkanlah</indonesian>
	</word>	<word>
		<sanskrit>me</sanskrit>
		<indonesian>milik-Ku</indonesian>
	</word>	<word>
		<sanskrit>paramam</sanskrit>
		<indonesian>paling utama</indonesian>
	</word>	<word>
		<sanskrit>vacaḥ</sanskrit>
		<indonesian>pelajaran</indonesian>
	</word>	<word>
		<sanskrit>yat</sanskrit>
		<indonesian>itu yang</indonesian>
	</word>	<word>
		<sanskrit>te</sanskrit>
		<indonesian>kepadamu</indonesian>
	</word>	<word>
		<sanskrit>aham</sanskrit>
		<indonesian>Aku</indonesian>
	</word>	<word>
		<sanskrit>prīyamāṇāya</sanskrit>
		<indonesian>dengan berpikir bahwa engkau tercinta bagi-Ku</indonesian>
	</word>	<word>
		<sanskrit>vakṣyāmi</sanskrit>
		<indonesian>bersabda</indonesian>
	</word>	<word>
		<sanskrit>hita-kāmyayā</sanskrit>
		<indonesian>demi keuntunganmu.</indonesian>
	</word>	<word>
		<sanskrit>na</sanskrit>
		<indonesian>tidak pernah</indonesian>
	</word>	<word>
		<sanskrit>me</sanskrit>
		<indonesian>milik-Ku</indonesian>
	</word>	<word>
		<sanskrit>viduḥ</sanskrit>
		<indonesian>mengenal</indonesian>
	</word>	<word>
		<sanskrit>sura-gaṇāḥ</sanskrit>
		<indonesian>para dewa-dewa</indonesian>
	</word>	<word>
		<sanskrit>prabhavam</sanskrit>
		<indonesian>asal mula kehebatan-kehebatan</indonesian>
	</word>	<word>
		<sanskrit>na</sanskrit>
		<indonesian>tidak pernah</indonesian>
	</word>	<word>
		<sanskrit>mahā-ṛṣayaḥ</sanskrit>
		<indonesian>resi-resi yang mulia</indonesian>
	</word>	<word>
		<sanskrit>aham</sanskrit>
		<indonesian>Aku adalah</indonesian>
	</word>	<word>
		<sanskrit>ādiḥ</sanskrit>
		<indonesian>sumber</indonesian>
	</word>	<word>
		<sanskrit>hi</sanskrit>
		<indonesian>pasti</indonesian>
	</word>	<word>
		<sanskrit>devānām</sanskrit>
		<indonesian>para dewa</indonesian>
	</word>	<word>
		<sanskrit>mahā-ṛṣīṇām</sanskrit>
		<indonesian>para resi yang mulia</indonesian>
	</word>	<word>
		<sanskrit>ca</sanskrit>
		<indonesian>juga</indonesian>
	</word>	<word>
		<sanskrit>sarvāsaḥ</sanskrit>
		<indonesian>dalam segala hal.</indonesian>
	</word>	<word>
		<sanskrit>yaḥ</sanskrit>
		<indonesian>siapa pun yang</indonesian>
	</word>	<word>
		<sanskrit>mām</sanskrit>
		<indonesian>Aku</indonesian>
	</word>	<word>
		<sanskrit>ajam</sanskrit>
		<indonesian>tidak dilahirkan</indonesian>
	</word>	<word>
		<sanskrit>anādim</sanskrit>
		<indonesian>tidak berawal</indonesian>
	</word>	<word>
		<sanskrit>ca</sanskrit>
		<indonesian>juga</indonesian>
	</word>	<word>
		<sanskrit>vetti</sanskrit>
		<indonesian>mengenal</indonesian>
	</word>	<word>
		<sanskrit>loka</sanskrit>
		<indonesian>dari planet-planet</indonesian>
	</word>	<word>
		<sanskrit>mahā-īśvaram</sanskrit>
		<indonesian>penguasa tertinggi</indonesian>
	</word>	<word>
		<sanskrit>asammūḍhaḥ</sanskrit>
		<indonesian>tidak berkhayal</indonesian>
	</word>	<word>
		<sanskrit>saḥ</sanskrit>
		<indonesian>dia</indonesian>
	</word>	<word>
		<sanskrit>martyeṣu</sanskrit>
		<indonesian>di kalangan orang yang mengalami kematian</indonesian>
	</word>	<word>
		<sanskrit>sarva-pāpaiḥ</sanskrit>
		<indonesian>dari segala reaksi dosa</indonesian>
	</word>	<word>
		<sanskrit>pramucyate</sanskrit>
		<indonesian>diselamatkan.</indonesian>
	</word>	<word>
		<sanskrit>buddhiḥ</sanskrit>
		<indonesian>kecerdasan</indonesian>
	</word>	<word>
		<sanskrit>jñānam</sanskrit>
		<indonesian>pengetahuan</indonesian>
	</word>	<word>
		<sanskrit>asammohaḥ</sanskrit>
		<indonesian>kebebasan dari keragu-raguan</indonesian>
	</word>	<word>
		<sanskrit>kṣamā</sanskrit>
		<indonesian>pengampunan</indonesian>
	</word>	<word>
		<sanskrit>satyam</sanskrit>
		<indonesian>kejujuran</indonesian>
	</word>	<word>
		<sanskrit>damaḥ</sanskrit>
		<indonesian>pengendalian indera-indera</indonesian>
	</word>	<word>
		<sanskrit>samaḥ</sanskrit>
		<indonesian>pengendalian pikiran</indonesian>
	</word>	<word>
		<sanskrit>sukham</sanskrit>
		<indonesian>kebahagiaan</indonesian>
	</word>	<word>
		<sanskrit>duḥkham</sanskrit>
		<indonesian>dukacita</indonesian>
	</word>	<word>
		<sanskrit>bhāvaḥ</sanskrit>
		<indonesian>kelahiran</indonesian>
	</word>	<word>
		<sanskrit>abhāvaḥ</sanskrit>
		<indonesian>kematian</indonesian>
	</word>	<word>
		<sanskrit>bhayam</sanskrit>
		<indonesian>rasa takut</indonesian>
	</word>	<word>
		<sanskrit>ca</sanskrit>
		<indonesian>juga</indonesian>
	</word>	<word>
		<sanskrit>abhayam</sanskrit>
		<indonesian>kebebasan dari rasa takut</indonesian>
	</word>	<word>
		<sanskrit>evā</sanskrit>
		<indonesian>juga</indonesian>
	</word>	<word>
		<sanskrit>ca</sanskrit>
		<indonesian>dan</indonesian>
	</word>	<word>
		<sanskrit>ahiḿsā</sanskrit>
		<indonesian>tidak melakukan kekerasan</indonesian>
	</word>	<word>
		<sanskrit>samatā</sanskrit>
		<indonesian>keseimbangan</indonesian>
	</word>	<word>
		<sanskrit>tuṣṭiḥ</sanskrit>
		<indonesian>kepuasan</indonesian>
	</word>	<word>
		<sanskrit>tapaḥ</sanskrit>
		<indonesian>pertapaan</indonesian>
	</word>	<word>
		<sanskrit>dānam</sanskrit>
		<indonesian>kedermawanan</indonesian>
	</word>	<word>
		<sanskrit>yaśaḥ</sanskrit>
		<indonesian>kemasyhuran</indonesian>
	</word>	<word>
		<sanskrit>ayaśaḥ</sanskrit>
		<indonesian>penghinaan</indonesian>
	</word>	<word>
		<sanskrit>bhavānti</sanskrit>
		<indonesian>terjadi</indonesian>
	</word>	<word>
		<sanskrit>bhāvaḥ</sanskrit>
		<indonesian>sifat-sifat</indonesian>
	</word>	<word>
		<sanskrit>bhūtānām</sanskrit>
		<indonesian>para makhluk hidup</indonesian>
	</word>	<word>
		<sanskrit>mattaḥ</sanskrit>
		<indonesian>dari-Ku</indonesian>
	</word>	<word>
		<sanskrit>evā</sanskrit>
		<indonesian>pasti</indonesian>
	</word>	<word>
		<sanskrit>pṛthak-vidhāḥ</sanskrit>
		<indonesian>disusun dengan berbagai cara.</indonesian>
	</word>	<word>
		<sanskrit>mahā-ṛṣayaḥ</sanskrit>
		<indonesian>resi-resi yang mulia</indonesian>
	</word>	<word>
		<sanskrit>sapta</sanskrit>
		<indonesian>tujuh</indonesian>
	</word>	<word>
		<sanskrit>pūrve</sanskrit>
		<indonesian>sebelumnya</indonesian>
	</word>	<word>
		<sanskrit>catvāraḥ</sanskrit>
		<indonesian>empat</indonesian>
	</word>	<word>
		<sanskrit>mānavāḥ</sanskrit>
		<indonesian>para Manu</indonesian>
	</word>	<word>
		<sanskrit>tathā</sanskrit>
		<indonesian>juga</indonesian>
	</word>	<word>
		<sanskrit>mat-bhāvaḥ</sanskrit>
		<indonesian>dilahirkan dari-Ku</indonesian>
	</word>	<word>
		<sanskrit>mānasaḥ</sanskrit>
		<indonesian>dari pikiran</indonesian>
	</word>	<word>
		<sanskrit>jātāḥ</sanskrit>
		<indonesian>dilahirkan</indonesian>
	</word>	<word>
		<sanskrit>yeṣām</sanskrit>
		<indonesian>dari mereka</indonesian>
	</word>	<word>
		<sanskrit>loke</sanskrit>
		<indonesian>di dunia</indonesian>
	</word>	<word>
		<sanskrit>imāḥ</sanskrit>
		<indonesian>segala ini</indonesian>
	</word>	<word>
		<sanskrit>prajāḥ</sanskrit>
		<indonesian>penduduk.</indonesian>
	</word>	<word>
		<sanskrit>brahmaṇā</sanskrit>
		<indonesian>dan ksatriya dilahirkan dari tenaga Kepribadian Tuhan Yang Maha Esa. Brahma bernama Pitamaha, yang berarti kakek, dan Krishna terkenal sebagai Prapitamaha, yang berarti kakek moyang. Ini dinyatakan dalam Bab Sebelas dari</indonesian>
	</word>	<word>
		<sanskrit>Bhagavad-gita</sanskrit>
		<indonesian>(11.39).</indonesian>
	</word>	<word>
		<sanskrit>etām</sanskrit>
		<indonesian>semua ini</indonesian>
	</word>	<word>
		<sanskrit>vibhūtim</sanskrit>
		<indonesian>kehebatan</indonesian>
	</word>	<word>
		<sanskrit>yogam</sanskrit>
		<indonesian>kekuatan batin</indonesian>
	</word>	<word>
		<sanskrit>ca</sanskrit>
		<indonesian>juga</indonesian>
	</word>	<word>
		<sanskrit>mama</sanskrit>
		<indonesian>milik-Ku</indonesian>
	</word>	<word>
		<sanskrit>yaḥ</sanskrit>
		<indonesian>siapa pun yang</indonesian>
	</word>	<word>
		<sanskrit>vetti</sanskrit>
		<indonesian>mengenal</indonesian>
	</word>	<word>
		<sanskrit>tattvataḥ</sanskrit>
		<indonesian>dengan sebenarnya</indonesian>
	</word>	<word>
		<sanskrit>saḥ</sanskrit>
		<indonesian>dia</indonesian>
	</word>	<word>
		<sanskrit>avikalpena</sanskrit>
		<indonesian>tanpa pembagian</indonesian>
	</word>	<word>
		<sanskrit>yogena</sanskrit>
		<indonesian>dalam bhakti</indonesian>
	</word>	<word>
		<sanskrit>yujyate</sanskrit>
		<indonesian>tekun</indonesian>
	</word>	<word>
		<sanskrit>na</sanskrit>
		<indonesian>tidak pernah</indonesian>
	</word>	<word>
		<sanskrit>atra</sanskrit>
		<indonesian>di sini</indonesian>
	</word>	<word>
		<sanskrit>saḿśayaḥ</sanskrit>
		<indonesian>keragu-raguan.</indonesian>
	</word>	<word>
		<sanskrit>aham</sanskrit>
		<indonesian>Aku</indonesian>
	</word>	<word>
		<sanskrit>sarvasya</sanskrit>
		<indonesian>dari semua</indonesian>
	</word>	<word>
		<sanskrit>prabhāvaḥ</sanskrit>
		<indonesian>sumber keturunan</indonesian>
	</word>	<word>
		<sanskrit>mattaḥ</sanskrit>
		<indonesian>dari-Ku</indonesian>
	</word>	<word>
		<sanskrit>sarvam</sanskrit>
		<indonesian>segala sesuatu</indonesian>
	</word>	<word>
		<sanskrit>prāvartate</sanskrit>
		<indonesian>berasal</indonesian>
	</word>	<word>
		<sanskrit>iti</sanskrit>
		<indonesian>demikian</indonesian>
	</word>	<word>
		<sanskrit>matvā</sanskrit>
		<indonesian>mengetahui</indonesian>
	</word>	<word>
		<sanskrit>bhajante</sanskrit>
		<indonesian>berbhakti</indonesian>
	</word>	<word>
		<sanskrit>mām</sanskrit>
		<indonesian>kepada-Ku</indonesian>
	</word>	<word>
		<sanskrit>budhāḥ</sanskrit>
		<indonesian>orang bijaksana</indonesian>
	</word>	<word>
		<sanskrit>bhāva-samanvitāḥ</sanskrit>
		<indonesian>dengan perhatian penuh.</indonesian>
	</word>	<word>
		<sanskrit>mat-cittaḥ</sanskrit>
		<indonesian>pikiran tekun sepenuhnya kepada-Ku</indonesian>
	</word>	<word>
		<sanskrit>mat-gata-prāṇāḥ</sanskrit>
		<indonesian>kehidupannya dipersembahkan kepada-Ku</indonesian>
	</word>	<word>
		<sanskrit>bodhayantaḥ</sanskrit>
		<indonesian>mengajarkan</indonesian>
	</word>	<word>
		<sanskrit>parasparam</sanskrit>
		<indonesian>satu sama lain</indonesian>
	</word>	<word>
		<sanskrit>kathayantaḥ</sanskrit>
		<indonesian>berbicara</indonesian>
	</word>	<word>
		<sanskrit>ca</sanskrit>
		<indonesian>juga</indonesian>
	</word>	<word>
		<sanskrit>mām</sanskrit>
		<indonesian>tentang-Ku</indonesian>
	</word>	<word>
		<sanskrit>nityam</sanskrit>
		<indonesian>untuk selamanya</indonesian>
	</word>	<word>
		<sanskrit>tusyānti</sanskrit>
		<indonesian>bersenang hati</indonesian>
	</word>	<word>
		<sanskrit>ca</sanskrit>
		<indonesian>juga</indonesian>
	</word>	<word>
		<sanskrit>ramanti</sanskrit>
		<indonesian>menikmati kebahagiaan rohani</indonesian>
	</word>	<word>
		<sanskrit>ca</sanskrit>
		<indonesian>juga.</indonesian>
	</word>	<word>
		<sanskrit>teṣām</sanskrit>
		<indonesian>kepada mereka</indonesian>
	</word>	<word>
		<sanskrit>satata-yuktānām</sanskrit>
		<indonesian>selalu tekun</indonesian>
	</word>	<word>
		<sanskrit>bhajatām</sanskrit>
		<indonesian>dalam berbhakti</indonesian>
	</word>	<word>
		<sanskrit>prīti-pūrvakam</sanskrit>
		<indonesian>dalam cinta-bhakti kebahagiaan rohani</indonesian>
	</word>	<word>
		<sanskrit>dadāmi</sanskrit>
		<indonesian>Aku memberikan</indonesian>
	</word>	<word>
		<sanskrit>buddhiyogam</sanskrit>
		<indonesian>kecerdasan yang sejati</indonesian>
	</word>	<word>
		<sanskrit>tam</sanskrit>
		<indonesian>itu</indonesian>
	</word>	<word>
		<sanskrit>yena</sanskrit>
		<indonesian>dengan itu</indonesian>
	</word>	<word>
		<sanskrit>mām</sanskrit>
		<indonesian>kepada-Ku</indonesian>
	</word>	<word>
		<sanskrit>upayānti</sanskrit>
		<indonesian>datang</indonesian>
	</word>	<word>
		<sanskrit>te</sanskrit>
		<indonesian>mereka.</indonesian>
	</word>	<word>
		<sanskrit>teṣām</sanskrit>
		<indonesian>kepada mereka</indonesian>
	</word>	<word>
		<sanskrit>evā</sanskrit>
		<indonesian>pasti</indonesian>
	</word>	<word>
		<sanskrit>anukampā-artham</sanskrit>
		<indonesian>untuk memperlihatkan karunia yang istimewa</indonesian>
	</word>	<word>
		<sanskrit>aham</sanskrit>
		<indonesian>Aku</indonesian>
	</word>	<word>
		<sanskrit>ajñāna-jam</sanskrit>
		<indonesian>karena kebodohan</indonesian>
	</word>	<word>
		<sanskrit>tamaḥ</sanskrit>
		<indonesian>kegelapan</indonesian>
	</word>	<word>
		<sanskrit>nāśayāmi</sanskrit>
		<indonesian>menghilangkan</indonesian>
	</word>	<word>
		<sanskrit>ātma-bhāva</sanskrit>
		<indonesian>di dalam hatinya</indonesian>
	</word>	<word>
		<sanskrit>sthaḥ</sanskrit>
		<indonesian>mantap</indonesian>
	</word>	<word>
		<sanskrit>jñāna</sanskrit>
		<indonesian>dari pengetahuan</indonesian>
	</word>	<word>
		<sanskrit>dīpena</sanskrit>
		<indonesian>dengan lampu</indonesian>
	</word>	<word>
		<sanskrit>bhāsvatā</sanskrit>
		<indonesian>cemerlang.</indonesian>
	</word>	<word>
		<sanskrit>Arjunaḥ uvāca</sanskrit>
		<indonesian>Arjuna berkata</indonesian>
	</word>	<word>
		<sanskrit>param</sanskrit>
		<indonesian>paling utama</indonesian>
	</word>	<word>
		<sanskrit>brahma</sanskrit>
		<indonesian>kebenaran</indonesian>
	</word>	<word>
		<sanskrit>param</sanskrit>
		<indonesian>paling utama</indonesian>
	</word>	<word>
		<sanskrit>dhāma</sanskrit>
		<indonesian>pemeliharaan</indonesian>
	</word>	<word>
		<sanskrit>pavitram</sanskrit>
		<indonesian>murni</indonesian>
	</word>	<word>
		<sanskrit>paramam</sanskrit>
		<indonesian>paling utama</indonesian>
	</word>	<word>
		<sanskrit>bhavān</sanskrit>
		<indonesian>Anda</indonesian>
	</word>	<word>
		<sanskrit>puruṣam</sanskrit>
		<indonesian>kepribadian</indonesian>
	</word>	<word>
		<sanskrit>śāśvatam</sanskrit>
		<indonesian>asli</indonesian>
	</word>	<word>
		<sanskrit>divyam</sanskrit>
		<indonesian>rohani dan melampaui hal-hal duniawi</indonesian>
	</word>	<word>
		<sanskrit>ādi-devam</sanskrit>
		<indonesian>Tuhan Yang Maha Esa yang asli</indonesian>
	</word>	<word>
		<sanskrit>ajam</sanskrit>
		<indonesian>tidak dilahirkan</indonesian>
	</word>	<word>
		<sanskrit>vibhum</sanskrit>
		<indonesian>Yang Maha Tinggi</indonesian>
	</word>	<word>
		<sanskrit>āhuḥ</sanskrit>
		<indonesian>berkata</indonesian>
	</word>	<word>
		<sanskrit>tvām</sanskrit>
		<indonesian>tentang Anda</indonesian>
	</word>	<word>
		<sanskrit>ṛṣayaḥ</sanskrit>
		<indonesian>resi-resi</indonesian>
	</word>	<word>
		<sanskrit>sarve</sanskrit>
		<indonesian>semua</indonesian>
	</word>	<word>
		<sanskrit>deva-ṛṣiḥ</sanskrit>
		<indonesian>di kalangan dewa</indonesian>
	</word>	<word>
		<sanskrit>nāradaḥ</sanskrit>
		<indonesian>Nārada</indonesian>
	</word>	<word>
		<sanskrit>tathā</sanskrit>
		<indonesian>juga</indonesian>
	</word>	<word>
		<sanskrit>asitaḥ</sanskrit>
		<indonesian>Asita</indonesian>
	</word>	<word>
		<sanskrit>devalaḥ</sanskrit>
		<indonesian>Devala</indonesian>
	</word>	<word>
		<sanskrit>vyāsaḥ</sanskrit>
		<indonesian>Vyasa</indonesian>
	</word>	<word>
		<sanskrit>svayam</sanskrit>
		<indonesian>secara pribadi</indonesian>
	</word>	<word>
		<sanskrit>ca</sanskrit>
		<indonesian>juga</indonesian>
	</word>	<word>
		<sanskrit>evā</sanskrit>
		<indonesian>pasti</indonesian>
	</word>	<word>
		<sanskrit>bravīṣī</sanskrit>
		<indonesian>Anda menjelaskan</indonesian>
	</word>	<word>
		<sanskrit>me</sanskrit>
		<indonesian>kepada hamba.</indonesian>
	</word>	<word>
		<sanskrit>sarvam</sanskrit>
		<indonesian>semua</indonesian>
	</word>	<word>
		<sanskrit>etat</sanskrit>
		<indonesian>ini</indonesian>
	</word>	<word>
		<sanskrit>ṛtam</sanskrit>
		<indonesian>kebenaran</indonesian>
	</word>	<word>
		<sanskrit>manye</sanskrit>
		<indonesian>hamba mengakui</indonesian>
	</word>	<word>
		<sanskrit>yat</sanskrit>
		<indonesian>yang</indonesian>
	</word>	<word>
		<sanskrit>mām</sanskrit>
		<indonesian>kepada hamba</indonesian>
	</word>	<word>
		<sanskrit>vadasi</sanskrit>
		<indonesian>Anda memberitahukan</indonesian>
	</word>	<word>
		<sanskrit>keśava</sanskrit>
		<indonesian>o Krishna</indonesian>
	</word>	<word>
		<sanskrit>na</sanskrit>
		<indonesian>tidak pernah</indonesian>
	</word>	<word>
		<sanskrit>hi</sanskrit>
		<indonesian>pasti</indonesian>
	</word>	<word>
		<sanskrit>te</sanskrit>
		<indonesian>milik Anda</indonesian>
	</word>	<word>
		<sanskrit>bhagavan</sanskrit>
		<indonesian>o Kepribadian Tuhan Yang Maha Esa</indonesian>
	</word>	<word>
		<sanskrit>vyaktim</sanskrit>
		<indonesian>wahyu</indonesian>
	</word>	<word>
		<sanskrit>viduḥ</sanskrit>
		<indonesian>dapat mengenal</indonesian>
	</word>	<word>
		<sanskrit>devāḥ</sanskrit>
		<indonesian>para dewa</indonesian>
	</word>	<word>
		<sanskrit>na</sanskrit>
		<indonesian>tidak juga</indonesian>
	</word>	<word>
		<sanskrit>dānavāḥ</sanskrit>
		<indonesian>para raksasa.</indonesian>
	</word>	<word>
		<sanskrit>svayam</sanskrit>
		<indonesian>secara pribadi</indonesian>
	</word>	<word>
		<sanskrit>evā</sanskrit>
		<indonesian>pasti</indonesian>
	</word>	<word>
		<sanskrit>ātmanā</sanskrit>
		<indonesian>oleh Anda Sendiri</indonesian>
	</word>	<word>
		<sanskrit>ātmanām</sanskrit>
		<indonesian>Anda Sendiri</indonesian>
	</word>	<word>
		<sanskrit>vettha</sanskrit>
		<indonesian>mengenal</indonesian>
	</word>	<word>
		<sanskrit>tvām</sanskrit>
		<indonesian>Anda</indonesian>
	</word>	<word>
		<sanskrit>puruṣa-uttama</sanskrit>
		<indonesian>o Kepribadian Yang Paling Utama; bhuta</indonesian>
	</word>	<word>
		<sanskrit>bhāvanā</sanskrit>
		<indonesian>o Asal Mula segala sesuatu</indonesian>
	</word>	<word>
		<sanskrit>bhūta-īśa</sanskrit>
		<indonesian>o Tuhan Yang Maha Esa</indonesian>
	</word>	<word>
		<sanskrit>deva-deva</sanskrit>
		<indonesian>o Penguasa semua dewa</indonesian>
	</word>	<word>
		<sanskrit>jagat-pate</sanskrit>
		<indonesian>o Penguasa seluruh</indonesian>
	</word>	<word>
		<sanskrit>jagat</sanskrit>
		<indonesian>.</indonesian>
	</word>	<word>
		<sanskrit>vaktum</sanskrit>
		<indonesian>berkata</indonesian>
	</word>	<word>
		<sanskrit>arhasi</sanskrit>
		<indonesian>Anda patut</indonesian>
	</word>	<word>
		<sanskrit>aśeṣeṇa</sanskrit>
		<indonesian>secara terperinci</indonesian>
	</word>	<word>
		<sanskrit>divyāḥ</sanskrit>
		<indonesian>rohani</indonesian>
	</word>	<word>
		<sanskrit>hi</sanskrit>
		<indonesian>pasti</indonesian>
	</word>	<word>
		<sanskrit>ātmā</sanskrit>
		<indonesian>milik Anda Sendiri</indonesian>
	</word>	<word>
		<sanskrit>vibhūtayaḥ</sanskrit>
		<indonesian>kehebatan-kehebatan</indonesian>
	</word>	<word>
		<sanskrit>yābhiḥ</sanskrit>
		<indonesian>oleh yang itu</indonesian>
	</word>	<word>
		<sanskrit>vibhūtibhiḥ</sanskrit>
		<indonesian>kehebatan-kehebatan</indonesian>
	</word>	<word>
		<sanskrit>lokān</sanskrit>
		<indonesian>semua planet</indonesian>
	</word>	<word>
		<sanskrit>imān</sanskrit>
		<indonesian>ini</indonesian>
	</word>	<word>
		<sanskrit>tvām</sanskrit>
		<indonesian>Anda</indonesian>
	</word>	<word>
		<sanskrit>vyāpya</sanskrit>
		<indonesian>berada di mana-mana</indonesian>
	</word>	<word>
		<sanskrit>tiṣṭhasi</sanskrit>
		<indonesian>tetap.</indonesian>
	</word>	<word>
		<sanskrit>katham</sanskrit>
		<indonesian>bagaimana</indonesian>
	</word>	<word>
		<sanskrit>vidyām aham</sanskrit>
		<indonesian>hamba akan mengetahui</indonesian>
	</word>	<word>
		<sanskrit>yogin</sanskrit>
		<indonesian>o ahli kebatinan yang paling utama</indonesian>
	</word>	<word>
		<sanskrit>tvām</sanskrit>
		<indonesian>Anda</indonesian>
	</word>	<word>
		<sanskrit>sadā</sanskrit>
		<indonesian>selalu</indonesian>
	</word>	<word>
		<sanskrit>paricintayan</sanskrit>
		<indonesian>berpikir tentang</indonesian>
	</word>	<word>
		<sanskrit>keṣu</sanskrit>
		<indonesian>dalam itu</indonesian>
	</word>	<word>
		<sanskrit>keṣu</sanskrit>
		<indonesian>dalam itu</indonesian>
	</word>	<word>
		<sanskrit>ca</sanskrit>
		<indonesian>juga</indonesian>
	</word>	<word>
		<sanskrit>bhāveṣu</sanskrit>
		<indonesian>sifat-sifat</indonesian>
	</word>	<word>
		<sanskrit>cintyaḥ
asi</sanskrit>
		<indonesian>Anda harus diingat</indonesian>
	</word>	<word>
		<sanskrit>bhagavan</sanskrit>
		<indonesian>o Tuhan Yang Mahakuasa</indonesian>
	</word>	<word>
		<sanskrit>mayā</sanskrit>
		<indonesian>oleh hamba.</indonesian>
	</word>	<word>
		<sanskrit>vistareṇa</sanskrit>
		<indonesian>secara terperinci</indonesian>
	</word>	<word>
		<sanskrit>ātmanāḥ</sanskrit>
		<indonesian>milik Anda</indonesian>
	</word>	<word>
		<sanskrit>yogam</sanskrit>
		<indonesian>kekuatan batin</indonesian>
	</word>	<word>
		<sanskrit>vibhūtim</sanskrit>
		<indonesian>kehebatan-kehebatan</indonesian>
	</word>	<word>
		<sanskrit>ca</sanskrit>
		<indonesian>juga</indonesian>
	</word>	<word>
		<sanskrit>jana-ardana</sanskrit>
		<indonesian>o Pembunuh orang yang tidak percaya kepada Tuhan</indonesian>
	</word>	<word>
		<sanskrit>bhūyaḥ</sanskrit>
		<indonesian>sekali lagi</indonesian>
	</word>	<word>
		<sanskrit>kathaya</sanskrit>
		<indonesian>menguraikan</indonesian>
	</word>	<word>
		<sanskrit>tṛptiḥ</sanskrit>
		<indonesian>kepuasan</indonesian>
	</word>	<word>
		<sanskrit>hi</sanskrit>
		<indonesian>pasti; s‚nv</indonesian>
	</word>	<word>
		<sanskrit>ataḥ</sanskrit>
		<indonesian>mendengar</indonesian>
	</word>	<word>
		<sanskrit>na asti</sanskrit>
		<indonesian>tidak ada</indonesian>
	</word>	<word>
		<sanskrit>me</sanskrit>
		<indonesian>milik hamba</indonesian>
	</word>	<word>
		<sanskrit>amṛtam</sanskrit>
		<indonesian>manisnya minuman kekekalan.</indonesian>
	</word>	<word>
		<sanskrit>Śrī-bhagavān uvāca</sanskrit>
		<indonesian>Kepribadian Tuhan Yang Maha Esa bersabda</indonesian>
	</word>	<word>
		<sanskrit>hanta</sanskrit>
		<indonesian>ya</indonesian>
	</word>	<word>
		<sanskrit>te</sanskrit>
		<indonesian>kepadamu</indonesian>
	</word>	<word>
		<sanskrit>kathayiṣyāmi</sanskrit>
		<indonesian>Aku akan bersabda</indonesian>
	</word>	<word>
		<sanskrit>divyāḥ</sanskrit>
		<indonesian>rohani</indonesian>
	</word>	<word>
		<sanskrit>hi</sanskrit>
		<indonesian>pasti</indonesian>
	</word>	<word>
		<sanskrit>ātma-vibhūtayaḥ</sanskrit>
		<indonesian>kehebatan-kehebatan pribadi</indonesian>
	</word>	<word>
		<sanskrit>prādhānyataḥ</sanskrit>
		<indonesian>yang penting</indonesian>
	</word>	<word>
		<sanskrit>kuru-śreṣṭha</sanskrit>
		<indonesian>wahai yang paling baik di antara para Kuru</indonesian>
	</word>	<word>
		<sanskrit>na asti</sanskrit>
		<indonesian>tidak ada</indonesian>
	</word>	<word>
		<sanskrit>antaḥ</sanskrit>
		<indonesian>batas</indonesian>
	</word>	<word>
		<sanskrit>vistarasya</sanskrit>
		<indonesian>sampai batas</indonesian>
	</word>	<word>
		<sanskrit>me</sanskrit>
		<indonesian>milik-Ku.</indonesian>
	</word>	<word>
		<sanskrit>aham</sanskrit>
		<indonesian>Aku</indonesian>
	</word>	<word>
		<sanskrit>ātmā</sanskrit>
		<indonesian>sang roh</indonesian>
	</word>	<word>
		<sanskrit>guḍākeśa</sanskrit>
		<indonesian>wahai</indonesian>
	</word>	<word>
		<sanskrit>Arjuna</sanskrit>
		<indonesian></indonesian>
	</word>	<word>
		<sanskrit>sarva-bhūta</sanskrit>
		<indonesian>semua makhluk hidup</indonesian>
	</word>	<word>
		<sanskrit>āśaya-sthitaḥ</sanskrit>
		<indonesian>bersemayam di dalam hati</indonesian>
	</word>	<word>
		<sanskrit>aham</sanskrit>
		<indonesian>Aku adalah</indonesian>
	</word>	<word>
		<sanskrit>ādiḥ</sanskrit>
		<indonesian>asal mula</indonesian>
	</word>	<word>
		<sanskrit>ca</sanskrit>
		<indonesian>juga</indonesian>
	</word>	<word>
		<sanskrit>madhyam</sanskrit>
		<indonesian>pertengahan</indonesian>
	</word>	<word>
		<sanskrit>ca</sanskrit>
		<indonesian>juga</indonesian>
	</word>	<word>
		<sanskrit>bhūtānām</sanskrit>
		<indonesian>semua makhluk hidup</indonesian>
	</word>	<word>
		<sanskrit>antaḥ</sanskrit>
		<indonesian>akhir</indonesian>
	</word>	<word>
		<sanskrit>evā</sanskrit>
		<indonesian>pasti</indonesian>
	</word>	<word>
		<sanskrit>ca</sanskrit>
		<indonesian>dan.</indonesian>
	</word>	<word>
		<sanskrit>ādityānām</sanskrit>
		<indonesian>di antara para</indonesian>
	</word>	<word>
		<sanskrit>Āditya</sanskrit>
		<indonesian></indonesian>
	</word>	<word>
		<sanskrit>aham</sanskrit>
		<indonesian>Aku adalah</indonesian>
	</word>	<word>
		<sanskrit>viṣṇuḥ</sanskrit>
		<indonesian>Tuhan Yang Maha Esa</indonesian>
	</word>	<word>
		<sanskrit>jyotiṣām</sanskrit>
		<indonesian>semua sumber cahaya</indonesian>
	</word>	<word>
		<sanskrit>raviḥ</sanskrit>
		<indonesian>matahari</indonesian>
	</word>	<word>
		<sanskrit>aḿśu-mān</sanskrit>
		<indonesian>bercahaya</indonesian>
	</word>	<word>
		<sanskrit>marīciḥ</sanskrit>
		<indonesian>Marici</indonesian>
	</word>	<word>
		<sanskrit>marutām</sanskrit>
		<indonesian>dari pada Marut</indonesian>
	</word>	<word>
		<sanskrit>asmi</sanskrit>
		<indonesian>Aku adalah</indonesian>
	</word>	<word>
		<sanskrit>nakṣatrāṇām</sanskrit>
		<indonesian>di antara bintang-bintang</indonesian>
	</word>	<word>
		<sanskrit>aham</sanskrit>
		<indonesian>Aku adalah</indonesian>
	</word>	<word>
		<sanskrit>śaśī</sanskrit>
		<indonesian>bulan.</indonesian>
	</word>	<word>
		<sanskrit>vedānam</sanskrit>
		<indonesian>di antara semua Veda</indonesian>
	</word>	<word>
		<sanskrit>sāma-vedaḥ</sanskrit>
		<indonesian>Sama Veda</indonesian>
	</word>	<word>
		<sanskrit>asmi</sanskrit>
		<indonesian>Aku adalah</indonesian>
	</word>	<word>
		<sanskrit>devānām</sanskrit>
		<indonesian>di antara dewa</indonesian>
	</word>	<word>
		<sanskrit>asmi</sanskrit>
		<indonesian>Aku adalah</indonesian>
	</word>	<word>
		<sanskrit>vāsavaḥ</sanskrit>
		<indonesian>raja  surga</indonesian>
	</word>	<word>
		<sanskrit>indriyāṇām</sanskrit>
		<indonesian>di antara semua indera</indonesian>
	</word>	<word>
		<sanskrit>manaḥ</sanskrit>
		<indonesian>pikiran</indonesian>
	</word>	<word>
		<sanskrit>ca</sanskrit>
		<indonesian>juga</indonesian>
	</word>	<word>
		<sanskrit>asmi</sanskrit>
		<indonesian>Aku adalah</indonesian>
	</word>	<word>
		<sanskrit>bhūtānām</sanskrit>
		<indonesian>di antara semua makhluk hidup</indonesian>
	</word>	<word>
		<sanskrit>asmi</sanskrit>
		<indonesian>Aku adalah</indonesian>
	</word>	<word>
		<sanskrit>cetanā</sanskrit>
		<indonesian>daya hidup.</indonesian>
	</word>	<word>
		<sanskrit>rudrāṇām</sanskrit>
		<indonesian>di antara semua Rudra</indonesian>
	</word>	<word>
		<sanskrit>śańkaraḥ</sanskrit>
		<indonesian>Dewa Siva</indonesian>
	</word>	<word>
		<sanskrit>ca</sanskrit>
		<indonesian>juga</indonesian>
	</word>	<word>
		<sanskrit>asmi</sanskrit>
		<indonesian>Aku adalah</indonesian>
	</word>	<word>
		<sanskrit>vitta-īśaḥ</sanskrit>
		<indonesian>penguasa kebendaharaan para dewa</indonesian>
	</word>	<word>
		<sanskrit>yakṣa-rakṣasām</sanskrit>
		<indonesian>di antara para Yaksa dan Raksasa</indonesian>
	</word>	<word>
		<sanskrit>vasūnām</sanskrit>
		<indonesian>di antara para Vasu</indonesian>
	</word>	<word>
		<sanskrit>pavakaḥ</sanskrit>
		<indonesian>api</indonesian>
	</word>	<word>
		<sanskrit>ca</sanskrit>
		<indonesian>juga</indonesian>
	</word>	<word>
		<sanskrit>asmi</sanskrit>
		<indonesian>aku adalah</indonesian>
	</word>	<word>
		<sanskrit>meruḥ</sanskrit>
		<indonesian>Meru</indonesian>
	</word>	<word>
		<sanskrit>śikhariṇām</sanskrit>
		<indonesian>di antara semua gunung</indonesian>
	</word>	<word>
		<sanskrit>aham</sanskrit>
		<indonesian>Aku adalah.</indonesian>
	</word>	<word>
		<sanskrit>purodhasām</sanskrit>
		<indonesian>di antara semua pendeta</indonesian>
	</word>	<word>
		<sanskrit>ca</sanskrit>
		<indonesian>juga</indonesian>
	</word>	<word>
		<sanskrit>mukhyam</sanskrit>
		<indonesian>yang paling utama</indonesian>
	</word>	<word>
		<sanskrit>mām</sanskrit>
		<indonesian>Aku</indonesian>
	</word>	<word>
		<sanskrit>viddhi</sanskrit>
		<indonesian>mengertilah</indonesian>
	</word>	<word>
		<sanskrit>pārtha</sanskrit>
		<indonesian>wahai putera</indonesian>
	</word>	<word>
		<sanskrit>Pṛthā</sanskrit>
		<indonesian></indonesian>
	</word>	<word>
		<sanskrit>bṛhaspatim</sanskrit>
		<indonesian>Brhaspati</indonesian>
	</word>	<word>
		<sanskrit>senānīnām</sanskrit>
		<indonesian>di antara semua panglima</indonesian>
	</word>	<word>
		<sanskrit>aham</sanskrit>
		<indonesian>Aku adalah</indonesian>
	</word>	<word>
		<sanskrit>skandaḥ</sanskrit>
		<indonesian>Kartikeya</indonesian>
	</word>	<word>
		<sanskrit>sarasām</sanskrit>
		<indonesian>di antara semua sumber air</indonesian>
	</word>	<word>
		<sanskrit>asmi</sanskrit>
		<indonesian>Aku adalah</indonesian>
	</word>	<word>
		<sanskrit>sāgaraḥ</sanskrit>
		<indonesian>lautan.</indonesian>
	</word>	<word>
		<sanskrit>mahā-ṛṣīṇām</sanskrit>
		<indonesian>di antara resi-resi yang mulia</indonesian>
	</word>	<word>
		<sanskrit>bhṛguḥ</sanskrit>
		<indonesian></indonesian>
	</word>	<word>
		<sanskrit>Bhṛgu</sanskrit>
		<indonesian></indonesian>
	</word>	<word>
		<sanskrit>aham</sanskrit>
		<indonesian>Aku adalah</indonesian>
	</word>	<word>
		<sanskrit>girām</sanskrit>
		<indonesian>di antara getaran-getaran</indonesian>
	</word>	<word>
		<sanskrit>asmi</sanskrit>
		<indonesian>Aku adalah</indonesian>
	</word>	<word>
		<sanskrit>ekam akṣaram</sanskrit>
		<indonesian></indonesian>
	</word>	<word>
		<sanskrit>praṇava</sanskrit>
		<indonesian></indonesian>
	</word>	<word>
		<sanskrit>yajñānām</sanskrit>
		<indonesian>di antara korban-korban suci</indonesian>
	</word>	<word>
		<sanskrit>japa-yajñaḥ</sanskrit>
		<indonesian>mantra diucapkan berulangkali</indonesian>
	</word>	<word>
		<sanskrit>asmi</sanskrit>
		<indonesian>Aku adalah</indonesian>
	</word>	<word>
		<sanskrit>sthāvarāṇām</sanskrit>
		<indonesian>di antara benda-benda yang tidak bergerak</indonesian>
	</word>	<word>
		<sanskrit>himālayaḥ</sanskrit>
		<indonesian>pegunungan Himalaya.</indonesian>
	</word>	<word>
		<sanskrit>aśvatthaḥ</sanskrit>
		<indonesian>pohon beringin</indonesian>
	</word>	<word>
		<sanskrit>sarva-vṛkṣāṇām</sanskrit>
		<indonesian>di antara semua pohon</indonesian>
	</word>	<word>
		<sanskrit>deva-ṛṣīṇām</sanskrit>
		<indonesian>di antara semua resi di kalangan dewa</indonesian>
	</word>	<word>
		<sanskrit>ca</sanskrit>
		<indonesian>dan</indonesian>
	</word>	<word>
		<sanskrit>nāradaḥ</sanskrit>
		<indonesian>Nārada</indonesian>
	</word>	<word>
		<sanskrit>gandharvāṇām</sanskrit>
		<indonesian>di antara para warga planet Gandharva</indonesian>
	</word>	<word>
		<sanskrit>citrarathaḥ</sanskrit>
		<indonesian>Citraratha</indonesian>
	</word>	<word>
		<sanskrit>siddhānām</sanskrit>
		<indonesian>di antara semua makhluk yang sudah mencapai kesempurnaan; kapilah</indonesian>
	</word>	<word>
		<sanskrit>muniḥ</sanskrit>
		<indonesian>Kapila Muni.</indonesian>
	</word>	<word>
		<sanskrit>uccaiḥśravaśam</sanskrit>
		<indonesian>Uccaiḥśravā</indonesian>
	</word>	<word>
		<sanskrit>aśvānām</sanskrit>
		<indonesian>di antara kuda-kuda</indonesian>
	</word>	<word>
		<sanskrit>viddhi</sanskrit>
		<indonesian>mengetahui</indonesian>
	</word>	<word>
		<sanskrit>mām</sanskrit>
		<indonesian>Aku</indonesian>
	</word>	<word>
		<sanskrit>amṛta-udbhavam</sanskrit>
		<indonesian>dihasilkan dari pengocokan lautan</indonesian>
	</word>	<word>
		<sanskrit>airāvatam</sanskrit>
		<indonesian>Airāvata</indonesian>
	</word>	<word>
		<sanskrit>gaja-indrāṇām</sanskrit>
		<indonesian>di antara gajah-gajah yang agung</indonesian>
	</word>	<word>
		<sanskrit>narāṇām</sanskrit>
		<indonesian>di antara manusia</indonesian>
	</word>	<word>
		<sanskrit>ca</sanskrit>
		<indonesian>dan</indonesian>
	</word>	<word>
		<sanskrit>nara-adhipam</sanskrit>
		<indonesian>raja.</indonesian>
	</word>	<word>
		<sanskrit>āyudhānām</sanskrit>
		<indonesian>di antara semua senjata</indonesian>
	</word>	<word>
		<sanskrit>aham</sanskrit>
		<indonesian>Aku adalah</indonesian>
	</word>	<word>
		<sanskrit>vajram</sanskrit>
		<indonesian>petir</indonesian>
	</word>	<word>
		<sanskrit>dhenūnām</sanskrit>
		<indonesian>di antara sapi-sapi</indonesian>
	</word>	<word>
		<sanskrit>asmi</sanskrit>
		<indonesian>Aku adalah</indonesian>
	</word>	<word>
		<sanskrit>kāma-dhuk</sanskrit>
		<indonesian>sapi surabhi</indonesian>
	</word>	<word>
		<sanskrit>prājanaḥ</sanskrit>
		<indonesian>penyebab berketurunan</indonesian>
	</word>	<word>
		<sanskrit>ca</sanskrit>
		<indonesian>dan</indonesian>
	</word>	<word>
		<sanskrit>asmi</sanskrit>
		<indonesian>Aku adalah</indonesian>
	</word>	<word>
		<sanskrit>kandarpaḥ</sanskrit>
		<indonesian>dewa asmara</indonesian>
	</word>	<word>
		<sanskrit>sarpāṇām</sanskrit>
		<indonesian>di antara ular-ular</indonesian>
	</word>	<word>
		<sanskrit>asmi</sanskrit>
		<indonesian>Aku adalah</indonesian>
	</word>	<word>
		<sanskrit>vāsukiḥ</sanskrit>
		<indonesian>Vāsuki.</indonesian>
	</word>	<word>
		<sanskrit>anantāḥ</sanskrit>
		<indonesian>Ananta</indonesian>
	</word>	<word>
		<sanskrit>ca</sanskrit>
		<indonesian>juga</indonesian>
	</word>	<word>
		<sanskrit>asmi</sanskrit>
		<indonesian>Aku adalah</indonesian>
	</word>	<word>
		<sanskrit>nāgānām</sanskrit>
		<indonesian>di antara naga-naga yang berkepala banyak</indonesian>
	</word>	<word>
		<sanskrit>varuṇaḥ</sanskrit>
		<indonesian>dewa yang mengendalikan air</indonesian>
	</word>	<word>
		<sanskrit>yādasām</sanskrit>
		<indonesian>di antara semua makhluk yang hidup di dalam air</indonesian>
	</word>	<word>
		<sanskrit>aham</sanskrit>
		<indonesian>Aku adalah</indonesian>
	</word>	<word>
		<sanskrit>pitr</sanskrit>
		<indonesian/>
	</word>	<word>
		<sanskrit>̣̄ṇām</sanskrit>
		<indonesian>di antara para leluhur</indonesian>
	</word>	<word>
		<sanskrit>aryamā</sanskrit>
		<indonesian></indonesian>
	</word>	<word>
		<sanskrit>Aryamā</sanskrit>
		<indonesian></indonesian>
	</word>	<word>
		<sanskrit>ca</sanskrit>
		<indonesian>juga</indonesian>
	</word>	<word>
		<sanskrit>asmi</sanskrit>
		<indonesian>Aku adalah</indonesian>
	</word>	<word>
		<sanskrit>yamaḥ</sanskrit>
		<indonesian>dewa yang mengendalikan kematian</indonesian>
	</word>	<word>
		<sanskrit>saḿyamatam</sanskrit>
		<indonesian>di antara semua kepribadian yang mengatur</indonesian>
	</word>	<word>
		<sanskrit>aham</sanskrit>
		<indonesian>Aku adalah.</indonesian>
	</word>	<word>
		<sanskrit>prahlādaḥ</sanskrit>
		<indonesian>Prahlada</indonesian>
	</word>	<word>
		<sanskrit>ca</sanskrit>
		<indonesian>juga</indonesian>
	</word>	<word>
		<sanskrit>asmi</sanskrit>
		<indonesian>Aku adalah</indonesian>
	</word>	<word>
		<sanskrit>daityānām</sanskrit>
		<indonesian>di antara para raksasa</indonesian>
	</word>	<word>
		<sanskrit>kālaḥ</sanskrit>
		<indonesian>waktu</indonesian>
	</word>	<word>
		<sanskrit>kalayatām</sanskrit>
		<indonesian>di antara para penakluk</indonesian>
	</word>	<word>
		<sanskrit>aham</sanskrit>
		<indonesian>Aku adalah</indonesian>
	</word>	<word>
		<sanskrit>mṛgāṇām</sanskrit>
		<indonesian>di antara para binatang</indonesian>
	</word>	<word>
		<sanskrit>ca</sanskrit>
		<indonesian>dan</indonesian>
	</word>	<word>
		<sanskrit>mṛga-indraḥ</sanskrit>
		<indonesian>singa</indonesian>
	</word>	<word>
		<sanskrit>aham</sanskrit>
		<indonesian>Aku adalah; vainate</indonesian>
	</word>	<word>
		<sanskrit>yah</sanskrit>
		<indonesian>Garuda</indonesian>
	</word>	<word>
		<sanskrit>ca</sanskrit>
		<indonesian>juga</indonesian>
	</word>	<word>
		<sanskrit>pakṣiṇām</sanskrit>
		<indonesian>diantara para burung.</indonesian>
	</word>	<word>
		<sanskrit>pavanaḥ</sanskrit>
		<indonesian>angin</indonesian>
	</word>	<word>
		<sanskrit>pavatām</sanskrit>
		<indonesian>di antara segala sesuatu yang menyucikan</indonesian>
	</word>	<word>
		<sanskrit>asmi</sanskrit>
		<indonesian>Aku adalah</indonesian>
	</word>	<word>
		<sanskrit>rāmaḥ—Rāma</sanskrit>
		<indonesian></indonesian>
	</word>	<word>
		<sanskrit>śastra-bhṛtām</sanskrit>
		<indonesian>di antara para pembawa senjata</indonesian>
	</word>	<word>
		<sanskrit>aham</sanskrit>
		<indonesian>Aku adalah</indonesian>
	</word>	<word>
		<sanskrit>jhaṣāṇām</sanskrit>
		<indonesian>di antara semua ikan</indonesian>
	</word>	<word>
		<sanskrit>makaraḥ</sanskrit>
		<indonesian>ikan hiu</indonesian>
	</word>	<word>
		<sanskrit>ca</sanskrit>
		<indonesian>juga</indonesian>
	</word>	<word>
		<sanskrit>asmi</sanskrit>
		<indonesian>Aku adalah</indonesian>
	</word>	<word>
		<sanskrit>srotasām</sanskrit>
		<indonesian>di antara sungai-sungai yang mengalir</indonesian>
	</word>	<word>
		<sanskrit>asmi</sanskrit>
		<indonesian>Aku adalah</indonesian>
	</word>	<word>
		<sanskrit>jāhnavī</sanskrit>
		<indonesian>sungai Gangga.</indonesian>
	</word>	<word>
		<sanskrit>sargāṇām</sanskrit>
		<indonesian>di antara segala ciptaan</indonesian>
	</word>	<word>
		<sanskrit>ādiḥ</sanskrit>
		<indonesian>permulaan</indonesian>
	</word>	<word>
		<sanskrit>antaḥ</sanskrit>
		<indonesian>akhir</indonesian>
	</word>	<word>
		<sanskrit>ca</sanskrit>
		<indonesian>dan</indonesian>
	</word>	<word>
		<sanskrit>madhyam</sanskrit>
		<indonesian>pertengahan</indonesian>
	</word>	<word>
		<sanskrit>ca</sanskrit>
		<indonesian>juga</indonesian>
	</word>	<word>
		<sanskrit>evā</sanskrit>
		<indonesian>pasti</indonesian>
	</word>	<word>
		<sanskrit>aham</sanskrit>
		<indonesian>Aku adalah</indonesian>
	</word>	<word>
		<sanskrit>Arjuna</sanskrit>
		<indonesian>wahai</indonesian>
	</word>	<word>
		<sanskrit>Arjuna</sanskrit>
		<indonesian></indonesian>
	</word>	<word>
		<sanskrit>adhyātma-vidyā</sanskrit>
		<indonesian>pengetahuan rohani</indonesian>
	</word>	<word>
		<sanskrit>vidyānām</sanskrit>
		<indonesian>di antara segala pendidikan</indonesian>
	</word>	<word>
		<sanskrit>vādaḥ</sanskrit>
		<indonesian>kesimpulan yang wajar; pravada</indonesian>
	</word>	<word>
		<sanskrit>tam</sanskrit>
		<indonesian>di antara argumentasi</indonesian>
	</word>	<word>
		<sanskrit>aham</sanskrit>
		<indonesian>Aku adalah.</indonesian>
	</word>	<word>
		<sanskrit>akṣarāṇām</sanskrit>
		<indonesian>di antara huruf-huruf</indonesian>
	</word>	<word>
		<sanskrit>a-kāraḥ</sanskrit>
		<indonesian>huruf pertama</indonesian>
	</word>	<word>
		<sanskrit>asmi</sanskrit>
		<indonesian>Aku adalah</indonesian>
	</word>	<word>
		<sanskrit>dvandvaḥ</sanskrit>
		<indonesian>kata majemuk setara</indonesian>
	</word>	<word>
		<sanskrit>sāmāsikasya</sanskrit>
		<indonesian>di antara kata-kata majemuk</indonesian>
	</word>	<word>
		<sanskrit>ca</sanskrit>
		<indonesian>dan</indonesian>
	</word>	<word>
		<sanskrit>aham</sanskrit>
		<indonesian>Aku adalah</indonesian>
	</word>	<word>
		<sanskrit>evā</sanskrit>
		<indonesian>pasti</indonesian>
	</word>	<word>
		<sanskrit>akṣayaḥ</sanskrit>
		<indonesian>kekal</indonesian>
	</word>	<word>
		<sanskrit>kālaḥ</sanskrit>
		<indonesian>waktu</indonesian>
	</word>	<word>
		<sanskrit>dhātā</sanskrit>
		<indonesian>pencipta</indonesian>
	</word>	<word>
		<sanskrit>aham</sanskrit>
		<indonesian>Aku adalah</indonesian>
	</word>	<word>
		<sanskrit>viśvataḥ-mukhaḥ</sanskrit>
		<indonesian>Brahma.</indonesian>
	</word>	<word>
		<sanskrit>mṛtyuḥ</sanskrit>
		<indonesian>kematian</indonesian>
	</word>	<word>
		<sanskrit>sarva-haraḥ</sanskrit>
		<indonesian>makan segala sesuatu</indonesian>
	</word>	<word>
		<sanskrit>ca</sanskrit>
		<indonesian>juga</indonesian>
	</word>	<word>
		<sanskrit>aham</sanskrit>
		<indonesian>Aku adalah</indonesian>
	</word>	<word>
		<sanskrit>udbhavaḥ</sanskrit>
		<indonesian>yang menghasilkan</indonesian>
	</word>	<word>
		<sanskrit>ca</sanskrit>
		<indonesian>juga</indonesian>
	</word>	<word>
		<sanskrit>bhaviṣyatām</sanskrit>
		<indonesian>dari perwujudan-perwujudan pada masa yang akan datang</indonesian>
	</word>	<word>
		<sanskrit>kīrtiḥ</sanskrit>
		<indonesian>kemasyhuran</indonesian>
	</word>	<word>
		<sanskrit>śrīḥ</sanskrit>
		<indonesian>kehebatan atau kecantikan</indonesian>
	</word>	<word>
		<sanskrit>vāk</sanskrit>
		<indonesian>bahasa yang halus</indonesian>
	</word>	<word>
		<sanskrit>ca</sanskrit>
		<indonesian>juga</indonesian>
	</word>	<word>
		<sanskrit>nārīṇām</sanskrit>
		<indonesian>di kalangan para kaum wanita</indonesian>
	</word>	<word>
		<sanskrit>smṛtiḥ</sanskrit>
		<indonesian>ingatan</indonesian>
	</word>	<word>
		<sanskrit>medhā</sanskrit>
		<indonesian>kecerdasan</indonesian>
	</word>	<word>
		<sanskrit>dhṛtiḥ</sanskrit>
		<indonesian>ketegasan</indonesian>
	</word>	<word>
		<sanskrit>kṣamā</sanskrit>
		<indonesian>kesabaran.</indonesian>
	</word>	<word>
		<sanskrit>bṛhat-sāma</sanskrit>
		<indonesian></indonesian>
	</word>	<word>
		<sanskrit>bṛhat-sāma</sanskrit>
		<indonesian></indonesian>
	</word>	<word>
		<sanskrit>tathā</sanskrit>
		<indonesian>juga</indonesian>
	</word>	<word>
		<sanskrit>sāmnām</sanskrit>
		<indonesian>dari lagu-lagu Sama Veda</indonesian>
	</word>	<word>
		<sanskrit>gāyatrī</sanskrit>
		<indonesian>mantra-mantra Gayatri</indonesian>
	</word>	<word>
		<sanskrit>chandasām</sanskrit>
		<indonesian>di antara segala sanjak</indonesian>
	</word>	<word>
		<sanskrit>aham</sanskrit>
		<indonesian>Aku adalah</indonesian>
	</word>	<word>
		<sanskrit>māsānām</sanskrit>
		<indonesian>di antara bulan-bulan</indonesian>
	</word>	<word>
		<sanskrit>mārga-śīrṣaḥ</sanskrit>
		<indonesian>bulan Nopember-Desember</indonesian>
	</word>	<word>
		<sanskrit>aham</sanskrit>
		<indonesian>Aku adalah</indonesian>
	</word>	<word>
		<sanskrit>ṛtūnām</sanskrit>
		<indonesian>dari semua musim</indonesian>
	</word>	<word>
		<sanskrit>kusuma-ākaraḥ</sanskrit>
		<indonesian>musim semi.</indonesian>
	</word>	<word>
		<sanskrit>dyūtam</sanskrit>
		<indonesian>perjudian</indonesian>
	</word>	<word>
		<sanskrit>chalayatām</sanskrit>
		<indonesian>di antara segala penipu</indonesian>
	</word>	<word>
		<sanskrit>asmi</sanskrit>
		<indonesian>Aku adalah</indonesian>
	</word>	<word>
		<sanskrit>tejaḥ</sanskrit>
		<indonesian>kemuliaan</indonesian>
	</word>	<word>
		<sanskrit>tejasvinām</sanskrit>
		<indonesian>dari segala sesuatu yang mulia</indonesian>
	</word>	<word>
		<sanskrit>aham</sanskrit>
		<indonesian>Aku adalah</indonesian>
	</word>	<word>
		<sanskrit>jayaḥ</sanskrit>
		<indonesian>kejayaan</indonesian>
	</word>	<word>
		<sanskrit>asmi</sanskrit>
		<indonesian>Aku adalah</indonesian>
	</word>	<word>
		<sanskrit>vyavasāyaḥ</sanskrit>
		<indonesian>usaha atau petualangan</indonesian>
	</word>	<word>
		<sanskrit>asmi</sanskrit>
		<indonesian>Aku adalah</indonesian>
	</word>	<word>
		<sanskrit>sattvām</sanskrit>
		<indonesian>kekuatan</indonesian>
	</word>	<word>
		<sanskrit>sattva-vatām</sanskrit>
		<indonesian>dari semua orang yang kuat</indonesian>
	</word>	<word>
		<sanskrit>aham</sanskrit>
		<indonesian>Aku adalah.</indonesian>
	</word>	<word>
		<sanskrit>vṛṣṇīnām</sanskrit>
		<indonesian>di antara keturunan</indonesian>
	</word>	<word>
		<sanskrit>Vṛṣṇi</sanskrit>
		<indonesian></indonesian>
	</word>	<word>
		<sanskrit>vāsudevaḥ</sanskrit>
		<indonesian>Krishna di Dvaraka</indonesian>
	</word>	<word>
		<sanskrit>asmi</sanskrit>
		<indonesian>Aku adalah</indonesian>
	</word>	<word>
		<sanskrit>pāṇḍavānām</sanskrit>
		<indonesian>di antara para Pandava</indonesian>
	</word>	<word>
		<sanskrit>dhanañjayah—Arjuna</sanskrit>
		<indonesian></indonesian>
	</word>	<word>
		<sanskrit>munīnām</sanskrit>
		<indonesian>di antara para resi</indonesian>
	</word>	<word>
		<sanskrit>api</sanskrit>
		<indonesian>juga</indonesian>
	</word>	<word>
		<sanskrit>aham</sanskrit>
		<indonesian>Aku adalah</indonesian>
	</word>	<word>
		<sanskrit>vyāsaḥ</sanskrit>
		<indonesian>Vyasa, penyusun semua kesusasteraan Veda</indonesian>
	</word>	<word>
		<sanskrit>kavīnām</sanskrit>
		<indonesian>di antara semua orang ahli pikir yang mulia</indonesian>
	</word>	<word>
		<sanskrit>uśanā—Uśanā</sanskrit>
		<indonesian></indonesian>
	</word>	<word>
		<sanskrit>kaviḥ</sanskrit>
		<indonesian>ahli pikir.</indonesian>
	</word>	<word>
		<sanskrit>daṇḍaḥ</sanskrit>
		<indonesian>hukuman</indonesian>
	</word>	<word>
		<sanskrit>da</sanskrit>
		<indonesian>mayat</indonesian>
	</word>	<word>
		<sanskrit>ām</sanskrit>
		<indonesian>di antara segala cara untuk melarang</indonesian>
	</word>	<word>
		<sanskrit>asmi</sanskrit>
		<indonesian>Aku adalah</indonesian>
	</word>	<word>
		<sanskrit>nītiḥ</sanskrit>
		<indonesian>moralitas</indonesian>
	</word>	<word>
		<sanskrit>asmi</sanskrit>
		<indonesian>Aku adalah</indonesian>
	</word>	<word>
		<sanskrit>jigīṣatām</sanskrit>
		<indonesian>diantara orang yang mencari kejayaan</indonesian>
	</word>	<word>
		<sanskrit>maunam</sanskrit>
		<indonesian>sikap diam</indonesian>
	</word>	<word>
		<sanskrit>ca</sanskrit>
		<indonesian>juga</indonesian>
	</word>	<word>
		<sanskrit>evā</sanskrit>
		<indonesian>pasti</indonesian>
	</word>	<word>
		<sanskrit>asmi</sanskrit>
		<indonesian>Aku adalah</indonesian>
	</word>	<word>
		<sanskrit>guhyānām</sanskrit>
		<indonesian>dari hal-hal rahasia</indonesian>
	</word>	<word>
		<sanskrit>jñānam</sanskrit>
		<indonesian>pengetahuan</indonesian>
	</word>	<word>
		<sanskrit>jñāna-vatām</sanskrit>
		<indonesian>dari orang bijaksana</indonesian>
	</word>	<word>
		<sanskrit>aham</sanskrit>
		<indonesian>Aku adalah.</indonesian>
	</word>	<word>
		<sanskrit>yat</sanskrit>
		<indonesian>apapun</indonesian>
	</word>	<word>
		<sanskrit>ca</sanskrit>
		<indonesian>juga</indonesian>
	</word>	<word>
		<sanskrit>api</sanskrit>
		<indonesian>dapat berada</indonesian>
	</word>	<word>
		<sanskrit>sarva-bhūtānām</sanskrit>
		<indonesian>di antara segala ciptaan</indonesian>
	</word>	<word>
		<sanskrit>bījam</sanskrit>
		<indonesian>benih</indonesian>
	</word>	<word>
		<sanskrit>tat</sanskrit>
		<indonesian>itu</indonesian>
	</word>	<word>
		<sanskrit>aham</sanskrit>
		<indonesian>Aku adalah</indonesian>
	</word>	<word>
		<sanskrit>Arjuna</sanskrit>
		<indonesian>wahai</indonesian>
	</word>	<word>
		<sanskrit>Arjuna</sanskrit>
		<indonesian></indonesian>
	</word>	<word>
		<sanskrit>na</sanskrit>
		<indonesian>tidak</indonesian>
	</word>	<word>
		<sanskrit>tat</sanskrit>
		<indonesian>itu</indonesian>
	</word>	<word>
		<sanskrit>asti</sanskrit>
		<indonesian>ada</indonesian>
	</word>	<word>
		<sanskrit>vinā</sanskrit>
		<indonesian>tanpa</indonesian>
	</word>	<word>
		<sanskrit>yat</sanskrit>
		<indonesian>yang</indonesian>
	</word>	<word>
		<sanskrit>syāt</sanskrit>
		<indonesian>berada</indonesian>
	</word>	<word>
		<sanskrit>mayā</sanskrit>
		<indonesian>Aku</indonesian>
	</word>	<word>
		<sanskrit>bhūtam</sanskrit>
		<indonesian>makhluk yang diciptakan</indonesian>
	</word>	<word>
		<sanskrit>cara-acaram</sanskrit>
		<indonesian>bergerak dan tidak bergerak.</indonesian>
	</word>	<word>
		<sanskrit>na</sanskrit>
		<indonesian>tidak juga</indonesian>
	</word>	<word>
		<sanskrit>antaḥ</sanskrit>
		<indonesian>batas</indonesian>
	</word>	<word>
		<sanskrit>asti</sanskrit>
		<indonesian>ada</indonesian>
	</word>	<word>
		<sanskrit>mama</sanskrit>
		<indonesian>milik-Ku</indonesian>
	</word>	<word>
		<sanskrit>divyānām</sanskrit>
		<indonesian>mengenai yang rohani</indonesian>
	</word>	<word>
		<sanskrit>vibhūtīnām</sanskrit>
		<indonesian>kehebatan-kehebatan</indonesian>
	</word>	<word>
		<sanskrit>parantapa</sanskrit>
		<indonesian>wahai penakluk musuh</indonesian>
	</word>	<word>
		<sanskrit>eṣaḥ</sanskrit>
		<indonesian>semua ini</indonesian>
	</word>	<word>
		<sanskrit>tu</sanskrit>
		<indonesian>tetapi</indonesian>
	</word>	<word>
		<sanskrit>uddeśataḥ</sanskrit>
		<indonesian>sebagai contoh-contoh</indonesian>
	</word>	<word>
		<sanskrit>proktāḥ</sanskrit>
		<indonesian>disabdakan</indonesian>
	</word>	<word>
		<sanskrit>vibhūteḥ</sanskrit>
		<indonesian>mengenai kehebatan</indonesian>
	</word>	<word>
		<sanskrit>vistaraḥ</sanskrit>
		<indonesian>luasnya</indonesian>
	</word>	<word>
		<sanskrit>mayā</sanskrit>
		<indonesian>oleh-Ku.</indonesian>
	</word>	<word>
		<sanskrit>Arjuna</sanskrit>
		<indonesian>untuk memuaskan keinginannya untuk mengetahui.</indonesian>
	</word>	<word>
		<sanskrit>yat yat</sanskrit>
		<indonesian>apapun</indonesian>
	</word>	<word>
		<sanskrit>vibhūti</sanskrit>
		<indonesian>kehebatan-kehebatan</indonesian>
	</word>	<word>
		<sanskrit>mat</sanskrit>
		<indonesian>memiliki</indonesian>
	</word>	<word>
		<sanskrit>sattvām</sanskrit>
		<indonesian>keberadaan</indonesian>
	</word>	<word>
		<sanskrit>śrī-mat</sanskrit>
		<indonesian>indah</indonesian>
	</word>	<word>
		<sanskrit>ūrjitam</sanskrit>
		<indonesian>mulia</indonesian>
	</word>	<word>
		<sanskrit>evā</sanskrit>
		<indonesian>pasti</indonesian>
	</word>	<word>
		<sanskrit>vā</sanskrit>
		<indonesian>atau; tat</indonesian>
	</word>	<word>
		<sanskrit>tat</sanskrit>
		<indonesian>semua ini</indonesian>
	</word>	<word>
		<sanskrit>evā</sanskrit>
		<indonesian>pasti</indonesian>
	</word>	<word>
		<sanskrit>avagaccha</sanskrit>
		<indonesian>harus mengetahui</indonesian>
	</word>	<word>
		<sanskrit>tvām</sanskrit>
		<indonesian>engkau</indonesian>
	</word>	<word>
		<sanskrit>mama</sanskrit>
		<indonesian>milik-Ku</indonesian>
	</word>	<word>
		<sanskrit>tejaḥ</sanskrit>
		<indonesian>dari kemuliaan</indonesian>
	</word>	<word>
		<sanskrit>aḿśa</sanskrit>
		<indonesian>sebagian</indonesian>
	</word>	<word>
		<sanskrit>sambhavam</sanskrit>
		<indonesian>dilahirkan dari.</indonesian>
	</word>	<word>
		<sanskrit>atha vā</sanskrit>
		<indonesian>atau</indonesian>
	</word>	<word>
		<sanskrit>bahūn ā</sanskrit>
		<indonesian>banyak</indonesian>
	</word>	<word>
		<sanskrit>etena</sanskrit>
		<indonesian>oleh jenis ini</indonesian>
	</word>	<word>
		<sanskrit>kim</sanskrit>
		<indonesian>apa</indonesian>
	</word>	<word>
		<sanskrit>jñātena</sanskrit>
		<indonesian>dengan mengetahui</indonesian>
	</word>	<word>
		<sanskrit>tavā</sanskrit>
		<indonesian>milikmu</indonesian>
	</word>	<word>
		<sanskrit>Arjuna</sanskrit>
		<indonesian>wahai</indonesian>
	</word>	<word>
		<sanskrit>Arjuna</sanskrit>
		<indonesian></indonesian>
	</word>	<word>
		<sanskrit>viṣṭabhya</sanskrit>
		<indonesian>berada di mana-mana</indonesian>
	</word>	<word>
		<sanskrit>aham</sanskrit>
		<indonesian>Aku</indonesian>
	</word>	<word>
		<sanskrit>idam</sanskrit>
		<indonesian>ini</indonesian>
	</word>	<word>
		<sanskrit>kṛtsnam</sanskrit>
		<indonesian>seluruh</indonesian>
	</word>	<word>
		<sanskrit>ekā</sanskrit>
		<indonesian>oleh satu</indonesian>
	</word>	<word>
		<sanskrit>aḿśena</sanskrit>
		<indonesian>bagian</indonesian>
	</word>	<word>
		<sanskrit>sthitāḥ</sanskrit>
		<indonesian>Aku berada</indonesian>
	</word>	<word>
		<sanskrit>jagat</sanskrit>
		<indonesian>alam semesta.</indonesian>
	</word></root>