<?xml version="1.0" encoding="UTF-8"?>
<root>	<word>
		<sanskrit>Arjunaḥ
uvāca</sanskrit>
		<indonesian/>
	</word>	<word>
		<sanskrit>kim</sanskrit>
		<indonesian>apa</indonesian>
	</word>	<word>
		<sanskrit>tat</sanskrit>
		<indonesian>itu</indonesian>
	</word>	<word>
		<sanskrit>brahma</sanskrit>
		<indonesian>Brahman</indonesian>
	</word>	<word>
		<sanskrit>kim</sanskrit>
		<indonesian>apa</indonesian>
	</word>	<word>
		<sanskrit>adhyātmām</sanskrit>
		<indonesian>sang diri</indonesian>
	</word>	<word>
		<sanskrit>kim</sanskrit>
		<indonesian>apa</indonesian>
	</word>	<word>
		<sanskrit>karma</sanskrit>
		<indonesian>kegiatan untuk membuahkan hasil</indonesian>
	</word>	<word>
		<sanskrit>puruṣa-uttama</sanskrit>
		<indonesian>o Kepribadian Yang Paling Utama</indonesian>
	</word>	<word>
		<sanskrit>adhibhūtam</sanskrit>
		<indonesian>manifestasi material</indonesian>
	</word>	<word>
		<sanskrit>ca</sanskrit>
		<indonesian>dan</indonesian>
	</word>	<word>
		<sanskrit>kim</sanskrit>
		<indonesian>apa</indonesian>
	</word>	<word>
		<sanskrit>proktām</sanskrit>
		<indonesian>disebut</indonesian>
	</word>	<word>
		<sanskrit>adhidaivam</sanskrit>
		<indonesian>para dewa</indonesian>
	</word>	<word>
		<sanskrit>kim</sanskrit>
		<indonesian>apa</indonesian>
	</word>	<word>
		<sanskrit>ucyate</sanskrit>
		<indonesian>disebut.</indonesian>
	</word>	<word>
		<sanskrit>adhiyajñaḥ</sanskrit>
		<indonesian>Penguasa korban suci</indonesian>
	</word>	<word>
		<sanskrit>katham</sanskrit>
		<indonesian>bagaimana</indonesian>
	</word>	<word>
		<sanskrit>kaḥ</sanskrit>
		<indonesian>siapa</indonesian>
	</word>	<word>
		<sanskrit>atra</sanskrit>
		<indonesian>di sini</indonesian>
	</word>	<word>
		<sanskrit>dehe</sanskrit>
		<indonesian>dalam badan</indonesian>
	</word>	<word>
		<sanskrit>asmin</sanskrit>
		<indonesian>ini</indonesian>
	</word>	<word>
		<sanskrit>Madhusūdana</sanskrit>
		<indonesian>o</indonesian>
	</word>	<word>
		<sanskrit>Madhusūdana</sanskrit>
		<indonesian></indonesian>
	</word>	<word>
		<sanskrit>prayāṇa-kāle</sanskrit>
		<indonesian>pada waktu meninggal</indonesian>
	</word>	<word>
		<sanskrit>ca</sanskrit>
		<indonesian>dan</indonesian>
	</word>	<word>
		<sanskrit>katham</sanskrit>
		<indonesian>bagaimana; jneyah</indonesian>
	</word>	<word>
		<sanskrit>asi</sanskrit>
		<indonesian>Anda dapat dikenal</indonesian>
	</word>	<word>
		<sanskrit>niyata-ātmabhiḥ</sanskrit>
		<indonesian>oleh orang yang mengendalikan diri.</indonesian>
	</word>	<word>
		<sanskrit>Śrī-bhagavān uvāca</sanskrit>
		<indonesian>Kepribadian Tuhan Yang Maha Esa bersabda</indonesian>
	</word>	<word>
		<sanskrit>akṣaram</sanskrit>
		<indonesian>tidak dapat dimusnahkan</indonesian>
	</word>	<word>
		<sanskrit>brahma</sanskrit>
		<indonesian>Brahman</indonesian>
	</word>	<word>
		<sanskrit>paramam</sanskrit>
		<indonesian>rohani dan melampaui hal-hal duniawi</indonesian>
	</word>	<word>
		<sanskrit>sva-bhāvaḥ</sanskrit>
		<indonesian>sifat kekal</indonesian>
	</word>	<word>
		<sanskrit>adhyātmām</sanskrit>
		<indonesian>sang diri</indonesian>
	</word>	<word>
		<sanskrit>ucyate</sanskrit>
		<indonesian>disebut</indonesian>
	</word>	<word>
		<sanskrit>bhūta-bhāva-udbhava-karaḥ</sanskrit>
		<indonesian>menghasilkan badan-badan jasmani para makhluk hidup</indonesian>
	</word>	<word>
		<sanskrit>visargaḥ</sanskrit>
		<indonesian>ciptaan</indonesian>
	</word>	<word>
		<sanskrit>karma</sanskrit>
		<indonesian>kegiatan yang dimaksud untuk membuahkan hasil atau pahala</indonesian>
	</word>	<word>
		<sanskrit>saḿjñitaḥ</sanskrit>
		<indonesian>disebut.</indonesian>
	</word>	<word>
		<sanskrit>adhibhūtam</sanskrit>
		<indonesian>manifestasi alam ini</indonesian>
	</word>	<word>
		<sanskrit>kṣaraḥ</sanskrit>
		<indonesian>berubah senantiasa</indonesian>
	</word>	<word>
		<sanskrit>bhāvaḥ</sanskrit>
		<indonesian>sifat</indonesian>
	</word>	<word>
		<sanskrit>puruṣaḥ</sanskrit>
		<indonesian>bentuk semesta termasuk semua dewa, seperti matahari dan bulan</indonesian>
	</word>	<word>
		<sanskrit>ca</sanskrit>
		<indonesian>dan</indonesian>
	</word>	<word>
		<sanskrit>adhidaivatam</sanskrit>
		<indonesian>disebut adidaiva</indonesian>
	</word>	<word>
		<sanskrit>adhiyajñaḥ</sanskrit>
		<indonesian>Roh Yang Utama</indonesian>
	</word>	<word>
		<sanskrit>aham</sanskrit>
		<indonesian>Aku (Krishna)</indonesian>
	</word>	<word>
		<sanskrit>evā</sanskrit>
		<indonesian>pasti</indonesian>
	</word>	<word>
		<sanskrit>atra</sanskrit>
		<indonesian>dalam ini</indonesian>
	</word>	<word>
		<sanskrit>dehe</sanskrit>
		<indonesian>badan; dehabh</indonesian>
	</word>	<word>
		<sanskrit>ṛtam</sanskrit>
		<indonesian>dari yang berada di dalam badan</indonesian>
	</word>	<word>
		<sanskrit>vara</sanskrit>
		<indonesian>wahai yang paling baik.</indonesian>
	</word>	<word>
		<sanskrit>eva</sanskrit>
		<indonesian>mempunyai makna khusus berhubungan dengan ayat ini, sebab dengan kata ini Krishna menggarisbawahi bahwa Paramatma tidak berbeda dari Diri-Nya. Roh Yang Utama, Kepribadian Tuhan Yang Maha Esa, bersemayam di sisi roh yang individual, Roh Yang Utama menyaksikan kegiatan roh yang individual dan Beliau adalah sumber berbagai jenis kesadaran sang roh. Roh Yang Utama memberi kesempatan kepada roh yang individual untuk bertindak secara bebas dan Beliau menyaksikan kegiatan makhluk hidup itu. Fungsi-fungsi berbagai manifestasi Tuhan Yang Maha Esa tersebut menjadi jelas dengan sendirinya bagi seorang penyembah murni yang sadar akan Krishna dan tekun dalam pengabdian rohani kepada Tuhan. Bentuk semesta Tuhan yang besar sekali disebut adhi-daivata. Bentuk itu direnungkan oleh orang yang baru mulai belajar dan belum dapat mendekati Tuhan Yang Maha Esa dalam manifestasinya sebagai Roh Yang Utama. Seorang murid yang baru mulai belajar dianjurkan merenungkan bentuk semesta, atau virat-purusa. Planet-planet yang rendah dianggap sebagai kaki virat-purusa. Matahari dan bulan dianggap sebagai mata Beliau, dan susunan planet yang lebih tinggi sebagai kepala-Nya.</indonesian>
	</word>	<word>
		<sanskrit>anta-kāle</sanskrit>
		<indonesian>pada akhir hidup</indonesian>
	</word>	<word>
		<sanskrit>ca</sanskrit>
		<indonesian>juga</indonesian>
	</word>	<word>
		<sanskrit>mām</sanskrit>
		<indonesian>Aku</indonesian>
	</word>	<word>
		<sanskrit>evā</sanskrit>
		<indonesian>pasti</indonesian>
	</word>	<word>
		<sanskrit>smaran</sanskrit>
		<indonesian>ingat</indonesian>
	</word>	<word>
		<sanskrit>muktvā</sanskrit>
		<indonesian>meninggalkan</indonesian>
	</word>	<word>
		<sanskrit>kalevaram</sanskrit>
		<indonesian>badan</indonesian>
	</word>	<word>
		<sanskrit>yaḥ</sanskrit>
		<indonesian>dia yang</indonesian>
	</word>	<word>
		<sanskrit>prayāti</sanskrit>
		<indonesian>pergi</indonesian>
	</word>	<word>
		<sanskrit>saḥ</sanskrit>
		<indonesian>dia</indonesian>
	</word>	<word>
		<sanskrit>mat-bhāvam</sanskrit>
		<indonesian>sifat-Ku</indonesian>
	</word>	<word>
		<sanskrit>yāti</sanskrit>
		<indonesian>mencapai</indonesian>
	</word>	<word>
		<sanskrit>na</sanskrit>
		<indonesian>tidak</indonesian>
	</word>	<word>
		<sanskrit>asti</sanskrit>
		<indonesian>ada</indonesian>
	</word>	<word>
		<sanskrit>atra</sanskrit>
		<indonesian>di sini</indonesian>
	</word>	<word>
		<sanskrit>saḿśayaḥ</sanskrit>
		<indonesian>keragu-raguan.</indonesian>
	</word>	<word>
		<sanskrit>yam</sanskrit>
		<indonesian>apapun</indonesian>
	</word>	<word>
		<sanskrit>vā api</sanskrit>
		<indonesian>sama sekali</indonesian>
	</word>	<word>
		<sanskrit>smaran</sanskrit>
		<indonesian>ingat</indonesian>
	</word>	<word>
		<sanskrit>bhāvam</sanskrit>
		<indonesian>sifat</indonesian>
	</word>	<word>
		<sanskrit>tyajati</sanskrit>
		<indonesian>meninggalkan</indonesian>
	</word>	<word>
		<sanskrit>ante</sanskrit>
		<indonesian>pada akhir</indonesian>
	</word>	<word>
		<sanskrit>kalevaram</sanskrit>
		<indonesian>badan ini; tam</indonesian>
	</word>	<word>
		<sanskrit>tam</sanskrit>
		<indonesian>seperti itu juga</indonesian>
	</word>	<word>
		<sanskrit>evā</sanskrit>
		<indonesian>pasti</indonesian>
	</word>	<word>
		<sanskrit>eti</sanskrit>
		<indonesian>mendapat</indonesian>
	</word>	<word>
		<sanskrit>kaunteya</sanskrit>
		<indonesian>wahai putera</indonesian>
	</word>	<word>
		<sanskrit>Kuntī</sanskrit>
		<indonesian></indonesian>
	</word>	<word>
		<sanskrit>sadā</sanskrit>
		<indonesian>selalu</indonesian>
	</word>	<word>
		<sanskrit>tat</sanskrit>
		<indonesian>itu</indonesian>
	</word>	<word>
		<sanskrit>bhava</sanskrit>
		<indonesian>keadaan hidup</indonesian>
	</word>	<word>
		<sanskrit>bhāvitaḥ</sanskrit>
		<indonesian>ingat.</indonesian>
	</word>	<word>
		<sanskrit>tasmāt</sanskrit>
		<indonesian>karena itu</indonesian>
	</word>	<word>
		<sanskrit>sarveṣu</sanskrit>
		<indonesian>pada segala</indonesian>
	</word>	<word>
		<sanskrit>kāleṣu</sanskrit>
		<indonesian>waktu</indonesian>
	</word>	<word>
		<sanskrit>mām</sanskrit>
		<indonesian>Aku</indonesian>
	</word>	<word>
		<sanskrit>anusmara</sanskrit>
		<indonesian>ingat terus</indonesian>
	</word>	<word>
		<sanskrit>yudhya</sanskrit>
		<indonesian>bertempur</indonesian>
	</word>	<word>
		<sanskrit>ca</sanskrit>
		<indonesian>juga</indonesian>
	</word>	<word>
		<sanskrit>mayi</sanskrit>
		<indonesian>kepada-Ku</indonesian>
	</word>	<word>
		<sanskrit>arpita</sanskrit>
		<indonesian>menyerahkan diri</indonesian>
	</word>	<word>
		<sanskrit>manaḥ</sanskrit>
		<indonesian>pikiran</indonesian>
	</word>	<word>
		<sanskrit>buddhiḥ</sanskrit>
		<indonesian>kecerdasan</indonesian>
	</word>	<word>
		<sanskrit>mām</sanskrit>
		<indonesian>kepada-Ku</indonesian>
	</word>	<word>
		<sanskrit>evā</sanskrit>
		<indonesian>pasti</indonesian>
	</word>	<word>
		<sanskrit>eṣyasi</sanskrit>
		<indonesian>engkau akan mencapai</indonesian>
	</word>	<word>
		<sanskrit>asaḿśayaḥ</sanskrit>
		<indonesian>tidak dapat diragukan.</indonesian>
	</word>	<word>
		<sanskrit>abhyāsa-yoga</sanskrit>
		<indonesian>dengan latihan</indonesian>
	</word>	<word>
		<sanskrit>yuktena</sanskrit>
		<indonesian>dengan menekuni semadi</indonesian>
	</word>	<word>
		<sanskrit>cetasā</sanskrit>
		<indonesian>oleh pikiran dan kecerdasan</indonesian>
	</word>	<word>
		<sanskrit>na anya-gāminā</sanskrit>
		<indonesian>tanpa pikiran dan kecerdasan disesatkan</indonesian>
	</word>	<word>
		<sanskrit>paramam</sanskrit>
		<indonesian>Yang Mahakuasa</indonesian>
	</word>	<word>
		<sanskrit>puruṣam</sanskrit>
		<indonesian>Kepribadian Tuhan Yang Maha Esa</indonesian>
	</word>	<word>
		<sanskrit>divyam</sanskrit>
		<indonesian>rohani</indonesian>
	</word>	<word>
		<sanskrit>yāti</sanskrit>
		<indonesian>seseorang mencapai</indonesian>
	</word>	<word>
		<sanskrit>pārtha</sanskrit>
		<indonesian>wahai putera</indonesian>
	</word>	<word>
		<sanskrit>Pṛthā</sanskrit>
		<indonesian></indonesian>
	</word>	<word>
		<sanskrit>anucintayan</sanskrit>
		<indonesian>senantiasa berpikir tentang.</indonesian>
	</word>	<word>
		<sanskrit>kavim</sanskrit>
		<indonesian>Yang Mahatahu</indonesian>
	</word>	<word>
		<sanskrit>purāṇam</sanskrit>
		<indonesian>Yang paling tua</indonesian>
	</word>	<word>
		<sanskrit>anuśāsitāram</sanskrit>
		<indonesian>Yang mengendalikan</indonesian>
	</word>	<word>
		<sanskrit>aṇoḥ</sanskrit>
		<indonesian>daripada atom</indonesian>
	</word>	<word>
		<sanskrit>aṇīyāḿsam</sanskrit>
		<indonesian>lebih kecil</indonesian>
	</word>	<word>
		<sanskrit>anusmaret</sanskrit>
		<indonesian>selalu berpikir tentang</indonesian>
	</word>	<word>
		<sanskrit>yaḥ</sanskrit>
		<indonesian>orang yang</indonesian>
	</word>	<word>
		<sanskrit>sarvasya</sanskrit>
		<indonesian>mengenai segala sesuatu</indonesian>
	</word>	<word>
		<sanskrit>dhātāram</sanskrit>
		<indonesian>Pemelihara</indonesian>
	</word>	<word>
		<sanskrit>acintya</sanskrit>
		<indonesian>tidak dapat dibayangkan</indonesian>
	</word>	<word>
		<sanskrit>rūpam</sanskrit>
		<indonesian>yang bentuk-Nya</indonesian>
	</word>	<word>
		<sanskrit>āditya-varṇam</sanskrit>
		<indonesian>bercahaya bagaikan matahari</indonesian>
	</word>	<word>
		<sanskrit>tamasaḥ</sanskrit>
		<indonesian>ada kegelapan</indonesian>
	</word>	<word>
		<sanskrit>parastāt</sanskrit>
		<indonesian>melampaui.</indonesian>
	</word>	<word>
		<sanskrit>prayāṇa-kāle</sanskrit>
		<indonesian>pada saat-saat meninggal</indonesian>
	</word>	<word>
		<sanskrit>manasā</sanskrit>
		<indonesian>oleh pikiran</indonesian>
	</word>	<word>
		<sanskrit>acalena</sanskrit>
		<indonesian>tanpa disesatkan</indonesian>
	</word>	<word>
		<sanskrit>bhaktyā</sanskrit>
		<indonesian>dalam bhakti sepenuhnya</indonesian>
	</word>	<word>
		<sanskrit>yuktaḥ</sanskrit>
		<indonesian>tekun</indonesian>
	</word>	<word>
		<sanskrit>yoga-balena</sanskrit>
		<indonesian>oleh kekuatan yoga kebatinan</indonesian>
	</word>	<word>
		<sanskrit>ca</sanskrit>
		<indonesian>juga</indonesian>
	</word>	<word>
		<sanskrit>evā</sanskrit>
		<indonesian>pasti</indonesian>
	</word>	<word>
		<sanskrit>bhruvoḥ</sanskrit>
		<indonesian>dua alis mata</indonesian>
	</word>	<word>
		<sanskrit>madhye</sanskrit>
		<indonesian>di tengah-tengah antara</indonesian>
	</word>	<word>
		<sanskrit>prāṇam</sanskrit>
		<indonesian>udara kehidupan</indonesian>
	</word>	<word>
		<sanskrit>āveśya</sanskrit>
		<indonesian>memantapkan</indonesian>
	</word>	<word>
		<sanskrit>samyak</sanskrit>
		<indonesian>sepenuhnya</indonesian>
	</word>	<word>
		<sanskrit>saḥ</sanskrit>
		<indonesian>dia</indonesian>
	</word>	<word>
		<sanskrit>tam</sanskrit>
		<indonesian>itu</indonesian>
	</word>	<word>
		<sanskrit>param</sanskrit>
		<indonesian>rohani</indonesian>
	</word>	<word>
		<sanskrit>puruṣam</sanskrit>
		<indonesian>Kepribadian Tuhan Yang Maha Esa</indonesian>
	</word>	<word>
		<sanskrit>upaiti</sanskrit>
		<indonesian>mencapai</indonesian>
	</word>	<word>
		<sanskrit>divyam</sanskrit>
		<indonesian>di kerajaan rohani.</indonesian>
	</word>	<word>
		<sanskrit>yat</sanskrit>
		<indonesian>itu yang</indonesian>
	</word>	<word>
		<sanskrit>akṣaram</sanskrit>
		<indonesian>suku kata om</indonesian>
	</word>	<word>
		<sanskrit>veda-vidaḥ</sanskrit>
		<indonesian>orang yang menguasai Veda</indonesian>
	</word>	<word>
		<sanskrit>vādānti</sanskrit>
		<indonesian>mengatakan</indonesian>
	</word>	<word>
		<sanskrit>viśanti</sanskrit>
		<indonesian>masuk</indonesian>
	</word>	<word>
		<sanskrit>yat</sanskrit>
		<indonesian>dalam itu</indonesian>
	</word>	<word>
		<sanskrit>yatayaḥ</sanskrit>
		<indonesian>resi-resi yang mulia</indonesian>
	</word>	<word>
		<sanskrit>vīta-rāgāḥ</sanskrit>
		<indonesian>pada tingkat hidup untuk meninggalkan hal-hal duniawi</indonesian>
	</word>	<word>
		<sanskrit>yat</sanskrit>
		<indonesian>itu yang</indonesian>
	</word>	<word>
		<sanskrit>icchantaḥ</sanskrit>
		<indonesian>menginginkan</indonesian>
	</word>	<word>
		<sanskrit>brahmācāryam</sanskrit>
		<indonesian>berpantangan hubungan suami isteri</indonesian>
	</word>	<word>
		<sanskrit>caranti</sanskrit>
		<indonesian>berlatih</indonesian>
	</word>	<word>
		<sanskrit>tat</sanskrit>
		<indonesian>itu</indonesian>
	</word>	<word>
		<sanskrit>te</sanskrit>
		<indonesian>kepada engkau</indonesian>
	</word>	<word>
		<sanskrit>padam</sanskrit>
		<indonesian>keadaan</indonesian>
	</word>	<word>
		<sanskrit>sańgraheṇa</sanskrit>
		<indonesian>sebagai ringkasan</indonesian>
	</word>	<word>
		<sanskrit>pravakṣye</sanskrit>
		<indonesian>Aku akan menjelaskan.</indonesian>
	</word>	<word>
		<sanskrit>sarva-dvārāṇi</sanskrit>
		<indonesian>semua pintu gerbang pada badan</indonesian>
	</word>	<word>
		<sanskrit>saḿyamya</sanskrit>
		<indonesian>mengendalikan</indonesian>
	</word>	<word>
		<sanskrit>manaḥ</sanskrit>
		<indonesian>pikiran</indonesian>
	</word>	<word>
		<sanskrit>hṛdi</sanskrit>
		<indonesian>di dalam jantung</indonesian>
	</word>	<word>
		<sanskrit>nirudhya</sanskrit>
		<indonesian>mengurung</indonesian>
	</word>	<word>
		<sanskrit>ca</sanskrit>
		<indonesian>juga</indonesian>
	</word>	<word>
		<sanskrit>mūrdhni</sanskrit>
		<indonesian>pada kepala</indonesian>
	</word>	<word>
		<sanskrit>ādhāya</sanskrit>
		<indonesian>memantapkan</indonesian>
	</word>	<word>
		<sanskrit>ātmanāḥ</sanskrit>
		<indonesian>sang roh</indonesian>
	</word>	<word>
		<sanskrit>prāṇam</sanskrit>
		<indonesian>udara kehidupan</indonesian>
	</word>	<word>
		<sanskrit>āsthitāḥ</sanskrit>
		<indonesian>mantap dalam</indonesian>
	</word>	<word>
		<sanskrit>yoga-dhāraṇām</sanskrit>
		<indonesian>keadaan yoga.</indonesian>
	</word>	<word>
		<sanskrit>oḿ</sanskrit>
		<indonesian>gabungan huruf (</indonesian>
	</word>	<word>
		<sanskrit>oḿ-kāra</sanskrit>
		<indonesian>)</indonesian>
	</word>	<word>
		<sanskrit>iti</sanskrit>
		<indonesian>demikian</indonesian>
	</word>	<word>
		<sanskrit>eka-akṣaram</sanskrit>
		<indonesian>suku kata yang satu</indonesian>
	</word>	<word>
		<sanskrit>brahma</sanskrit>
		<indonesian>mutlak</indonesian>
	</word>	<word>
		<sanskrit>vyāharan</sanskrit>
		<indonesian>mengucapkan</indonesian>
	</word>	<word>
		<sanskrit>mām</sanskrit>
		<indonesian>Aku (Krishna)</indonesian>
	</word>	<word>
		<sanskrit>anusmaran</sanskrit>
		<indonesian>ingat</indonesian>
	</word>	<word>
		<sanskrit>yaḥ</sanskrit>
		<indonesian>siapapun yang</indonesian>
	</word>	<word>
		<sanskrit>prayāti</sanskrit>
		<indonesian>meninggalkan</indonesian>
	</word>	<word>
		<sanskrit>tyajan</sanskrit>
		<indonesian>melepaskan</indonesian>
	</word>	<word>
		<sanskrit>deham</sanskrit>
		<indonesian>badan ini</indonesian>
	</word>	<word>
		<sanskrit>saḥ</sanskrit>
		<indonesian>dia</indonesian>
	</word>	<word>
		<sanskrit>yāti</sanskrit>
		<indonesian>mencapai</indonesian>
	</word>	<word>
		<sanskrit>paramam</sanskrit>
		<indonesian>Yang Mahakuasa</indonesian>
	</word>	<word>
		<sanskrit>gatim</sanskrit>
		<indonesian>tujuan.</indonesian>
	</word>	<word>
		<sanskrit>ananya-cetāḥ</sanskrit>
		<indonesian>tanpa pikiran menyimpang</indonesian>
	</word>	<word>
		<sanskrit>satatam</sanskrit>
		<indonesian>selalu</indonesian>
	</word>	<word>
		<sanskrit>yaḥ</sanskrit>
		<indonesian>siapapun yang</indonesian>
	</word>	<word>
		<sanskrit>mām</sanskrit>
		<indonesian>Aku (Sri Krishna)</indonesian>
	</word>	<word>
		<sanskrit>smarati</sanskrit>
		<indonesian>ingat</indonesian>
	</word>	<word>
		<sanskrit>nityaśaḥ</sanskrit>
		<indonesian>secara teratur</indonesian>
	</word>	<word>
		<sanskrit>tasya</sanskrit>
		<indonesian>kepadanya</indonesian>
	</word>	<word>
		<sanskrit>aham</sanskrit>
		<indonesian>Aku adalah</indonesian>
	</word>	<word>
		<sanskrit>su-labhaḥ</sanskrit>
		<indonesian>mudah sekali dicapai</indonesian>
	</word>	<word>
		<sanskrit>pārtha</sanskrit>
		<indonesian>wahai putera</indonesian>
	</word>	<word>
		<sanskrit>Pṛthā</sanskrit>
		<indonesian></indonesian>
	</word>	<word>
		<sanskrit>nitya</sanskrit>
		<indonesian>secara teratur</indonesian>
	</word>	<word>
		<sanskrit>yuktasya</sanskrit>
		<indonesian>tekun</indonesian>
	</word>	<word>
		<sanskrit>yoginaḥ</sanskrit>
		<indonesian>bagi seorang penyembah.</indonesian>
	</word>	<word>
		<sanskrit>mām</sanskrit>
		<indonesian>Aku</indonesian>
	</word>	<word>
		<sanskrit>upetya</sanskrit>
		<indonesian>mencapai</indonesian>
	</word>	<word>
		<sanskrit>punaḥ</sanskrit>
		<indonesian>sekali lagi</indonesian>
	</word>	<word>
		<sanskrit>janma</sanskrit>
		<indonesian>kelahiran</indonesian>
	</word>	<word>
		<sanskrit>duḥkha-ālayam</sanskrit>
		<indonesian>tempat kesengsaraan</indonesian>
	</word>	<word>
		<sanskrit>aśāśvatam</sanskrit>
		<indonesian>sementara</indonesian>
	</word>	<word>
		<sanskrit>na</sanskrit>
		<indonesian>tidak pernah</indonesian>
	</word>	<word>
		<sanskrit>āpnuvanti</sanskrit>
		<indonesian>mencapai</indonesian>
	</word>	<word>
		<sanskrit>mahā-ātmānaḥ</sanskrit>
		<indonesian>roh-roh yang mulia</indonesian>
	</word>	<word>
		<sanskrit>saḿsiddhim</sanskrit>
		<indonesian>kesempurnaan</indonesian>
	</word>	<word>
		<sanskrit>paramam</sanskrit>
		<indonesian>paling tinggi</indonesian>
	</word>	<word>
		<sanskrit>gataḥ</sanskrit>
		<indonesian>sesudah mencapai.</indonesian>
	</word>	<word>
		<sanskrit>ā-brahma-bhuvanāt</sanskrit>
		<indonesian>sampai planet Brahmaloka</indonesian>
	</word>	<word>
		<sanskrit>lokaḥ</sanskrit>
		<indonesian>susunan-susunan planet</indonesian>
	</word>	<word>
		<sanskrit>punaḥ</sanskrit>
		<indonesian>lagi</indonesian>
	</word>	<word>
		<sanskrit>āvartinaḥ</sanskrit>
		<indonesian>kembali</indonesian>
	</word>	<word>
		<sanskrit>Arjuna</sanskrit>
		<indonesian>wahai</indonesian>
	</word>	<word>
		<sanskrit>Arjuna</sanskrit>
		<indonesian></indonesian>
	</word>	<word>
		<sanskrit>mām</sanskrit>
		<indonesian>kepada-Ku</indonesian>
	</word>	<word>
		<sanskrit>upetya</sanskrit>
		<indonesian>setelah tiba</indonesian>
	</word>	<word>
		<sanskrit>tu</sanskrit>
		<indonesian>tetapi</indonesian>
	</word>	<word>
		<sanskrit>kaunteya</sanskrit>
		<indonesian>wahai putera</indonesian>
	</word>	<word>
		<sanskrit>Kuntī</sanskrit>
		<indonesian>; punah</indonesian>
	</word>	<word>
		<sanskrit>janma</sanskrit>
		<indonesian>dilahirkan berulangkali</indonesian>
	</word>	<word>
		<sanskrit>na</sanskrit>
		<indonesian>tidak pernah</indonesian>
	</word>	<word>
		<sanskrit>vidyāte</sanskrit>
		<indonesian>terjadi.</indonesian>
	</word>	<word>
		<sanskrit>sahasra</sanskrit>
		<indonesian>seribu</indonesian>
	</word>	<word>
		<sanskrit>yuga</sanskrit>
		<indonesian>jaman-jaman</indonesian>
	</word>	<word>
		<sanskrit>paryantam</sanskrit>
		<indonesian>termasuk</indonesian>
	</word>	<word>
		<sanskrit>ahaḥ</sanskrit>
		<indonesian>siang hari</indonesian>
	</word>	<word>
		<sanskrit>yat</sanskrit>
		<indonesian>itu yang</indonesian>
	</word>	<word>
		<sanskrit>brahmaṇaḥ</sanskrit>
		<indonesian>bagi Brahma</indonesian>
	</word>	<word>
		<sanskrit>viduḥ</sanskrit>
		<indonesian>mereka mengenal</indonesian>
	</word>	<word>
		<sanskrit>rātrim</sanskrit>
		<indonesian>malam hari</indonesian>
	</word>	<word>
		<sanskrit>yuga</sanskrit>
		<indonesian>jaman-jaman</indonesian>
	</word>	<word>
		<sanskrit>sahasra-antām</sanskrit>
		<indonesian>seperti itu pula, berakhir sesudah seribu</indonesian>
	</word>	<word>
		<sanskrit>te</sanskrit>
		<indonesian>mereka</indonesian>
	</word>	<word>
		<sanskrit>ahaḥ-rātra</sanskrit>
		<indonesian>siang dan malam</indonesian>
	</word>	<word>
		<sanskrit>vidaḥ</sanskrit>
		<indonesian>yang mengerti</indonesian>
	</word>	<word>
		<sanskrit>janaḥ</sanskrit>
		<indonesian>orang.</indonesian>
	</word>	<word>
		<sanskrit>avyaktāt</sanskrit>
		<indonesian>dari yang tidak terwujud</indonesian>
	</word>	<word>
		<sanskrit>vyaktayaḥ</sanskrit>
		<indonesian>para makhluk hidup</indonesian>
	</word>	<word>
		<sanskrit>sarvaḥ</sanskrit>
		<indonesian>semua</indonesian>
	</word>	<word>
		<sanskrit>prabhavānti</sanskrit>
		<indonesian>terwujud</indonesian>
	</word>	<word>
		<sanskrit>ahaḥ-āgame</sanskrit>
		<indonesian>pada awal satu hari</indonesian>
	</word>	<word>
		<sanskrit>rātri-āgame</sanskrit>
		<indonesian>pada waktu malam</indonesian>
	</word>	<word>
		<sanskrit>pralīyante</sanskrit>
		<indonesian>dilebur</indonesian>
	</word>	<word>
		<sanskrit>tatra</sanskrit>
		<indonesian>ke dalam itu</indonesian>
	</word>	<word>
		<sanskrit>evā</sanskrit>
		<indonesian>pasti</indonesian>
	</word>	<word>
		<sanskrit>avyakta</sanskrit>
		<indonesian>yang tidak terwujud</indonesian>
	</word>	<word>
		<sanskrit>saḿjñake</sanskrit>
		<indonesian>yang disebut.</indonesian>
	</word>	<word>
		<sanskrit>bhūta-grāmaḥ</sanskrit>
		<indonesian>keseluruhan makhluk hidup</indonesian>
	</word>	<word>
		<sanskrit>saḥ</sanskrit>
		<indonesian>ini</indonesian>
	</word>	<word>
		<sanskrit>evā</sanskrit>
		<indonesian>pasti</indonesian>
	</word>	<word>
		<sanskrit>ayam</sanskrit>
		<indonesian>ini</indonesian>
	</word>	<word>
		<sanskrit>bhūtvā</sanskrit>
		<indonesian></indonesian>
	</word>	<word>
		<sanskrit>bhūtvā</sanskrit>
		<indonesian>dilahirkan berulangulang</indonesian>
	</word>	<word>
		<sanskrit>pralīyate</sanskrit>
		<indonesian>dileburkan</indonesian>
	</word>	<word>
		<sanskrit>rātri</sanskrit>
		<indonesian>dari malam hari</indonesian>
	</word>	<word>
		<sanskrit>āgame</sanskrit>
		<indonesian>setiba</indonesian>
	</word>	<word>
		<sanskrit>avāsaḥ</sanskrit>
		<indonesian>dengan sendirinya</indonesian>
	</word>	<word>
		<sanskrit>pārtha</sanskrit>
		<indonesian>wahai putera</indonesian>
	</word>	<word>
		<sanskrit>Pṛthā</sanskrit>
		<indonesian></indonesian>
	</word>	<word>
		<sanskrit>prabhavati</sanskrit>
		<indonesian>terwujud</indonesian>
	</word>	<word>
		<sanskrit>ahaḥ</sanskrit>
		<indonesian>siang hari</indonesian>
	</word>	<word>
		<sanskrit>āgame</sanskrit>
		<indonesian>setiba.</indonesian>
	</word>	<word>
		<sanskrit>paraḥ</sanskrit>
		<indonesian>rohani dan melampaui alam</indonesian>
	</word>	<word>
		<sanskrit>tasmāt</sanskrit>
		<indonesian>kepada itu</indonesian>
	</word>	<word>
		<sanskrit>tu</sanskrit>
		<indonesian>tetapi</indonesian>
	</word>	<word>
		<sanskrit>bhāvaḥ</sanskrit>
		<indonesian>alam</indonesian>
	</word>	<word>
		<sanskrit>anyaḥ</sanskrit>
		<indonesian>lain</indonesian>
	</word>	<word>
		<sanskrit>avyaktaḥ</sanskrit>
		<indonesian>tidak terwujud</indonesian>
	</word>	<word>
		<sanskrit>avyaktāt</sanskrit>
		<indonesian>kepada yang tidak terwujud</indonesian>
	</word>	<word>
		<sanskrit>sanātanāḥ</sanskrit>
		<indonesian>kekal</indonesian>
	</word>	<word>
		<sanskrit>yaḥ
saḥ</sanskrit>
		<indonesian>itu yang</indonesian>
	</word>	<word>
		<sanskrit>sarveṣu</sanskrit>
		<indonesian>semua</indonesian>
	</word>	<word>
		<sanskrit>bhūteṣu</sanskrit>
		<indonesian>perwujudan</indonesian>
	</word>	<word>
		<sanskrit>naśyatsu</sanskrit>
		<indonesian>dengan dilebur</indonesian>
	</word>	<word>
		<sanskrit>na</sanskrit>
		<indonesian>tidak pernah</indonesian>
	</word>	<word>
		<sanskrit>vinaśyāti</sanskrit>
		<indonesian>dibinasakan.</indonesian>
	</word>	<word>
		<sanskrit>avyaktaḥ</sanskrit>
		<indonesian>tidak terwujud</indonesian>
	</word>	<word>
		<sanskrit>akṣaraḥ</sanskrit>
		<indonesian>tidak pernah gagal</indonesian>
	</word>	<word>
		<sanskrit>iti</sanskrit>
		<indonesian>demikian</indonesian>
	</word>	<word>
		<sanskrit>uktaḥ</sanskrit>
		<indonesian>dikatakan</indonesian>
	</word>	<word>
		<sanskrit>tam</sanskrit>
		<indonesian>itu</indonesian>
	</word>	<word>
		<sanskrit>āhuḥ</sanskrit>
		<indonesian>dikenal</indonesian>
	</word>	<word>
		<sanskrit>paramam</sanskrit>
		<indonesian>paling tinggi</indonesian>
	</word>	<word>
		<sanskrit>gatim</sanskrit>
		<indonesian>tujuan</indonesian>
	</word>	<word>
		<sanskrit>yam</sanskrit>
		<indonesian>yang</indonesian>
	</word>	<word>
		<sanskrit>prāpya</sanskrit>
		<indonesian>mencapai</indonesian>
	</word>	<word>
		<sanskrit>na</sanskrit>
		<indonesian>tidak pernah</indonesian>
	</word>	<word>
		<sanskrit>nivartante</sanskrit>
		<indonesian>kembali lagi</indonesian>
	</word>	<word>
		<sanskrit>tat</sanskrit>
		<indonesian>itu</indonesian>
	</word>	<word>
		<sanskrit>dhāma</sanskrit>
		<indonesian>tempat tinggal</indonesian>
	</word>	<word>
		<sanskrit>paramam</sanskrit>
		<indonesian>paling tinggi</indonesian>
	</word>	<word>
		<sanskrit>mama</sanskrit>
		<indonesian>milik-Ku.</indonesian>
	</word>	<word>
		<sanskrit>puruṣaḥ</sanskrit>
		<indonesian>Kepribadian Tuhan Yang Maha Esa</indonesian>
	</word>	<word>
		<sanskrit>saḥ</sanskrit>
		<indonesian>Beliau</indonesian>
	</word>	<word>
		<sanskrit>paraḥ</sanskrit>
		<indonesian>Yang Mahakuasa, Yang Mahatinggi</indonesian>
	</word>	<word>
		<sanskrit>pārtha</sanskrit>
		<indonesian>wahai putera</indonesian>
	</word>	<word>
		<sanskrit>Pṛthā</sanskrit>
		<indonesian></indonesian>
	</word>	<word>
		<sanskrit>bhaktyā</sanskrit>
		<indonesian>oleh bhakti</indonesian>
	</word>	<word>
		<sanskrit>labhyaḥ</sanskrit>
		<indonesian>dapat dicapai</indonesian>
	</word>	<word>
		<sanskrit>tu</sanskrit>
		<indonesian>tetapi</indonesian>
	</word>	<word>
		<sanskrit>ananyayā</sanskrit>
		<indonesian>murni, tidak pernah menyimpang</indonesian>
	</word>	<word>
		<sanskrit>yasya</sanskrit>
		<indonesian>siapa</indonesian>
	</word>	<word>
		<sanskrit>antaḥ-sthāni</sanskrit>
		<indonesian>di dalam</indonesian>
	</word>	<word>
		<sanskrit>bhūtāni</sanskrit>
		<indonesian>seluruh manifestasi material</indonesian>
	</word>	<word>
		<sanskrit>yena</sanskrit>
		<indonesian>oleh siapa</indonesian>
	</word>	<word>
		<sanskrit>sarvam</sanskrit>
		<indonesian>semua</indonesian>
	</word>	<word>
		<sanskrit>idam</sanskrit>
		<indonesian>apapun yang dapat kita lihat</indonesian>
	</word>	<word>
		<sanskrit>tatam</sanskrit>
		<indonesian>berada di mana-mana di dalam.</indonesian>
	</word>	<word>
		<sanskrit>yātrā</sanskrit>
		<indonesian>pada itu</indonesian>
	</word>	<word>
		<sanskrit>kāle</sanskrit>
		<indonesian>waktu</indonesian>
	</word>	<word>
		<sanskrit>tu</sanskrit>
		<indonesian>dan</indonesian>
	</word>	<word>
		<sanskrit>anāvṛttim</sanskrit>
		<indonesian>tidak kembali</indonesian>
	</word>	<word>
		<sanskrit>āvṛttim</sanskrit>
		<indonesian>kembali</indonesian>
	</word>	<word>
		<sanskrit>ca</sanskrit>
		<indonesian>juga</indonesian>
	</word>	<word>
		<sanskrit>evā</sanskrit>
		<indonesian>pasti</indonesian>
	</word>	<word>
		<sanskrit>yoginaḥ</sanskrit>
		<indonesian>berbagai jenis ahli kebatinan</indonesian>
	</word>	<word>
		<sanskrit>prayātāḥ</sanskrit>
		<indonesian>sesudah meninggal</indonesian>
	</word>	<word>
		<sanskrit>yānti</sanskrit>
		<indonesian>mencapai</indonesian>
	</word>	<word>
		<sanskrit>tam</sanskrit>
		<indonesian>itu</indonesian>
	</word>	<word>
		<sanskrit>kālam</sanskrit>
		<indonesian>waktu</indonesian>
	</word>	<word>
		<sanskrit>vakṣyāmi</sanskrit>
		<indonesian>Aku akan menguraikan</indonesian>
	</word>	<word>
		<sanskrit>bhārata-ṛṣabha</sanskrit>
		<indonesian>wahai yang paling baik di antara para</indonesian>
	</word>	<word>
		<sanskrit>Bhārata</sanskrit>
		<indonesian>.</indonesian>
	</word>	<word>
		<sanskrit>agniḥ</sanskrit>
		<indonesian>api</indonesian>
	</word>	<word>
		<sanskrit>jyotiḥ</sanskrit>
		<indonesian>cahaya</indonesian>
	</word>	<word>
		<sanskrit>ahaḥ</sanskrit>
		<indonesian>siang</indonesian>
	</word>	<word>
		<sanskrit>śuklaḥ</sanskrit>
		<indonesian>dua minggu yang putih</indonesian>
	</word>	<word>
		<sanskrit>ṣaṭ-māsāḥ</sanskrit>
		<indonesian>enam bulan</indonesian>
	</word>	<word>
		<sanskrit>uttara-ayanam</sanskrit>
		<indonesian>pada waktu matahari berjalan menuju utara (Januari-Juni)</indonesian>
	</word>	<word>
		<sanskrit>tatra</sanskrit>
		<indonesian>di sana</indonesian>
	</word>	<word>
		<sanskrit>prayātāḥ</sanskrit>
		<indonesian>orang yang meninggal</indonesian>
	</word>	<word>
		<sanskrit>gacchanti</sanskrit>
		<indonesian>pergi</indonesian>
	</word>	<word>
		<sanskrit>brahma</sanskrit>
		<indonesian>kepada Yang Mutlak</indonesian>
	</word>	<word>
		<sanskrit>brahma-vidaḥ</sanskrit>
		<indonesian>orang yang mengenal Yang Mutlak</indonesian>
	</word>	<word>
		<sanskrit>janaḥ</sanskrit>
		<indonesian>orang.</indonesian>
	</word>	<word>
		<sanskrit>dhūmaḥ</sanskrit>
		<indonesian>asap</indonesian>
	</word>	<word>
		<sanskrit>rātriḥ</sanskrit>
		<indonesian>malam</indonesian>
	</word>	<word>
		<sanskrit>tathā</sanskrit>
		<indonesian>juga</indonesian>
	</word>	<word>
		<sanskrit>kṛṣṇah</sanskrit>
		<indonesian>dua minggu menjelang malam bulan mati</indonesian>
	</word>	<word>
		<sanskrit>ṣaṭ-māsāḥ</sanskrit>
		<indonesian>enam bulan</indonesian>
	</word>	<word>
		<sanskrit>dakṣiṇa-ayanam</sanskrit>
		<indonesian>waktu matahari berjalan menuju selatan (Juli-Desember)</indonesian>
	</word>	<word>
		<sanskrit>tatra</sanskrit>
		<indonesian>di sana</indonesian>
	</word>	<word>
		<sanskrit>cāndra-masam</sanskrit>
		<indonesian>bulan</indonesian>
	</word>	<word>
		<sanskrit>jyotiḥ</sanskrit>
		<indonesian>cahaya</indonesian>
	</word>	<word>
		<sanskrit>yogī</sanskrit>
		<indonesian>ahli kebatinan</indonesian>
	</word>	<word>
		<sanskrit>prāpya</sanskrit>
		<indonesian>mencapai</indonesian>
	</word>	<word>
		<sanskrit>nivartate</sanskrit>
		<indonesian>kembali lagi.</indonesian>
	</word>	<word>
		<sanskrit>śukla</sanskrit>
		<indonesian>cahaya</indonesian>
	</word>	<word>
		<sanskrit>kṛṣṇe</sanskrit>
		<indonesian>dan kegelapan</indonesian>
	</word>	<word>
		<sanskrit>gatī</sanskrit>
		<indonesian>cara-cara meninggal</indonesian>
	</word>	<word>
		<sanskrit>hi</sanskrit>
		<indonesian>pasti</indonesian>
	</word>	<word>
		<sanskrit>ete</sanskrit>
		<indonesian>yang dua ini</indonesian>
	</word>	<word>
		<sanskrit>jagataḥ</sanskrit>
		<indonesian>dari dunia material</indonesian>
	</word>	<word>
		<sanskrit>śāśvate</sanskrit>
		<indonesian>dari Veda</indonesian>
	</word>	<word>
		<sanskrit>mate</sanskrit>
		<indonesian>menurut pendapat</indonesian>
	</word>	<word>
		<sanskrit>ekāya</sanskrit>
		<indonesian>oleh satu</indonesian>
	</word>	<word>
		<sanskrit>yāti</sanskrit>
		<indonesian>pergi</indonesian>
	</word>	<word>
		<sanskrit>anāvṛttim</sanskrit>
		<indonesian>tidak kembali lagi</indonesian>
	</word>	<word>
		<sanskrit>anyayā</sanskrit>
		<indonesian>oleh yang lain</indonesian>
	</word>	<word>
		<sanskrit>āvartate</sanskrit>
		<indonesian>kembali lagi</indonesian>
	</word>	<word>
		<sanskrit>punaḥ</sanskrit>
		<indonesian>lagi.</indonesian>
	</word>	<word>
		<sanskrit>na</sanskrit>
		<indonesian>tidak pernah</indonesian>
	</word>	<word>
		<sanskrit>ete</sanskrit>
		<indonesian>yang dua ini</indonesian>
	</word>	<word>
		<sanskrit>sṛtī</sanskrit>
		<indonesian>jalanjalan yang berbeda</indonesian>
	</word>	<word>
		<sanskrit>pārtha</sanskrit>
		<indonesian>wahai putera</indonesian>
	</word>	<word>
		<sanskrit>Pṛthā</sanskrit>
		<indonesian></indonesian>
	</word>	<word>
		<sanskrit>jānan</sanskrit>
		<indonesian>kalaupun ia mengenal</indonesian>
	</word>	<word>
		<sanskrit>yogī</sanskrit>
		<indonesian>penyembah Tuhan</indonesian>
	</word>	<word>
		<sanskrit>muhyāti</sanskrit>
		<indonesian>dibingungkan</indonesian>
	</word>	<word>
		<sanskrit>kaścana</sanskrit>
		<indonesian>apapun</indonesian>
	</word>	<word>
		<sanskrit>tasmāt</sanskrit>
		<indonesian>karena itu</indonesian>
	</word>	<word>
		<sanskrit>sarveṣu</sanskrit>
		<indonesian></indonesian>
	</word>	<word>
		<sanskrit>kāleṣu</sanskrit>
		<indonesian>selalu</indonesian>
	</word>	<word>
		<sanskrit>yoga-yuktaḥ</sanskrit>
		<indonesian>tekun dalam kesadaran Krishna</indonesian>
	</word>	<word>
		<sanskrit>bhava</sanskrit>
		<indonesian>jadilah</indonesian>
	</word>	<word>
		<sanskrit>Arjuna</sanskrit>
		<indonesian>wahai</indonesian>
	</word>	<word>
		<sanskrit>Arjuna</sanskrit>
		<indonesian>.</indonesian>
	</word>	<word>
		<sanskrit>vedeṣu</sanskrit>
		<indonesian>dalam mempelajari Veda</indonesian>
	</word>	<word>
		<sanskrit>yajñeṣu</sanskrit>
		<indonesian>dalam pelaksanaan</indonesian>
	</word>	<word>
		<sanskrit>yajñā</sanskrit>
		<indonesian>, korban suci</indonesian>
	</word>	<word>
		<sanskrit>tapaḥsu</sanskrit>
		<indonesian>dalam menjalankan berbagai jenis kesederhanaan atau pertapaan</indonesian>
	</word>	<word>
		<sanskrit>ca</sanskrit>
		<indonesian>juga</indonesian>
	</word>	<word>
		<sanskrit>evā</sanskrit>
		<indonesian>pasti</indonesian>
	</word>	<word>
		<sanskrit>dāneṣu</sanskrit>
		<indonesian>dalam memberi sumbangan</indonesian>
	</word>	<word>
		<sanskrit>yat</sanskrit>
		<indonesian>itu yang</indonesian>
	</word>	<word>
		<sanskrit>puṇya-phalam</sanskrit>
		<indonesian>hasil pekerjaan yang saleh</indonesian>
	</word>	<word>
		<sanskrit>pradiṣṭam</sanskrit>
		<indonesian>ditunjukkan</indonesian>
	</word>	<word>
		<sanskrit>atyeti</sanskrit>
		<indonesian>melampaui</indonesian>
	</word>	<word>
		<sanskrit>tat
sarvam</sanskrit>
		<indonesian>semua itu</indonesian>
	</word>	<word>
		<sanskrit>idam</sanskrit>
		<indonesian>ini</indonesian>
	</word>	<word>
		<sanskrit>viditvā</sanskrit>
		<indonesian>mengetahui</indonesian>
	</word>	<word>
		<sanskrit>yogī</sanskrit>
		<indonesian>penyembah</indonesian>
	</word>	<word>
		<sanskrit>param</sanskrit>
		<indonesian>paling utama</indonesian>
	</word>	<word>
		<sanskrit>sthānam</sanskrit>
		<indonesian>tempat tinggal</indonesian>
	</word>	<word>
		<sanskrit>upaiti</sanskrit>
		<indonesian>mencapai</indonesian>
	</word>	<word>
		<sanskrit>ca</sanskrit>
		<indonesian>juga</indonesian>
	</word>	<word>
		<sanskrit>ādyam</sanskrit>
		<indonesian>asli.</indonesian>
	</word></root>