<?xml version="1.0" encoding="UTF-8"?>
<root>	<word>
		<sanskrit>sañjayaḥ uvāca</sanskrit>
		<indonesian>Sañjaya berkata</indonesian>
	</word>	<word>
		<sanskrit>tam</sanskrit>
		<indonesian>kepada</indonesian>
	</word>	<word>
		<sanskrit>Arjuna</sanskrit>
		<indonesian></indonesian>
	</word>	<word>
		<sanskrit>tathā</sanskrit>
		<indonesian>demikian</indonesian>
	</word>	<word>
		<sanskrit>kṛpayā</sanskrit>
		<indonesian>oleh kasih sayang</indonesian>
	</word>	<word>
		<sanskrit>āviṣṭam</sanskrit>
		<indonesian>tergugah</indonesian>
	</word>	<word>
		<sanskrit>aśru-pūrṇa-ākula</sanskrit>
		<indonesian>penuh dengan air mata</indonesian>
	</word>	<word>
		<sanskrit>īkṣaṇam</sanskrit>
		<indonesian>mata</indonesian>
	</word>	<word>
		<sanskrit>viṣīdantam</sanskrit>
		<indonesian>menyesal</indonesian>
	</word>	<word>
		<sanskrit>idam</sanskrit>
		<indonesian>ini</indonesian>
	</word>	<word>
		<sanskrit>vākyam</sanskrit>
		<indonesian>kata-kata</indonesian>
	</word>	<word>
		<sanskrit>uvāca</sanskrit>
		<indonesian>bersabda</indonesian>
	</word>	<word>
		<sanskrit>Madhusūdanaḥ</sanskrit>
		<indonesian>pembunuh Madhu.</indonesian>
	</word>	<word>
		<sanskrit>Śrī-bhagavān uvāca</sanskrit>
		<indonesian>Kepribadian Tuhan Yang Maha Esa bersabda</indonesian>
	</word>	<word>
		<sanskrit>kutaḥ</sanskrit>
		<indonesian>darimana</indonesian>
	</word>	<word>
		<sanskrit>tvā</sanskrit>
		<indonesian>kepada engkau</indonesian>
	</word>	<word>
		<sanskrit>kaśmalam</sanskrit>
		<indonesian>hal-hal yang kotor</indonesian>
	</word>	<word>
		<sanskrit>idam</sanskrit>
		<indonesian>penyesalan ini</indonesian>
	</word>	<word>
		<sanskrit>viṣame</sanskrit>
		<indonesian>pada saat krisis ini</indonesian>
	</word>	<word>
		<sanskrit>samupasthitam</sanskrit>
		<indonesian>tiba</indonesian>
	</word>	<word>
		<sanskrit>anārya</sanskrit>
		<indonesian>orang yang tidak mengetahui nilai hidup</indonesian>
	</word>	<word>
		<sanskrit>juṣṭam</sanskrit>
		<indonesian>dipraktekkan oleh</indonesian>
	</word>	<word>
		<sanskrit>asvargyam</sanskrit>
		<indonesian>yang tidak membawa seseorang ke planet-planet yang lebih tinggi</indonesian>
	</word>	<word>
		<sanskrit>akīrti</sanskrit>
		<indonesian>penghinaan</indonesian>
	</word>	<word>
		<sanskrit>karam</sanskrit>
		<indonesian>penyebab</indonesian>
	</word>	<word>
		<sanskrit>Arjuna</sanskrit>
		<indonesian>wahai</indonesian>
	</word>	<word>
		<sanskrit>Arjuna</sanskrit>
		<indonesian>.</indonesian>
	</word>	<word>
		<sanskrit>klaibyam</sanskrit>
		<indonesian>kelemahan</indonesian>
	</word>	<word>
		<sanskrit>mā sma</sanskrit>
		<indonesian>jangan</indonesian>
	</word>	<word>
		<sanskrit>gamaḥ</sanskrit>
		<indonesian>mulai mengikuti</indonesian>
	</word>	<word>
		<sanskrit>pārtha</sanskrit>
		<indonesian>wahai putera</indonesian>
	</word>	<word>
		<sanskrit>Pṛthā</sanskrit>
		<indonesian></indonesian>
	</word>	<word>
		<sanskrit>na</sanskrit>
		<indonesian>tidak pernah</indonesian>
	</word>	<word>
		<sanskrit>etat</sanskrit>
		<indonesian>ini; tvayi—kepada engkau</indonesian>
	</word>	<word>
		<sanskrit>upadyate</sanskrit>
		<indonesian>pantas</indonesian>
	</word>	<word>
		<sanskrit>kṣudram</sanskrit>
		<indonesian>remeh</indonesian>
	</word>	<word>
		<sanskrit>hṛdaya</sanskrit>
		<indonesian>dari hati</indonesian>
	</word>	<word>
		<sanskrit>daurbalyam</sanskrit>
		<indonesian>kelemahan</indonesian>
	</word>	<word>
		<sanskrit>tyaktvā</sanskrit>
		<indonesian>meninggalkan</indonesian>
	</word>	<word>
		<sanskrit>uttiṣṭha</sanskrit>
		<indonesian>bangun</indonesian>
	</word>	<word>
		<sanskrit>param-tapa</sanskrit>
		<indonesian>wahai penghukum musuh.</indonesian>
	</word>	<word>
		<sanskrit>Arjunaḥ uvāca</sanskrit>
		<indonesian>Arjuna berkata</indonesian>
	</word>	<word>
		<sanskrit>katham</sanskrit>
		<indonesian>bagaimana</indonesian>
	</word>	<word>
		<sanskrit>Bhīṣmām—Bhīṣma</sanskrit>
		<indonesian></indonesian>
	</word>	<word>
		<sanskrit>aham</sanskrit>
		<indonesian>saya</indonesian>
	</word>	<word>
		<sanskrit>sańkhye</sanskrit>
		<indonesian>dalam pertempuran</indonesian>
	</word>	<word>
		<sanskrit>droṇam</sanskrit>
		<indonesian>Drona</indonesian>
	</word>	<word>
		<sanskrit>ca</sanskrit>
		<indonesian>juga</indonesian>
	</word>	<word>
		<sanskrit>Madhusūdana</sanskrit>
		<indonesian>o Pembunuh Madhu</indonesian>
	</word>	<word>
		<sanskrit>iṣubhiḥ</sanskrit>
		<indonesian>dengan anak panah</indonesian>
	</word>	<word>
		<sanskrit>pratiyotsyāmi</sanskrit>
		<indonesian>akan membalas serangan</indonesian>
	</word>	<word>
		<sanskrit>pūjā-arhau</sanskrit>
		<indonesian>mereka yang patut disembah</indonesian>
	</word>	<word>
		<sanskrit>ari-sūdana</sanskrit>
		<indonesian>o Pembunuh musuh.</indonesian>
	</word>	<word>
		<sanskrit>gurūn</sanskrit>
		<indonesian>para atasan</indonesian>
	</word>	<word>
		<sanskrit>ahatvā</sanskrit>
		<indonesian>tidak membunuh</indonesian>
	</word>	<word>
		<sanskrit>hi</sanskrit>
		<indonesian>pasti</indonesian>
	</word>	<word>
		<sanskrit>mahā-anubhāvān</sanskrit>
		<indonesian>roh-roh mulia</indonesian>
	</word>	<word>
		<sanskrit>śreyaḥ</sanskrit>
		<indonesian>lebih baik</indonesian>
	</word>	<word>
		<sanskrit>bhoktum</sanskrit>
		<indonesian>menikmati hidup</indonesian>
	</word>	<word>
		<sanskrit>bhaikṣyam</sanskrit>
		<indonesian>dengan mengemis</indonesian>
	</word>	<word>
		<sanskrit>api</sanskrit>
		<indonesian>walaupun</indonesian>
	</word>	<word>
		<sanskrit>iha</sanskrit>
		<indonesian>dalam hidup ini</indonesian>
	</word>	<word>
		<sanskrit>loke</sanskrit>
		<indonesian>di dunia ini</indonesian>
	</word>	<word>
		<sanskrit>hatvā</sanskrit>
		<indonesian>membunuh</indonesian>
	</word>	<word>
		<sanskrit>artha</sanskrit>
		<indonesian>keuntungan</indonesian>
	</word>	<word>
		<sanskrit>kāmān</sanskrit>
		<indonesian>menginginkan</indonesian>
	</word>	<word>
		<sanskrit>tu</sanskrit>
		<indonesian>tetapi</indonesian>
	</word>	<word>
		<sanskrit>gurūn</sanskrit>
		<indonesian>para atasan</indonesian>
	</word>	<word>
		<sanskrit>iha</sanskrit>
		<indonesian>di dunia ini</indonesian>
	</word>	<word>
		<sanskrit>evā</sanskrit>
		<indonesian>pasti</indonesian>
	</word>	<word>
		<sanskrit>bhuñjīya</sanskrit>
		<indonesian>seseorang harus menikmati</indonesian>
	</word>	<word>
		<sanskrit>bhogān</sanskrit>
		<indonesian>hal-hal yang dapat dinikmati</indonesian>
	</word>	<word>
		<sanskrit>rudhira</sanskrit>
		<indonesian>darah</indonesian>
	</word>	<word>
		<sanskrit>pradigdhān</sanskrit>
		<indonesian>ternoda dengan.</indonesian>
	</word>	<word>
		<sanskrit>na</sanskrit>
		<indonesian>tidak juga</indonesian>
	</word>	<word>
		<sanskrit>ca</sanskrit>
		<indonesian>juga</indonesian>
	</word>	<word>
		<sanskrit>etat</sanskrit>
		<indonesian>ini</indonesian>
	</word>	<word>
		<sanskrit>vidmaḥ</sanskrit>
		<indonesian>kita mengetahui</indonesian>
	</word>	<word>
		<sanskrit>katarat</sanskrit>
		<indonesian>yang mana</indonesian>
	</word>	<word>
		<sanskrit>naḥ</sanskrit>
		<indonesian>bagi kita</indonesian>
	</word>	<word>
		<sanskrit>garīyaḥ</sanskrit>
		<indonesian>lebih baik; yat</indonesian>
	</word>	<word>
		<sanskrit>vā</sanskrit>
		<indonesian>apakah</indonesian>
	</word>	<word>
		<sanskrit>jayema</sanskrit>
		<indonesian>kita dapat merebut</indonesian>
	</word>	<word>
		<sanskrit>yādi</sanskrit>
		<indonesian>kalau</indonesian>
	</word>	<word>
		<sanskrit>vā</sanskrit>
		<indonesian>atau</indonesian>
	</word>	<word>
		<sanskrit>naḥ</sanskrit>
		<indonesian>kita</indonesian>
	</word>	<word>
		<sanskrit>jayeyuḥ</sanskrit>
		<indonesian>mereka merebut</indonesian>
	</word>	<word>
		<sanskrit>yān</sanskrit>
		<indonesian>orang yang</indonesian>
	</word>	<word>
		<sanskrit>evā</sanskrit>
		<indonesian>pasti</indonesian>
	</word>	<word>
		<sanskrit>hatvā</sanskrit>
		<indonesian>dengan membunuh</indonesian>
	</word>	<word>
		<sanskrit>na</sanskrit>
		<indonesian>tidak pernah</indonesian>
	</word>	<word>
		<sanskrit>jijīviṣāmaḥ</sanskrit>
		<indonesian>kita akan mau hidup</indonesian>
	</word>	<word>
		<sanskrit>te</sanskrit>
		<indonesian>semuanya</indonesian>
	</word>	<word>
		<sanskrit>avasthitāḥ</sanskrit>
		<indonesian>berada</indonesian>
	</word>	<word>
		<sanskrit>pramukhe</sanskrit>
		<indonesian>di depan</indonesian>
	</word>	<word>
		<sanskrit>dhārtarāṣṭrāḥ</sanskrit>
		<indonesian>para putera</indonesian>
	</word>	<word>
		<sanskrit>Dhṛtarāṣṭra</sanskrit>
		<indonesian>.</indonesian>
	</word>	<word>
		<sanskrit>kārpaṇya</sanskrit>
		<indonesian>sifat pelit</indonesian>
	</word>	<word>
		<sanskrit>doṣa</sanskrit>
		<indonesian>oleh kelemahan</indonesian>
	</word>	<word>
		<sanskrit>upahata</sanskrit>
		<indonesian>penderita</indonesian>
	</word>	<word>
		<sanskrit>sva-bhāvaḥ</sanskrit>
		<indonesian>ciri-ciri</indonesian>
	</word>	<word>
		<sanskrit>pṛcchāmi</sanskrit>
		<indonesian>hamba bertanya</indonesian>
	</word>	<word>
		<sanskrit>tvām</sanskrit>
		<indonesian>kepada Anda</indonesian>
	</word>	<word>
		<sanskrit>dharma</sanskrit>
		<indonesian>dharma</indonesian>
	</word>	<word>
		<sanskrit>sammūḍha</sanskrit>
		<indonesian>dibingungkan</indonesian>
	</word>	<word>
		<sanskrit>cetāḥ</sanskrit>
		<indonesian>di dalam hati</indonesian>
	</word>	<word>
		<sanskrit>yat</sanskrit>
		<indonesian>apa</indonesian>
	</word>	<word>
		<sanskrit>śreyaḥ</sanskrit>
		<indonesian>segala kebaikan</indonesian>
	</word>	<word>
		<sanskrit>syāt</sanskrit>
		<indonesian>dapat terjadi</indonesian>
	</word>	<word>
		<sanskrit>niścitam</sanskrit>
		<indonesian>dengan keyakinan</indonesian>
	</word>	<word>
		<sanskrit>brūhi</sanskrit>
		<indonesian>beritahukan</indonesian>
	</word>	<word>
		<sanskrit>tat</sanskrit>
		<indonesian>itu</indonesian>
	</word>	<word>
		<sanskrit>me</sanskrit>
		<indonesian>kepada hamba</indonesian>
	</word>	<word>
		<sanskrit>śiṣyaḥ</sanskrit>
		<indonesian>murid</indonesian>
	</word>	<word>
		<sanskrit>te</sanskrit>
		<indonesian>milik Anda</indonesian>
	</word>	<word>
		<sanskrit>aham</sanskrit>
		<indonesian>hamba adalah</indonesian>
	</word>	<word>
		<sanskrit>śādhi</sanskrit>
		<indonesian>ajarkan saja</indonesian>
	</word>	<word>
		<sanskrit>mām</sanskrit>
		<indonesian>hamba</indonesian>
	</word>	<word>
		<sanskrit>tvām</sanskrit>
		<indonesian>kepada Anda</indonesian>
	</word>	<word>
		<sanskrit>prapannam</sanskrit>
		<indonesian>menyerahkan diri.</indonesian>
	</word>	<word>
		<sanskrit>na</sanskrit>
		<indonesian>tidak</indonesian>
	</word>	<word>
		<sanskrit>hi</sanskrit>
		<indonesian>pasti</indonesian>
	</word>	<word>
		<sanskrit>prapaśyāmi</sanskrit>
		<indonesian>dapat hamba lihat</indonesian>
	</word>	<word>
		<sanskrit>mama</sanskrit>
		<indonesian>milik hamba</indonesian>
	</word>	<word>
		<sanskrit>apanudyāt</sanskrit>
		<indonesian>dapat menghilangkan</indonesian>
	</word>	<word>
		<sanskrit>yat</sanskrit>
		<indonesian>itu yang</indonesian>
	</word>	<word>
		<sanskrit>śokam</sanskrit>
		<indonesian>penyesalan</indonesian>
	</word>	<word>
		<sanskrit>ucchoṣaṇam</sanskrit>
		<indonesian>mengeringkan</indonesian>
	</word>	<word>
		<sanskrit>indriyāṇām</sanskrit>
		<indonesian>milik indera-indera</indonesian>
	</word>	<word>
		<sanskrit>avāpya</sanskrit>
		<indonesian>mencapai</indonesian>
	</word>	<word>
		<sanskrit>bhūmau</sanskrit>
		<indonesian>di bumi</indonesian>
	</word>	<word>
		<sanskrit>asapatnam</sanskrit>
		<indonesian>yang tiada taranya</indonesian>
	</word>	<word>
		<sanskrit>ṛddham</sanskrit>
		<indonesian>makmur</indonesian>
	</word>	<word>
		<sanskrit>rājyam</sanskrit>
		<indonesian>kerajaan</indonesian>
	</word>	<word>
		<sanskrit>surāṇām</sanskrit>
		<indonesian>milik para dewa</indonesian>
	</word>	<word>
		<sanskrit>api</sanskrit>
		<indonesian>walaupun</indonesian>
	</word>	<word>
		<sanskrit>ca</sanskrit>
		<indonesian>juga</indonesian>
	</word>	<word>
		<sanskrit>ādhipatyam</sanskrit>
		<indonesian>kekuasaan.</indonesian>
	</word>	<word>
		<sanskrit>sañjayaḥ uvāca</sanskrit>
		<indonesian>Sañjaya berkata</indonesian>
	</word>	<word>
		<sanskrit>evam</sanskrit>
		<indonesian>demikianlah</indonesian>
	</word>	<word>
		<sanskrit>uktvā</sanskrit>
		<indonesian>berkata</indonesian>
	</word>	<word>
		<sanskrit>hṛṣīkeśam</sanskrit>
		<indonesian>kepada Krishna, Penguasa indera-indera</indonesian>
	</word>	<word>
		<sanskrit>guḍākeśaḥ</sanskrit>
		<indonesian>Arjuna, ahli dalam membatasi kebodohan</indonesian>
	</word>	<word>
		<sanskrit>parantapah</sanskrit>
		<indonesian>perebut musuh</indonesian>
	</word>	<word>
		<sanskrit>na yotsye</sanskrit>
		<indonesian>hamba tidak akan bertempur</indonesian>
	</word>	<word>
		<sanskrit>iti</sanskrit>
		<indonesian>demikian</indonesian>
	</word>	<word>
		<sanskrit>govindam</sanskrit>
		<indonesian>kepada Krishna, yang memberi kebahagiaan kepada indera-indera</indonesian>
	</word>	<word>
		<sanskrit>uktvā</sanskrit>
		<indonesian>berkata</indonesian>
	</word>	<word>
		<sanskrit>tūṣṇīm</sanskrit>
		<indonesian>diam</indonesian>
	</word>	<word>
		<sanskrit>babhūva</sanskrit>
		<indonesian>menjadi</indonesian>
	</word>	<word>
		<sanskrit>ha</sanskrit>
		<indonesian>pasti.</indonesian>
	</word>	<word>
		<sanskrit>tam</sanskrit>
		<indonesian>kepada dia</indonesian>
	</word>	<word>
		<sanskrit>uvāca</sanskrit>
		<indonesian>bersabda</indonesian>
	</word>	<word>
		<sanskrit>Hṛṣīkeśaḥ</sanskrit>
		<indonesian>Penguasa indera-indera, Krishna</indonesian>
	</word>	<word>
		<sanskrit>prāhasan</sanskrit>
		<indonesian>tersenyum</indonesian>
	</word>	<word>
		<sanskrit>ivā</sanskrit>
		<indonesian>seperti itu</indonesian>
	</word>	<word>
		<sanskrit>Bhārata</sanskrit>
		<indonesian>wahai</indonesian>
	</word>	<word>
		<sanskrit>Dhṛtarāṣṭra</sanskrit>
		<indonesian>putera keluarga</indonesian>
	</word>	<word>
		<sanskrit>Bhārata</sanskrit>
		<indonesian></indonesian>
	</word>	<word>
		<sanskrit>senayoh</sanskrit>
		<indonesian>antara tentara-tentara</indonesian>
	</word>	<word>
		<sanskrit>ubhayoḥ</sanskrit>
		<indonesian>antara kedua belah pihak</indonesian>
	</word>	<word>
		<sanskrit>madhye</sanskrit>
		<indonesian>di tengah-tengah</indonesian>
	</word>	<word>
		<sanskrit>viṣīdantam</sanskrit>
		<indonesian>kepada yang menyesal</indonesian>
	</word>	<word>
		<sanskrit>idam</sanskrit>
		<indonesian>berikut</indonesian>
	</word>	<word>
		<sanskrit>vacaḥ</sanskrit>
		<indonesian>kata-kata.</indonesian>
	</word>	<word>
		<sanskrit>Śrī-bhagavān</sanskrit>
		<indonesian></indonesian>
	</word>	<word>
		<sanskrit>uvāca</sanskrit>
		<indonesian>Kepribadian Tuhan Yang Maha Esa bersabda</indonesian>
	</word>	<word>
		<sanskrit>aśocyān</sanskrit>
		<indonesian>sesuatu yang tidak patut disesalkan</indonesian>
	</word>	<word>
		<sanskrit>anvaśocaḥ</sanskrit>
		<indonesian>engkau menyesalkan</indonesian>
	</word>	<word>
		<sanskrit>tvām</sanskrit>
		<indonesian>engkau</indonesian>
	</word>	<word>
		<sanskrit>prajñā-vādān</sanskrit>
		<indonesian>pembicaraan yang bijaksana</indonesian>
	</word>	<word>
		<sanskrit>ca</sanskrit>
		<indonesian>juga</indonesian>
	</word>	<word>
		<sanskrit>bhāṣase</sanskrit>
		<indonesian>membicarakan</indonesian>
	</word>	<word>
		<sanskrit>gata</sanskrit>
		<indonesian>hilang</indonesian>
	</word>	<word>
		<sanskrit>asūn</sanskrit>
		<indonesian>hidup</indonesian>
	</word>	<word>
		<sanskrit>agata</sanskrit>
		<indonesian>belum lewat</indonesian>
	</word>	<word>
		<sanskrit>asūn</sanskrit>
		<indonesian>hidup</indonesian>
	</word>	<word>
		<sanskrit>ca</sanskrit>
		<indonesian>juga</indonesian>
	</word>	<word>
		<sanskrit>na</sanskrit>
		<indonesian>tidak pernah</indonesian>
	</word>	<word>
		<sanskrit>anuśocanti</sanskrit>
		<indonesian>menyesal</indonesian>
	</word>	<word>
		<sanskrit>paṇḍitāḥ</sanskrit>
		<indonesian>orang bijaksana.</indonesian>
	</word>	<word>
		<sanskrit>na</sanskrit>
		<indonesian>tidak pernah</indonesian>
	</word>	<word>
		<sanskrit>tu</sanskrit>
		<indonesian>tetapi</indonesian>
	</word>	<word>
		<sanskrit>evā</sanskrit>
		<indonesian>pasti</indonesian>
	</word>	<word>
		<sanskrit>aham</sanskrit>
		<indonesian>aku</indonesian>
	</word>	<word>
		<sanskrit>jātu</sanskrit>
		<indonesian>pada suatu waktu</indonesian>
	</word>	<word>
		<sanskrit>na</sanskrit>
		<indonesian>tidak pernah; asam—berada</indonesian>
	</word>	<word>
		<sanskrit>na</sanskrit>
		<indonesian>tidak</indonesian>
	</word>	<word>
		<sanskrit>tvām</sanskrit>
		<indonesian>engkau</indonesian>
	</word>	<word>
		<sanskrit>na</sanskrit>
		<indonesian>tidak</indonesian>
	</word>	<word>
		<sanskrit>ime</sanskrit>
		<indonesian>semua ini</indonesian>
	</word>	<word>
		<sanskrit>jana-adhipāḥ</sanskrit>
		<indonesian>rājā -rājā</indonesian>
	</word>	<word>
		<sanskrit>na</sanskrit>
		<indonesian>tidak pernah</indonesian>
	</word>	<word>
		<sanskrit>ca</sanskrit>
		<indonesian>juga</indonesian>
	</word>	<word>
		<sanskrit>evā</sanskrit>
		<indonesian>pasti</indonesian>
	</word>	<word>
		<sanskrit>na</sanskrit>
		<indonesian>tidak</indonesian>
	</word>	<word>
		<sanskrit>bhaviṣyāmaḥ</sanskrit>
		<indonesian>akan hidup</indonesian>
	</word>	<word>
		<sanskrit>sarve</sanskrit>
		<indonesian></indonesian>
	</word>	<word>
		<sanskrit>vayam</sanskrit>
		<indonesian>kita semua</indonesian>
	</word>	<word>
		<sanskrit>ataḥ
param</sanskrit>
		<indonesian>sesudah ini.</indonesian>
	</word>	<word>
		<sanskrit>dehinaḥ</sanskrit>
		<indonesian>dia yang berada di dalam badan</indonesian>
	</word>	<word>
		<sanskrit>asmin</sanskrit>
		<indonesian>dalam ini</indonesian>
	</word>	<word>
		<sanskrit>yathā</sanskrit>
		<indonesian>seperti</indonesian>
	</word>	<word>
		<sanskrit>dehe</sanskrit>
		<indonesian>di dalam badan</indonesian>
	</word>	<word>
		<sanskrit>kaumāram</sanskrit>
		<indonesian>masa kanak-kanak</indonesian>
	</word>	<word>
		<sanskrit>yauvanam</sanskrit>
		<indonesian>masa remaja</indonesian>
	</word>	<word>
		<sanskrit>jarā</sanskrit>
		<indonesian>masa tua</indonesian>
	</word>	<word>
		<sanskrit>tathā</sanskrit>
		<indonesian>seperti itu pula</indonesian>
	</word>	<word>
		<sanskrit>deha-antara</sanskrit>
		<indonesian>mengenai penggantian badan</indonesian>
	</word>	<word>
		<sanskrit>prāptiḥ</sanskrit>
		<indonesian>tercapainya</indonesian>
	</word>	<word>
		<sanskrit>dhīraḥ</sanskrit>
		<indonesian>orang tenang</indonesian>
	</word>	<word>
		<sanskrit>tatra</sanskrit>
		<indonesian>pada waktu itu</indonesian>
	</word>	<word>
		<sanskrit>na</sanskrit>
		<indonesian>tidak pernah</indonesian>
	</word>	<word>
		<sanskrit>muhyāti</sanskrit>
		<indonesian>dibingungkan.</indonesian>
	</word>	<word>
		<sanskrit>mātrā-sparśāḥ</sanskrit>
		<indonesian>penglihatan indera</indonesian>
	</word>	<word>
		<sanskrit>tu</sanskrit>
		<indonesian>hanya</indonesian>
	</word>	<word>
		<sanskrit>kaunteya</sanskrit>
		<indonesian>wahai putera</indonesian>
	</word>	<word>
		<sanskrit>Kuntī</sanskrit>
		<indonesian></indonesian>
	</word>	<word>
		<sanskrit>Śīta</sanskrit>
		<indonesian>musim dingin</indonesian>
	</word>	<word>
		<sanskrit>uṣṇa</sanskrit>
		<indonesian>musim panas</indonesian>
	</word>	<word>
		<sanskrit>sukha</sanskrit>
		<indonesian>kebahagiaan</indonesian>
	</word>	<word>
		<sanskrit>duḥkha</sanskrit>
		<indonesian>dan rasa duka</indonesian>
	</word>	<word>
		<sanskrit>dāḥ</sanskrit>
		<indonesian>memberikan</indonesian>
	</word>	<word>
		<sanskrit>āgama</sanskrit>
		<indonesian>muncul</indonesian>
	</word>	<word>
		<sanskrit>apāyinaḥ</sanskrit>
		<indonesian>menghilang</indonesian>
	</word>	<word>
		<sanskrit>anityāḥ</sanskrit>
		<indonesian>tidak kekal</indonesian>
	</word>	<word>
		<sanskrit>tān</sanskrit>
		<indonesian>semuanya</indonesian>
	</word>	<word>
		<sanskrit>titikṣasva</sanskrit>
		<indonesian>coba mentolerir</indonesian>
	</word>	<word>
		<sanskrit>bhārata</sanskrit>
		<indonesian>wahai putera keluarga</indonesian>
	</word>	<word>
		<sanskrit>Bhārata.</sanskrit>
		<indonesian/>
	</word>	<word>
		<sanskrit>yam</sanskrit>
		<indonesian>kepada yang</indonesian>
	</word>	<word>
		<sanskrit>hi</sanskrit>
		<indonesian>pasti</indonesian>
	</word>	<word>
		<sanskrit>na</sanskrit>
		<indonesian>tidak pernah</indonesian>
	</word>	<word>
		<sanskrit>vyathayānti</sanskrit>
		<indonesian>menyedihkan</indonesian>
	</word>	<word>
		<sanskrit>ete</sanskrit>
		<indonesian>semua ini</indonesian>
	</word>	<word>
		<sanskrit>puruṣam</sanskrit>
		<indonesian>kepada seseorang</indonesian>
	</word>	<word>
		<sanskrit>puruṣa-ṛṣabha</sanskrit>
		<indonesian>wahai manusia yang paling baik</indonesian>
	</word>	<word>
		<sanskrit>sama</sanskrit>
		<indonesian>tidak diubah</indonesian>
	</word>	<word>
		<sanskrit>duḥkha</sanskrit>
		<indonesian>dalam duka</indonesian>
	</word>	<word>
		<sanskrit>sukham</sanskrit>
		<indonesian>dan suka</indonesian>
	</word>	<word>
		<sanskrit>dhīram</sanskrit>
		<indonesian>sabar</indonesian>
	</word>	<word>
		<sanskrit>saḥ</sanskrit>
		<indonesian>dia</indonesian>
	</word>	<word>
		<sanskrit>amṛtatvāya</sanskrit>
		<indonesian>untuk pembebasan</indonesian>
	</word>	<word>
		<sanskrit>kalpate</sanskrit>
		<indonesian>memenuhi syarat.</indonesian>
	</word>	<word>
		<sanskrit>na</sanskrit>
		<indonesian>tidak pernah</indonesian>
	</word>	<word>
		<sanskrit>asataḥ</sanskrit>
		<indonesian>mengenai hal-hal yang tidak ada</indonesian>
	</word>	<word>
		<sanskrit>vidyāte</sanskrit>
		<indonesian>ada</indonesian>
	</word>	<word>
		<sanskrit>bhāvaḥ</sanskrit>
		<indonesian>ketahanan</indonesian>
	</word>	<word>
		<sanskrit>na</sanskrit>
		<indonesian>tidak pernah</indonesian>
	</word>	<word>
		<sanskrit>abhāvaḥ</sanskrit>
		<indonesian>sifat berubah</indonesian>
	</word>	<word>
		<sanskrit>vidyāte</sanskrit>
		<indonesian>ada</indonesian>
	</word>	<word>
		<sanskrit>sataḥ</sanskrit>
		<indonesian>mengenai yang kekal</indonesian>
	</word>	<word>
		<sanskrit>ubhayoḥ</sanskrit>
		<indonesian>antara kedua-duanya</indonesian>
	</word>	<word>
		<sanskrit>api</sanskrit>
		<indonesian>sungguh-sungguh</indonesian>
	</word>	<word>
		<sanskrit>dṛṣṭaḥ</sanskrit>
		<indonesian>dilihat</indonesian>
	</word>	<word>
		<sanskrit>antaḥ</sanskrit>
		<indonesian>kesimpulan</indonesian>
	</word>	<word>
		<sanskrit>tu</sanskrit>
		<indonesian>memang</indonesian>
	</word>	<word>
		<sanskrit>anayoḥ</sanskrit>
		<indonesian>mengenai hal-hal itu</indonesian>
	</word>	<word>
		<sanskrit>tattva</sanskrit>
		<indonesian>kebenaran</indonesian>
	</word>	<word>
		<sanskrit>darśibhiḥ</sanskrit>
		<indonesian>oleh mereka yang melihat.</indonesian>
	</word>	<word>
		<sanskrit>avināśi</sanskrit>
		<indonesian>tidak dapat dimusnahkan</indonesian>
	</word>	<word>
		<sanskrit>tu</sanskrit>
		<indonesian>tetapi</indonesian>
	</word>	<word>
		<sanskrit>tat</sanskrit>
		<indonesian>itu</indonesian>
	</word>	<word>
		<sanskrit>viddhi</sanskrit>
		<indonesian>ketahuilah hal itu</indonesian>
	</word>	<word>
		<sanskrit>yena</sanskrit>
		<indonesian>oleh siapa</indonesian>
	</word>	<word>
		<sanskrit>sarvam</sanskrit>
		<indonesian>seluruh badan</indonesian>
	</word>	<word>
		<sanskrit>idam</sanskrit>
		<indonesian>ini</indonesian>
	</word>	<word>
		<sanskrit>tatam</sanskrit>
		<indonesian>berada di mana-mana</indonesian>
	</word>	<word>
		<sanskrit>vināśam</sanskrit>
		<indonesian>peleburan</indonesian>
	</word>	<word>
		<sanskrit>avyayāsya</sanskrit>
		<indonesian>milik yang tidak termusnahkan</indonesian>
	</word>	<word>
		<sanskrit>asya</sanskrit>
		<indonesian>milik itu</indonesian>
	</word>	<word>
		<sanskrit>na kaścit</sanskrit>
		<indonesian>tidak seorangpun</indonesian>
	</word>	<word>
		<sanskrit>kartum</sanskrit>
		<indonesian>melakukan</indonesian>
	</word>	<word>
		<sanskrit>arhati</sanskrit>
		<indonesian>dapat.</indonesian>
	</word>	<word>
		<sanskrit>anta-vantaḥ</sanskrit>
		<indonesian>dapat dimusnahkan</indonesian>
	</word>	<word>
		<sanskrit>ime</sanskrit>
		<indonesian>semuanya ini</indonesian>
	</word>	<word>
		<sanskrit>dehāḥ</sanskrit>
		<indonesian>badan-badan jasmani</indonesian>
	</word>	<word>
		<sanskrit>nityasya</sanskrit>
		<indonesian>kehidupan yang kekal</indonesian>
	</word>	<word>
		<sanskrit>uktaḥ</sanskrit>
		<indonesian>dikatakan</indonesian>
	</word>	<word>
		<sanskrit>śarīriṇaḥ</sanskrit>
		<indonesian>milik roh yang berada dalam badan</indonesian>
	</word>	<word>
		<sanskrit>anāśinaḥ</sanskrit>
		<indonesian>tidak pernah dibinasakan</indonesian>
	</word>	<word>
		<sanskrit>aprameyasya</sanskrit>
		<indonesian>tidak dapat diukur</indonesian>
	</word>	<word>
		<sanskrit>tasmāt</sanskrit>
		<indonesian>karena itu</indonesian>
	</word>	<word>
		<sanskrit>yudhyasva</sanskrit>
		<indonesian>bertempurlah</indonesian>
	</word>	<word>
		<sanskrit>Bhārata</sanskrit>
		<indonesian>wahai putera keluarga</indonesian>
	</word>	<word>
		<sanskrit>Bhārata.</sanskrit>
		<indonesian/>
	</word>	<word>
		<sanskrit>yaḥ</sanskrit>
		<indonesian>siapa pun yang</indonesian>
	</word>	<word>
		<sanskrit>enam</sanskrit>
		<indonesian>ini</indonesian>
	</word>	<word>
		<sanskrit>vetti</sanskrit>
		<indonesian>mengetahui</indonesian>
	</word>	<word>
		<sanskrit>hantāram</sanskrit>
		<indonesian>pembunuh</indonesian>
	</word>	<word>
		<sanskrit>yaḥ</sanskrit>
		<indonesian>siapa pun yang</indonesian>
	</word>	<word>
		<sanskrit>ca</sanskrit>
		<indonesian>juga</indonesian>
	</word>	<word>
		<sanskrit>enam</sanskrit>
		<indonesian>ini</indonesian>
	</word>	<word>
		<sanskrit>manyate</sanskrit>
		<indonesian>berpikir</indonesian>
	</word>	<word>
		<sanskrit>hatam</sanskrit>
		<indonesian>terbunuh</indonesian>
	</word>	<word>
		<sanskrit>ubhau</sanskrit>
		<indonesian>kedua-duanya</indonesian>
	</word>	<word>
		<sanskrit>tau</sanskrit>
		<indonesian>mereka</indonesian>
	</word>	<word>
		<sanskrit>na</sanskrit>
		<indonesian>tidak pernah</indonesian>
	</word>	<word>
		<sanskrit>vijānītaḥ</sanskrit>
		<indonesian>memiliki pengetahuan</indonesian>
	</word>	<word>
		<sanskrit>na</sanskrit>
		<indonesian>tidak pernah</indonesian>
	</word>	<word>
		<sanskrit>ayam</sanskrit>
		<indonesian>ini</indonesian>
	</word>	<word>
		<sanskrit>hanti</sanskrit>
		<indonesian>membunuh</indonesian>
	</word>	<word>
		<sanskrit>na</sanskrit>
		<indonesian>tidak juga</indonesian>
	</word>	<word>
		<sanskrit>hanyate</sanskrit>
		<indonesian>dibunuh.</indonesian>
	</word>	<word>
		<sanskrit>na</sanskrit>
		<indonesian>tidak pernah</indonesian>
	</word>	<word>
		<sanskrit>jāyate</sanskrit>
		<indonesian>dilahirkan</indonesian>
	</word>	<word>
		<sanskrit>mriyate</sanskrit>
		<indonesian>mati</indonesian>
	</word>	<word>
		<sanskrit>vā</sanskrit>
		<indonesian>atau</indonesian>
	</word>	<word>
		<sanskrit>kadācit</sanskrit>
		<indonesian>pada suatu waktu (pada masa lampau, sekarang maupun masa yang akan datang)</indonesian>
	</word>	<word>
		<sanskrit>na</sanskrit>
		<indonesian>tidak pernah</indonesian>
	</word>	<word>
		<sanskrit>ayam</sanskrit>
		<indonesian>ini</indonesian>
	</word>	<word>
		<sanskrit>bhūtvā</sanskrit>
		<indonesian>setelah berada</indonesian>
	</word>	<word>
		<sanskrit>bhavitā</sanskrit>
		<indonesian>akan berada</indonesian>
	</word>	<word>
		<sanskrit>vā</sanskrit>
		<indonesian>atau</indonesian>
	</word>	<word>
		<sanskrit>na</sanskrit>
		<indonesian>tidak</indonesian>
	</word>	<word>
		<sanskrit>bhūyaḥ</sanskrit>
		<indonesian>atau yang akan berada sekali lagi</indonesian>
	</word>	<word>
		<sanskrit>ajaḥ</sanskrit>
		<indonesian>tidak dilahirkan</indonesian>
	</word>	<word>
		<sanskrit>nityaḥ</sanskrit>
		<indonesian>kekal</indonesian>
	</word>	<word>
		<sanskrit>śāśvatāḥ</sanskrit>
		<indonesian>tetap untuk selamanya</indonesian>
	</word>	<word>
		<sanskrit>ayam</sanskrit>
		<indonesian>ini</indonesian>
	</word>	<word>
		<sanskrit>purāṇaḥ</sanskrit>
		<indonesian>paling tua</indonesian>
	</word>	<word>
		<sanskrit>na</sanskrit>
		<indonesian>tidak pernah</indonesian>
	</word>	<word>
		<sanskrit>hanyate</sanskrit>
		<indonesian>dibunuh</indonesian>
	</word>	<word>
		<sanskrit>hanyamāne</sanskrit>
		<indonesian>dengan dibunuh</indonesian>
	</word>	<word>
		<sanskrit>śarīre</sanskrit>
		<indonesian>badan.</indonesian>
	</word>	<word>
		<sanskrit>veda</sanskrit>
		<indonesian>mengetahui</indonesian>
	</word>	<word>
		<sanskrit>avināśinam</sanskrit>
		<indonesian>dapat dimusnahkan</indonesian>
	</word>	<word>
		<sanskrit>nityam</sanskrit>
		<indonesian>senantiasa berada</indonesian>
	</word>	<word>
		<sanskrit>yaḥ</sanskrit>
		<indonesian>orang yang</indonesian>
	</word>	<word>
		<sanskrit>enam</sanskrit>
		<indonesian>ini (sang roh)</indonesian>
	</word>	<word>
		<sanskrit>ajam</sanskrit>
		<indonesian>tidak dilahirkan</indonesian>
	</word>	<word>
		<sanskrit>avyayām</sanskrit>
		<indonesian>tidak dapat diubah</indonesian>
	</word>	<word>
		<sanskrit>katham</sanskrit>
		<indonesian>bagaimana</indonesian>
	</word>	<word>
		<sanskrit>saḥ</sanskrit>
		<indonesian>itu</indonesian>
	</word>	<word>
		<sanskrit>puruṣaḥ</sanskrit>
		<indonesian>seseorang</indonesian>
	</word>	<word>
		<sanskrit>pārtha</sanskrit>
		<indonesian>wahai</indonesian>
	</word>	<word>
		<sanskrit>Pārtha</sanskrit>
		<indonesian>(</indonesian>
	</word>	<word>
		<sanskrit>Arjuna</sanskrit>
		<indonesian>)</indonesian>
	</word>	<word>
		<sanskrit>kam</sanskrit>
		<indonesian>siapa</indonesian>
	</word>	<word>
		<sanskrit>ghātayāti</sanskrit>
		<indonesian>menyebabkan melukai</indonesian>
	</word>	<word>
		<sanskrit>hanti</sanskrit>
		<indonesian>membunuh</indonesian>
	</word>	<word>
		<sanskrit>kam</sanskrit>
		<indonesian>siapa.</indonesian>
	</word>	<word>
		<sanskrit>vāsāḿsi</sanskrit>
		<indonesian>pakaian</indonesian>
	</word>	<word>
		<sanskrit>jīrṇāni</sanskrit>
		<indonesian>tua dan rusak</indonesian>
	</word>	<word>
		<sanskrit>yathā</sanskrit>
		<indonesian>seperti halnya</indonesian>
	</word>	<word>
		<sanskrit>vihāya</sanskrit>
		<indonesian>meninggalkan</indonesian>
	</word>	<word>
		<sanskrit>navāni</sanskrit>
		<indonesian>pakaian baru</indonesian>
	</word>	<word>
		<sanskrit>gṛhṇāti</sanskrit>
		<indonesian>menerima</indonesian>
	</word>	<word>
		<sanskrit>naraḥ</sanskrit>
		<indonesian>seorang manusia</indonesian>
	</word>	<word>
		<sanskrit>aparāṇi</sanskrit>
		<indonesian>orang lain</indonesian>
	</word>	<word>
		<sanskrit>tathā</sanskrit>
		<indonesian>dengan cara yang sama</indonesian>
	</word>	<word>
		<sanskrit>śarīrāṇi</sanskrit>
		<indonesian>badan-badan</indonesian>
	</word>	<word>
		<sanskrit>vihāya</sanskrit>
		<indonesian>meninggalkan</indonesian>
	</word>	<word>
		<sanskrit>jīrṇāni</sanskrit>
		<indonesian>tua renta dan tidak bermanfaat</indonesian>
	</word>	<word>
		<sanskrit>anyāni</sanskrit>
		<indonesian>berbeda</indonesian>
	</word>	<word>
		<sanskrit>saḿyāti</sanskrit>
		<indonesian>sungguh-sungguh menerima</indonesian>
	</word>	<word>
		<sanskrit>navāni</sanskrit>
		<indonesian>pasangan-pasangan yang baru</indonesian>
	</word>	<word>
		<sanskrit>dehī</sanskrit>
		<indonesian>dia yang berada di dalam badan.</indonesian>
	</word>	<word>
		<sanskrit>na</sanskrit>
		<indonesian>tidak pernah</indonesian>
	</word>	<word>
		<sanskrit>enam</sanskrit>
		<indonesian>roh ini</indonesian>
	</word>	<word>
		<sanskrit>chindanti</sanskrit>
		<indonesian>dapat memotong menjadi bagian-bagian</indonesian>
	</word>	<word>
		<sanskrit>śastrani</sanskrit>
		<indonesian>senjata-senjata</indonesian>
	</word>	<word>
		<sanskrit>na</sanskrit>
		<indonesian>tidak pernah</indonesian>
	</word>	<word>
		<sanskrit>enam</sanskrit>
		<indonesian>roh ini</indonesian>
	</word>	<word>
		<sanskrit>dahati</sanskrit>
		<indonesian>membakar</indonesian>
	</word>	<word>
		<sanskrit>pavakaḥ</sanskrit>
		<indonesian>api</indonesian>
	</word>	<word>
		<sanskrit>na</sanskrit>
		<indonesian>tidak pernah</indonesian>
	</word>	<word>
		<sanskrit>ca</sanskrit>
		<indonesian>juga</indonesian>
	</word>	<word>
		<sanskrit>enam</sanskrit>
		<indonesian>roh tersebut</indonesian>
	</word>	<word>
		<sanskrit>kledayānti</sanskrit>
		<indonesian>membasahi</indonesian>
	</word>	<word>
		<sanskrit>āpaḥ</sanskrit>
		<indonesian>air</indonesian>
	</word>	<word>
		<sanskrit>na</sanskrit>
		<indonesian>tidak pernah</indonesian>
	</word>	<word>
		<sanskrit>śoṣayāti</sanskrit>
		<indonesian>mengeringkan</indonesian>
	</word>	<word>
		<sanskrit>mārutaḥ</sanskrit>
		<indonesian>angin.</indonesian>
	</word>	<word>
		<sanskrit>acchedyaḥ</sanskrit>
		<indonesian>tidak dapat dipatahkan</indonesian>
	</word>	<word>
		<sanskrit>ayam</sanskrit>
		<indonesian>roh ini</indonesian>
	</word>	<word>
		<sanskrit>adāhyaḥ</sanskrit>
		<indonesian>tidak dapat dibakar</indonesian>
	</word>	<word>
		<sanskrit>ayam</sanskrit>
		<indonesian>roh tersebut</indonesian>
	</word>	<word>
		<sanskrit>akledyaḥ</sanskrit>
		<indonesian>tidak dapat dilarutkan</indonesian>
	</word>	<word>
		<sanskrit>aśoṣyaḥ</sanskrit>
		<indonesian>tidak dapat dikeringkan</indonesian>
	</word>	<word>
		<sanskrit>evā</sanskrit>
		<indonesian>pasti</indonesian>
	</word>	<word>
		<sanskrit>ca</sanskrit>
		<indonesian>dan</indonesian>
	</word>	<word>
		<sanskrit>nityaḥ</sanskrit>
		<indonesian>berada untuk selamanya</indonesian>
	</word>	<word>
		<sanskrit>sarva-gataḥ</sanskrit>
		<indonesian>berada di mana-mana</indonesian>
	</word>	<word>
		<sanskrit>sthāṇuḥ</sanskrit>
		<indonesian>tidak dapat diubah</indonesian>
	</word>	<word>
		<sanskrit>acalaḥ</sanskrit>
		<indonesian>tidak dapat digerakkan</indonesian>
	</word>	<word>
		<sanskrit>ayam</sanskrit>
		<indonesian>roh tersebut</indonesian>
	</word>	<word>
		<sanskrit>sanātanāḥ</sanskrit>
		<indonesian>selalu sama untuk selamanya.</indonesian>
	</word>	<word>
		<sanskrit>avyaktaḥ</sanskrit>
		<indonesian>tidak dapat dilihat</indonesian>
	</word>	<word>
		<sanskrit>ayam</sanskrit>
		<indonesian>roh ini</indonesian>
	</word>	<word>
		<sanskrit>acintyaḥ</sanskrit>
		<indonesian>tidak dapat dimengerti</indonesian>
	</word>	<word>
		<sanskrit>ayam</sanskrit>
		<indonesian>roh ini</indonesian>
	</word>	<word>
		<sanskrit>avikāryaḥ</sanskrit>
		<indonesian>tidak dapat diubah</indonesian>
	</word>	<word>
		<sanskrit>ayam</sanskrit>
		<indonesian>roh ini</indonesian>
	</word>	<word>
		<sanskrit>ucyate</sanskrit>
		<indonesian>dikatakan</indonesian>
	</word>	<word>
		<sanskrit>tasmāt</sanskrit>
		<indonesian>karena itu</indonesian>
	</word>	<word>
		<sanskrit>evam</sanskrit>
		<indonesian>seperti ini</indonesian>
	</word>	<word>
		<sanskrit>viditvā</sanskrit>
		<indonesian>mengetahui dengan baik</indonesian>
	</word>	<word>
		<sanskrit>enam</sanskrit>
		<indonesian>roh ini</indonesian>
	</word>	<word>
		<sanskrit>na</sanskrit>
		<indonesian>tidak</indonesian>
	</word>	<word>
		<sanskrit>anuśocitum</sanskrit>
		<indonesian>menyesal</indonesian>
	</word>	<word>
		<sanskrit>arhasi</sanskrit>
		<indonesian>patut bagi engkau.</indonesian>
	</word>	<word>
		<sanskrit>atha</sanskrit>
		<indonesian>akan tetapi, kalau</indonesian>
	</word>	<word>
		<sanskrit>ca</sanskrit>
		<indonesian>juga</indonesian>
	</word>	<word>
		<sanskrit>enam</sanskrit>
		<indonesian>roh ini</indonesian>
	</word>	<word>
		<sanskrit>nitya-jātam</sanskrit>
		<indonesian>selalu dilahirkan</indonesian>
	</word>	<word>
		<sanskrit>nityam</sanskrit>
		<indonesian>untuk selamanya</indonesian>
	</word>	<word>
		<sanskrit>vā</sanskrit>
		<indonesian>atau</indonesian>
	</word>	<word>
		<sanskrit>manyase</sanskrit>
		<indonesian>engkau berpikir seperti itu</indonesian>
	</word>	<word>
		<sanskrit>mṛtam</sanskrit>
		<indonesian>mati</indonesian>
	</word>	<word>
		<sanskrit>tathā</sanskrit>
		<indonesian></indonesian>
	</word>	<word>
		<sanskrit>api</sanskrit>
		<indonesian>masih</indonesian>
	</word>	<word>
		<sanskrit>tvām</sanskrit>
		<indonesian>engkau</indonesian>
	</word>	<word>
		<sanskrit>mahā-bāho</sanskrit>
		<indonesian>wahai yang berlengan perkasa</indonesian>
	</word>	<word>
		<sanskrit>na</sanskrit>
		<indonesian>tidak pernah</indonesian>
	</word>	<word>
		<sanskrit>enam</sanskrit>
		<indonesian>tentang sang roh</indonesian>
	</word>	<word>
		<sanskrit>śocitum</sanskrit>
		<indonesian>menyesal</indonesian>
	</word>	<word>
		<sanskrit>arhasi</sanskrit>
		<indonesian>patut.</indonesian>
	</word>	<word>
		<sanskrit>jātasyā</sanskrit>
		<indonesian>mengenai orang yang sudah dilahirkan</indonesian>
	</word>	<word>
		<sanskrit>hi</sanskrit>
		<indonesian>pasti</indonesian>
	</word>	<word>
		<sanskrit>dhruvaḥ</sanskrit>
		<indonesian>kenyataan</indonesian>
	</word>	<word>
		<sanskrit>mṛtyuḥ</sanskrit>
		<indonesian>kematian</indonesian>
	</word>	<word>
		<sanskrit>dhruvam</sanskrit>
		<indonesian>juga kenyataan</indonesian>
	</word>	<word>
		<sanskrit>janma</sanskrit>
		<indonesian>kelahiran</indonesian>
	</word>	<word>
		<sanskrit>mṛtasya</sanskrit>
		<indonesian>mengenai yang sudah mati</indonesian>
	</word>	<word>
		<sanskrit>ca</sanskrit>
		<indonesian>juga</indonesian>
	</word>	<word>
		<sanskrit>tasmāt</sanskrit>
		<indonesian>karena itu</indonesian>
	</word>	<word>
		<sanskrit>aparihārye</sanskrit>
		<indonesian>mengenai sesuatu yang tidak dapat dihindari</indonesian>
	</word>	<word>
		<sanskrit>arthe</sanskrit>
		<indonesian>dalam hal</indonesian>
	</word>	<word>
		<sanskrit>na</sanskrit>
		<indonesian>jangan</indonesian>
	</word>	<word>
		<sanskrit>tvām</sanskrit>
		<indonesian>engkau</indonesian>
	</word>	<word>
		<sanskrit>śocitum</sanskrit>
		<indonesian>menyesal</indonesian>
	</word>	<word>
		<sanskrit>arhasi</sanskrit>
		<indonesian>pantas.</indonesian>
	</word>	<word>
		<sanskrit>avyakta-ādīni</sanskrit>
		<indonesian>pada awal tidak berwujud</indonesian>
	</word>	<word>
		<sanskrit>bhūtāni</sanskrit>
		<indonesian>semua yang diciptakan</indonesian>
	</word>	<word>
		<sanskrit>vyakta</sanskrit>
		<indonesian>terwujud</indonesian>
	</word>	<word>
		<sanskrit>madhyāni</sanskrit>
		<indonesian>di tengah-tengah</indonesian>
	</word>	<word>
		<sanskrit>Bhārata</sanskrit>
		<indonesian>wahai putera keluarga</indonesian>
	</word>	<word>
		<sanskrit>Bhārata</sanskrit>
		<indonesian></indonesian>
	</word>	<word>
		<sanskrit>avyakta</sanskrit>
		<indonesian>tidak terwujud</indonesian>
	</word>	<word>
		<sanskrit>nidhanāni</sanskrit>
		<indonesian>apabila dimusnahkan</indonesian>
	</word>	<word>
		<sanskrit>evā</sanskrit>
		<indonesian>semuanya seperti itu</indonesian>
	</word>	<word>
		<sanskrit>tatra</sanskrit>
		<indonesian>karena itu</indonesian>
	</word>	<word>
		<sanskrit>kā</sanskrit>
		<indonesian>apa</indonesian>
	</word>	<word>
		<sanskrit>paridevanā</sanskrit>
		<indonesian>penyesalan.</indonesian>
	</word>	<word>
		<sanskrit>āścarya-vat</sanskrit>
		<indonesian>sebagai sesuatu yang mengherankan</indonesian>
	</word>	<word>
		<sanskrit>paśyāti</sanskrit>
		<indonesian>melihat</indonesian>
	</word>	<word>
		<sanskrit>kaścit</sanskrit>
		<indonesian>seseorang</indonesian>
	</word>	<word>
		<sanskrit>enam</sanskrit>
		<indonesian>roh ini</indonesian>
	</word>	<word>
		<sanskrit>āścarya-vat</sanskrit>
		<indonesian>sebagai sesuatu yang mengherankan</indonesian>
	</word>	<word>
		<sanskrit>vadati</sanskrit>
		<indonesian>berbicara tentang</indonesian>
	</word>	<word>
		<sanskrit>tathā</sanskrit>
		<indonesian>demikian</indonesian>
	</word>	<word>
		<sanskrit>evā</sanskrit>
		<indonesian>pasti</indonesian>
	</word>	<word>
		<sanskrit>ca</sanskrit>
		<indonesian>juga</indonesian>
	</word>	<word>
		<sanskrit>anyaḥ</sanskrit>
		<indonesian>lain</indonesian>
	</word>	<word>
		<sanskrit>āścarya-vat</sanskrit>
		<indonesian>mengherankan seperti itu</indonesian>
	</word>	<word>
		<sanskrit>ca</sanskrit>
		<indonesian>juga</indonesian>
	</word>	<word>
		<sanskrit>enam</sanskrit>
		<indonesian>roh tersebut</indonesian>
	</word>	<word>
		<sanskrit>anyaḥ</sanskrit>
		<indonesian>lain-lain</indonesian>
	</word>	<word>
		<sanskrit>śṛṇoti</sanskrit>
		<indonesian>mendengar dari</indonesian>
	</word>	<word>
		<sanskrit>śrutvā</sanskrit>
		<indonesian>setelah mendengar</indonesian>
	</word>	<word>
		<sanskrit>api</sanskrit>
		<indonesian>bahkan</indonesian>
	</word>	<word>
		<sanskrit>enam</sanskrit>
		<indonesian>roh tersebut</indonesian>
	</word>	<word>
		<sanskrit>veda</sanskrit>
		<indonesian>mengetahui</indonesian>
	</word>	<word>
		<sanskrit>na</sanskrit>
		<indonesian>tidak pernah</indonesian>
	</word>	<word>
		<sanskrit>ca</sanskrit>
		<indonesian>dan</indonesian>
	</word>	<word>
		<sanskrit>evā</sanskrit>
		<indonesian>pasti</indonesian>
	</word>	<word>
		<sanskrit>kaścit</sanskrit>
		<indonesian>seseorang.</indonesian>
	</word>	<word>
		<sanskrit>dehī</sanskrit>
		<indonesian>pemilik badan jasmani</indonesian>
	</word>	<word>
		<sanskrit>nityam</sanskrit>
		<indonesian>untuk selamanya</indonesian>
	</word>	<word>
		<sanskrit>avadhyaḥ</sanskrit>
		<indonesian>tidak dapat dibunuh</indonesian>
	</word>	<word>
		<sanskrit>ayam</sanskrit>
		<indonesian>roh ini</indonesian>
	</word>	<word>
		<sanskrit>dehe</sanskrit>
		<indonesian>di dalam badan</indonesian>
	</word>	<word>
		<sanskrit>sarvasya</sanskrit>
		<indonesian>milik semua orang</indonesian>
	</word>	<word>
		<sanskrit>Bhārata</sanskrit>
		<indonesian>o putera keluarga</indonesian>
	</word>	<word>
		<sanskrit>Bhārata</sanskrit>
		<indonesian></indonesian>
	</word>	<word>
		<sanskrit>tasmāt</sanskrit>
		<indonesian>karena itu</indonesian>
	</word>	<word>
		<sanskrit>sarvāni</sanskrit>
		<indonesian>semua</indonesian>
	</word>	<word>
		<sanskrit>bhūtāni</sanskrit>
		<indonesian>makhluk-makhluk hidup (yang dilahirkan)</indonesian>
	</word>	<word>
		<sanskrit>na</sanskrit>
		<indonesian>tidak pernah</indonesian>
	</word>	<word>
		<sanskrit>tvām</sanskrit>
		<indonesian>engkau</indonesian>
	</word>	<word>
		<sanskrit>śocitum</sanskrit>
		<indonesian>bersedih hati</indonesian>
	</word>	<word>
		<sanskrit>arhasi</sanskrit>
		<indonesian>pantas.</indonesian>
	</word>	<word>
		<sanskrit>sva-dharmam</sanskrit>
		<indonesian>prinsip-prinsip dharma itu sendiri</indonesian>
	</word>	<word>
		<sanskrit>api</sanskrit>
		<indonesian>juga</indonesian>
	</word>	<word>
		<sanskrit>ca</sanskrit>
		<indonesian>memang</indonesian>
	</word>	<word>
		<sanskrit>avekṣyā</sanskrit>
		<indonesian>mengingat</indonesian>
	</word>	<word>
		<sanskrit>na</sanskrit>
		<indonesian>tidak pernah</indonesian>
	</word>	<word>
		<sanskrit>vikampitum</sanskrit>
		<indonesian>ragu-ragu</indonesian>
	</word>	<word>
		<sanskrit>arhasi</sanskrit>
		<indonesian>patut bagi engkau</indonesian>
	</word>	<word>
		<sanskrit>dharmyāt</sanskrit>
		<indonesian>demi prinsip-prinsip dharma</indonesian>
	</word>	<word>
		<sanskrit>hi</sanskrit>
		<indonesian>memang</indonesian>
	</word>	<word>
		<sanskrit>yuddhāt</sanskrit>
		<indonesian>daripada bertempur</indonesian>
	</word>	<word>
		<sanskrit>śreyaḥ</sanskrit>
		<indonesian>kesibukan yang lebih baik</indonesian>
	</word>	<word>
		<sanskrit>anyat</sanskrit>
		<indonesian>sesuatu yang lain</indonesian>
	</word>	<word>
		<sanskrit>kṣatriyasya</sanskrit>
		<indonesian>milik seorang ksatriya</indonesian>
	</word>	<word>
		<sanskrit>na</sanskrit>
		<indonesian>tidak</indonesian>
	</word>	<word>
		<sanskrit>vidyāte</sanskrit>
		<indonesian>ada.</indonesian>
	</word>	<word>
		<sanskrit>yadṛcchayā</sanskrit>
		<indonesian>dengan sendirinya</indonesian>
	</word>	<word>
		<sanskrit>ca</sanskrit>
		<indonesian>juga</indonesian>
	</word>	<word>
		<sanskrit>upapannam</sanskrit>
		<indonesian>dicapai</indonesian>
	</word>	<word>
		<sanskrit>svarga</sanskrit>
		<indonesian>dari planet-planet surga</indonesian>
	</word>	<word>
		<sanskrit>dvāram</sanskrit>
		<indonesian>pintu</indonesian>
	</word>	<word>
		<sanskrit>apāvṛtam</sanskrit>
		<indonesian>terbuka lebar</indonesian>
	</word>	<word>
		<sanskrit>sukhīnaḥ</sanskrit>
		<indonesian>bahagia sekali</indonesian>
	</word>	<word>
		<sanskrit>kṣatriyāḥ</sanskrit>
		<indonesian>para anggota golongan raja</indonesian>
	</word>	<word>
		<sanskrit>pārtha</sanskrit>
		<indonesian>wahai putera</indonesian>
	</word>	<word>
		<sanskrit>Pṛthā</sanskrit>
		<indonesian></indonesian>
	</word>	<word>
		<sanskrit>labhante</sanskrit>
		<indonesian>mencapai</indonesian>
	</word>	<word>
		<sanskrit>yuddham</sanskrit>
		<indonesian>perang</indonesian>
	</word>	<word>
		<sanskrit>īdṛśam</sanskrit>
		<indonesian>seperti ini.</indonesian>
	</word>	<word>
		<sanskrit>atha</sanskrit>
		<indonesian>karena itu</indonesian>
	</word>	<word>
		<sanskrit>cet</sanskrit>
		<indonesian>kalau</indonesian>
	</word>	<word>
		<sanskrit>tvām</sanskrit>
		<indonesian>engkau</indonesian>
	</word>	<word>
		<sanskrit>imām</sanskrit>
		<indonesian>ini</indonesian>
	</word>	<word>
		<sanskrit>dharmyam</sanskrit>
		<indonesian>sebagai kewajiban dharma</indonesian>
	</word>	<word>
		<sanskrit>sańgrāmām</sanskrit>
		<indonesian>pertempuran</indonesian>
	</word>	<word>
		<sanskrit>na</sanskrit>
		<indonesian>tidak</indonesian>
	</word>	<word>
		<sanskrit>kariṣyasi</sanskrit>
		<indonesian>melakukan</indonesian>
	</word>	<word>
		<sanskrit>tataḥ</sanskrit>
		<indonesian>kemudian</indonesian>
	</word>	<word>
		<sanskrit>sva-dharmam</sanskrit>
		<indonesian>tugas kewajiban dharmamu</indonesian>
	</word>	<word>
		<sanskrit>kīrtim</sanskrit>
		<indonesian>kemasyhuran</indonesian>
	</word>	<word>
		<sanskrit>ca</sanskrit>
		<indonesian>juga</indonesian>
	</word>	<word>
		<sanskrit>hitvā</sanskrit>
		<indonesian>kehilangan</indonesian>
	</word>	<word>
		<sanskrit>pāpam</sanskrit>
		<indonesian>reaksi dosa</indonesian>
	</word>	<word>
		<sanskrit>avāpsyasi</sanskrit>
		<indonesian>akan memperoleh.</indonesian>
	</word>	<word>
		<sanskrit>akīrtim</sanskrit>
		<indonesian>nama yang buruk</indonesian>
	</word>	<word>
		<sanskrit>ca</sanskrit>
		<indonesian>juga</indonesian>
	</word>	<word>
		<sanskrit>api</sanskrit>
		<indonesian>terutama</indonesian>
	</word>	<word>
		<sanskrit>bhūtāni</sanskrit>
		<indonesian>semua orang</indonesian>
	</word>	<word>
		<sanskrit>kathayiṣyānti</sanskrit>
		<indonesian>akan membicarakan</indonesian>
	</word>	<word>
		<sanskrit>te</sanskrit>
		<indonesian>engkau</indonesian>
	</word>	<word>
		<sanskrit>avyayām</sanskrit>
		<indonesian>untuk selamanya</indonesian>
	</word>	<word>
		<sanskrit>sambhāvitasya</sanskrit>
		<indonesian>bagi orang yang terhormat</indonesian>
	</word>	<word>
		<sanskrit>ca</sanskrit>
		<indonesian>juga</indonesian>
	</word>	<word>
		<sanskrit>akīrtiḥ</sanskrit>
		<indonesian>nama yang buruk</indonesian>
	</word>	<word>
		<sanskrit>maraṇāt</sanskrit>
		<indonesian>daripada kematian</indonesian>
	</word>	<word>
		<sanskrit>atiricyate</sanskrit>
		<indonesian>menjadi lebih daripada.</indonesian>
	</word>	<word>
		<sanskrit>bhayāt</sanskrit>
		<indonesian>karena takut</indonesian>
	</word>	<word>
		<sanskrit>raṇāt</sanskrit>
		<indonesian>dari medan perang</indonesian>
	</word>	<word>
		<sanskrit>uparatam</sanskrit>
		<indonesian>dihentikan</indonesian>
	</word>	<word>
		<sanskrit>maḿsyante</sanskrit>
		<indonesian>mereka akan menganggap</indonesian>
	</word>	<word>
		<sanskrit>tvām</sanskrit>
		<indonesian>engkau</indonesian>
	</word>	<word>
		<sanskrit>mahā-rathaḥ</sanskrit>
		<indonesian>jendral-jendral yang besar</indonesian>
	</word>	<word>
		<sanskrit>yeṣām</sanskrit>
		<indonesian>untuk mereka</indonesian>
	</word>	<word>
		<sanskrit>ca</sanskrit>
		<indonesian>juga</indonesian>
	</word>	<word>
		<sanskrit>tvām</sanskrit>
		<indonesian>engkau</indonesian>
	</word>	<word>
		<sanskrit>bahu-mataḥ</sanskrit>
		<indonesian>dijunjung tinggi</indonesian>
	</word>	<word>
		<sanskrit>bhūtvā</sanskrit>
		<indonesian>sesudah menjadi</indonesian>
	</word>	<word>
		<sanskrit>yāsyasi</sanskrit>
		<indonesian>engkau akan pergi</indonesian>
	</word>	<word>
		<sanskrit>lāghavam</sanskrit>
		<indonesian>nilai berkurang.</indonesian>
	</word>	<word>
		<sanskrit>avācyā</sanskrit>
		<indonesian>kurang baik</indonesian>
	</word>	<word>
		<sanskrit>vādān</sanskrit>
		<indonesian>kata-kata yang dibuat</indonesian>
	</word>	<word>
		<sanskrit>ca</sanskrit>
		<indonesian>juga</indonesian>
	</word>	<word>
		<sanskrit>bahūn</sanskrit>
		<indonesian>banyak</indonesian>
	</word>	<word>
		<sanskrit>vadiṣyanti</sanskrit>
		<indonesian>akan berkata</indonesian>
	</word>	<word>
		<sanskrit>tavā</sanskrit>
		<indonesian>milik engkau</indonesian>
	</word>	<word>
		<sanskrit>ahitāḥ</sanskrit>
		<indonesian>musuh-musuh</indonesian>
	</word>	<word>
		<sanskrit>nindantaḥ</sanskrit>
		<indonesian>sambil mengejek</indonesian>
	</word>	<word>
		<sanskrit>tavā</sanskrit>
		<indonesian>milik engkau</indonesian>
	</word>	<word>
		<sanskrit>sāmarthyam</sanskrit>
		<indonesian>kesanggupan</indonesian>
	</word>	<word>
		<sanskrit>tataḥ</sanskrit>
		<indonesian>daripada itu</indonesian>
	</word>	<word>
		<sanskrit>duḥkha-taram</sanskrit>
		<indonesian>lebih menyakiti hati</indonesian>
	</word>	<word>
		<sanskrit>nu</sanskrit>
		<indonesian>tentu saja</indonesian>
	</word>	<word>
		<sanskrit>kim</sanskrit>
		<indonesian>ada apa.</indonesian>
	</word>	<word>
		<sanskrit>hataḥ</sanskrit>
		<indonesian>dengan dibunuh</indonesian>
	</word>	<word>
		<sanskrit>vā</sanskrit>
		<indonesian>atau</indonesian>
	</word>	<word>
		<sanskrit>prāpsyasi</sanskrit>
		<indonesian>engkau mencapai</indonesian>
	</word>	<word>
		<sanskrit>svargam</sanskrit>
		<indonesian>kerajaan surga</indonesian>
	</word>	<word>
		<sanskrit>jitvā</sanskrit>
		<indonesian>dengan mengalahkan</indonesian>
	</word>	<word>
		<sanskrit>vā</sanskrit>
		<indonesian>atau</indonesian>
	</word>	<word>
		<sanskrit>bhokṣyase</sanskrit>
		<indonesian>engkau menikmati</indonesian>
	</word>	<word>
		<sanskrit>mahīm</sanskrit>
		<indonesian>dunia</indonesian>
	</word>	<word>
		<sanskrit>tasmāt</sanskrit>
		<indonesian>karena itu</indonesian>
	</word>	<word>
		<sanskrit>uttiṣṭha</sanskrit>
		<indonesian>bangunlah</indonesian>
	</word>	<word>
		<sanskrit>kaunteyā</sanskrit>
		<indonesian>wahai putera</indonesian>
	</word>	<word>
		<sanskrit>Kuntī</sanskrit>
		<indonesian></indonesian>
	</word>	<word>
		<sanskrit>yuddhāya</sanskrit>
		<indonesian>untuk bertempur</indonesian>
	</word>	<word>
		<sanskrit>kṛta</sanskrit>
		<indonesian>bertabah hati</indonesian>
	</word>	<word>
		<sanskrit>niścayaḥ</sanskrit>
		<indonesian>didalam kepastian.</indonesian>
	</word>	<word>
		<sanskrit>sukha</sanskrit>
		<indonesian>suka</indonesian>
	</word>	<word>
		<sanskrit>duḥkhe</sanskrit>
		<indonesian>dan duka</indonesian>
	</word>	<word>
		<sanskrit>same</sanskrit>
		<indonesian>dengan sikap yang sama</indonesian>
	</word>	<word>
		<sanskrit>kṛtvā</sanskrit>
		<indonesian>dengan melakukan demikian</indonesian>
	</word>	<word>
		<sanskrit>lābha-alābhau</sanskrit>
		<indonesian>dalam untung maupun rugi</indonesian>
	</word>	<word>
		<sanskrit>jaya-ajayau</sanskrit>
		<indonesian>baik menang maupun kalah</indonesian>
	</word>	<word>
		<sanskrit>tataḥ</sanskrit>
		<indonesian>sesudah itu</indonesian>
	</word>	<word>
		<sanskrit>yuddhāya</sanskrit>
		<indonesian>demi pertempuran</indonesian>
	</word>	<word>
		<sanskrit>yujyasva</sanskrit>
		<indonesian>menjadi sibuk (bertempur)</indonesian>
	</word>	<word>
		<sanskrit>na</sanskrit>
		<indonesian>tidak pernah</indonesian>
	</word>	<word>
		<sanskrit>evam</sanskrit>
		<indonesian>dengan demikian</indonesian>
	</word>	<word>
		<sanskrit>pāpam</sanskrit>
		<indonesian>reaksi dosa</indonesian>
	</word>	<word>
		<sanskrit>avāpsyasi</sanskrit>
		<indonesian>engkau mendapatkan.</indonesian>
	</word>	<word>
		<sanskrit>eṣā</sanskrit>
		<indonesian>semua ini</indonesian>
	</word>	<word>
		<sanskrit>te</sanskrit>
		<indonesian>kepada engkau</indonesian>
	</word>	<word>
		<sanskrit>abhihitā</sanskrit>
		<indonesian>diuraikan</indonesian>
	</word>	<word>
		<sanskrit>sańkhye</sanskrit>
		<indonesian>dengan mempelajari secara analisis</indonesian>
	</word>	<word>
		<sanskrit>buddhiḥ</sanskrit>
		<indonesian>kecerdasan</indonesian>
	</word>	<word>
		<sanskrit>yoge</sanskrit>
		<indonesian>dalam pekerjaan tanpa mengharapkan hasil atau pahala</indonesian>
	</word>	<word>
		<sanskrit>tu</sanskrit>
		<indonesian>tetapi</indonesian>
	</word>	<word>
		<sanskrit>imām</sanskrit>
		<indonesian>ini</indonesian>
	</word>	<word>
		<sanskrit>śṛṇu</sanskrit>
		<indonesian>hanya dengarlah</indonesian>
	</word>	<word>
		<sanskrit>buddhya</sanskrit>
		<indonesian>dengan kecerdasan</indonesian>
	</word>	<word>
		<sanskrit>yuktaḥ</sanskrit>
		<indonesian>digabungkan</indonesian>
	</word>	<word>
		<sanskrit>yayā</sanskrit>
		<indonesian>oleh itu</indonesian>
	</word>	<word>
		<sanskrit>pārtha</sanskrit>
		<indonesian>wahai putera</indonesian>
	</word>	<word>
		<sanskrit>Pṛthā</sanskrit>
		<indonesian></indonesian>
	</word>	<word>
		<sanskrit>karma-bandham</sanskrit>
		<indonesian>ikatan reaksi</indonesian>
	</word>	<word>
		<sanskrit>prahāsyasi</sanskrit>
		<indonesian>engkau dapat dibebaskan dari.</indonesian>
	</word>	<word>
		<sanskrit>na</sanskrit>
		<indonesian>tidak ada</indonesian>
	</word>	<word>
		<sanskrit>iha</sanskrit>
		<indonesian>dalam yoga ini</indonesian>
	</word>	<word>
		<sanskrit>abhikrama</sanskrit>
		<indonesian>dalam berusaha</indonesian>
	</word>	<word>
		<sanskrit>nāśaḥ</sanskrit>
		<indonesian>kerugian</indonesian>
	</word>	<word>
		<sanskrit>asti</sanskrit>
		<indonesian>ada</indonesian>
	</word>	<word>
		<sanskrit>pratyavāyaḥ</sanskrit>
		<indonesian>pengurangan</indonesian>
	</word>	<word>
		<sanskrit>na</sanskrit>
		<indonesian>tidak pernah</indonesian>
	</word>	<word>
		<sanskrit>vidyāte</sanskrit>
		<indonesian>ada</indonesian>
	</word>	<word>
		<sanskrit>su-alpam</sanskrit>
		<indonesian>sedikit</indonesian>
	</word>	<word>
		<sanskrit>api</sanskrit>
		<indonesian>walaupun</indonesian>
	</word>	<word>
		<sanskrit>asya</sanskrit>
		<indonesian>dari ini</indonesian>
	</word>	<word>
		<sanskrit>dharmasya</sanskrit>
		<indonesian>pencaharian</indonesian>
	</word>	<word>
		<sanskrit>trāyate</sanskrit>
		<indonesian>membebaskan</indonesian>
	</word>	<word>
		<sanskrit>mahatāḥ</sanskrit>
		<indonesian>dari yang besar sekali</indonesian>
	</word>	<word>
		<sanskrit>bhayāt</sanskrit>
		<indonesian>bahaya.</indonesian>
	</word>	<word>
		<sanskrit>vyavasāya-ātmikā</sanskrit>
		<indonesian>bertabah hati dalam Kesadaran Krishna</indonesian>
	</word>	<word>
		<sanskrit>buddhiḥ</sanskrit>
		<indonesian>kecerdasan</indonesian>
	</word>	<word>
		<sanskrit>ekā</sanskrit>
		<indonesian>hanya satu</indonesian>
	</word>	<word>
		<sanskrit>iha</sanskrit>
		<indonesian>di dunia ini</indonesian>
	</word>	<word>
		<sanskrit>kuru-nandana</sanskrit>
		<indonesian>wahai putera kesayangan para Kuru</indonesian>
	</word>	<word>
		<sanskrit>bahu-śākhāḥ</sanskrit>
		<indonesian>mempunyai banyak cabang</indonesian>
	</word>	<word>
		<sanskrit>hi</sanskrit>
		<indonesian>pasti</indonesian>
	</word>	<word>
		<sanskrit>anantāḥ</sanskrit>
		<indonesian>tidak terhingga</indonesian>
	</word>	<word>
		<sanskrit>ca</sanskrit>
		<indonesian>juga</indonesian>
	</word>	<word>
		<sanskrit>buddhayaḥ</sanskrit>
		<indonesian>kecerdasan</indonesian>
	</word>	<word>
		<sanskrit>avyavasāyinām</sanskrit>
		<indonesian>tentang mereka yang tidak sadar akan Krishna.</indonesian>
	</word>	<word>
		<sanskrit>yām imām</sanskrit>
		<indonesian>semua ini</indonesian>
	</word>	<word>
		<sanskrit>puṣpitām</sanskrit>
		<indonesian>seperti bunga</indonesian>
	</word>	<word>
		<sanskrit>vācam</sanskrit>
		<indonesian>kata-kata</indonesian>
	</word>	<word>
		<sanskrit>pravādānti</sanskrit>
		<indonesian>berkata</indonesian>
	</word>	<word>
		<sanskrit>avipaścitaḥ</sanskrit>
		<indonesian>orang yang kekurangan pengetahuan</indonesian>
	</word>	<word>
		<sanskrit>veda-vāda-ratāḥ</sanskrit>
		<indonesian>orang-orang yang dianggap pengikut dari Veda</indonesian>
	</word>	<word>
		<sanskrit>pārtha</sanskrit>
		<indonesian>wahai putera</indonesian>
	</word>	<word>
		<sanskrit>Pṛthā</sanskrit>
		<indonesian></indonesian>
	</word>	<word>
		<sanskrit>na</sanskrit>
		<indonesian>tidak pernah</indonesian>
	</word>	<word>
		<sanskrit>anyat</sanskrit>
		<indonesian>sesuatu yang lain</indonesian>
	</word>	<word>
		<sanskrit>asti</sanskrit>
		<indonesian>ada</indonesian>
	</word>	<word>
		<sanskrit>iti</sanskrit>
		<indonesian>demikian</indonesian>
	</word>	<word>
		<sanskrit>vādinaḥ</sanskrit>
		<indonesian>para pendukung</indonesian>
	</word>	<word>
		<sanskrit>kāma-ātmānaḥ</sanskrit>
		<indonesian>menginginkan kepuasan dari indera-indera</indonesian>
	</word>	<word>
		<sanskrit>svarga-parāḥ</sanskrit>
		<indonesian>bertujuan untuk mencapai planet-planet surga</indonesian>
	</word>	<word>
		<sanskrit>janma-karma-phala-pradām</sanskrit>
		<indonesian>mengakibatkan kelahiran dalam keadaan yang baik dan reaksi-reaksi lain yang berupa hasil atau pahala</indonesian>
	</word>	<word>
		<sanskrit>kriyā-viśeṣa</sanskrit>
		<indonesian>upacara-upacara yang bersifat ritual</indonesian>
	</word>	<word>
		<sanskrit>bahulām</sanskrit>
		<indonesian>berbagai</indonesian>
	</word>	<word>
		<sanskrit>bhoga</sanskrit>
		<indonesian>dalam kenikmatan indera-indera</indonesian>
	</word>	<word>
		<sanskrit>aiśvaryā</sanskrit>
		<indonesian>dan kekayaan</indonesian>
	</word>	<word>
		<sanskrit>gatim</sanskrit>
		<indonesian>kemajuan</indonesian>
	</word>	<word>
		<sanskrit>prati</sanskrit>
		<indonesian>menuju.</indonesian>
	</word>	<word>
		<sanskrit>bhoga</sanskrit>
		<indonesian>kepada kenikmatan material</indonesian>
	</word>	<word>
		<sanskrit>aiśvarya</sanskrit>
		<indonesian>dan kekayaan</indonesian>
	</word>	<word>
		<sanskrit>prasaktānām</sanskrit>
		<indonesian>untuk orang yang terikat</indonesian>
	</word>	<word>
		<sanskrit>tayā</sanskrit>
		<indonesian>oleh hal-hal seperti itu</indonesian>
	</word>	<word>
		<sanskrit>apahṛta-cetasām</sanskrit>
		<indonesian>bingung dalam pikiran</indonesian>
	</word>	<word>
		<sanskrit>vyavasāya-ātmikā</sanskrit>
		<indonesian>mantap dalam ketabahan hati</indonesian>
	</word>	<word>
		<sanskrit>buddhiḥ</sanskrit>
		<indonesian>bhakti kepada Tuhan Yang Maha Esa</indonesian>
	</word>	<word>
		<sanskrit>samādhau</sanskrit>
		<indonesian>dalam pikiran yang terkendali</indonesian>
	</word>	<word>
		<sanskrit>na</sanskrit>
		<indonesian>tidak pernah</indonesian>
	</word>	<word>
		<sanskrit>vidhīyate</sanskrit>
		<indonesian>tidak terjadi.</indonesian>
	</word>	<word>
		<sanskrit>trai-guṇya</sanskrit>
		<indonesian>menyangkut tiga sifat alam material</indonesian>
	</word>	<word>
		<sanskrit>viṣayāḥ</sanskrit>
		<indonesian>tentang mata pelajaran</indonesian>
	</word>	<word>
		<sanskrit>vedāḥ</sanskrit>
		<indonesian>kesusasteraan Veda</indonesian>
	</word>	<word>
		<sanskrit>nistrai-guṇyah</sanskrit>
		<indonesian>melampaui tiga sifat alam material</indonesian>
	</word>	<word>
		<sanskrit>bhava</sanskrit>
		<indonesian>menjadi</indonesian>
	</word>	<word>
		<sanskrit>Arjuna</sanskrit>
		<indonesian>wahai</indonesian>
	</word>	<word>
		<sanskrit>Arjuna</sanskrit>
		<indonesian></indonesian>
	</word>	<word>
		<sanskrit>nirdvandvaḥ</sanskrit>
		<indonesian>tanpa hal-hal yang relatif</indonesian>
	</word>	<word>
		<sanskrit>nitya-sattva-sthaḥ</sanskrit>
		<indonesian>dalam keadaan kehidupan rohani yang murni</indonesian>
	</word>	<word>
		<sanskrit>niryoga-kṣemaḥ</sanskrit>
		<indonesian>bebas dari ide-ide untuk memperoleh keuntungan dan perlindungan</indonesian>
	</word>	<word>
		<sanskrit>ātma-vān</sanskrit>
		<indonesian>mantap dalam sang diri.</indonesian>
	</word>	<word>
		<sanskrit>yāvān</sanskrit>
		<indonesian>semua itu</indonesian>
	</word>	<word>
		<sanskrit>arthaḥ</sanskrit>
		<indonesian>dimaksudkan</indonesian>
	</word>	<word>
		<sanskrit>uda-pāne</sanskrit>
		<indonesian>di dalam kolam air</indonesian>
	</word>	<word>
		<sanskrit>sarvataḥ</sanskrit>
		<indonesian>dalam segala hal</indonesian>
	</word>	<word>
		<sanskrit>sampluta-udake</sanskrit>
		<indonesian>di dalam kolam air yang besar</indonesian>
	</word>	<word>
		<sanskrit>tāvān</sanskrit>
		<indonesian>seperti itu</indonesian>
	</word>	<word>
		<sanskrit>sarveṣu</sanskrit>
		<indonesian>dalam semua</indonesian>
	</word>	<word>
		<sanskrit>vedeṣu</sanskrit>
		<indonesian>kesusasteraan Veda</indonesian>
	</word>	<word>
		<sanskrit>brāhmaṇasya</sanskrit>
		<indonesian>dari orang yang mengenal Brahman Yang Paling Utama</indonesian>
	</word>	<word>
		<sanskrit>vijānataḥ</sanskrit>
		<indonesian>orang yang memiliki pengetahuan yang lengkap.</indonesian>
	</word>	<word>
		<sanskrit>karmaṇi</sanskrit>
		<indonesian>dalam tugas-tugas kewajiban yang telah ditetapkan</indonesian>
	</word>	<word>
		<sanskrit>evā</sanskrit>
		<indonesian>pasti</indonesian>
	</word>	<word>
		<sanskrit>adhikāraḥ</sanskrit>
		<indonesian>benar</indonesian>
	</word>	<word>
		<sanskrit>te</sanskrit>
		<indonesian>dari engkau</indonesian>
	</word>	<word>
		<sanskrit>mā</sanskrit>
		<indonesian>tidak pernah</indonesian>
	</word>	<word>
		<sanskrit>phaleṣu</sanskrit>
		<indonesian>dalam soal hasil</indonesian>
	</word>	<word>
		<sanskrit>kadācana</sanskrit>
		<indonesian>pada suatu waktu</indonesian>
	</word>	<word>
		<sanskrit>mā</sanskrit>
		<indonesian>jangan</indonesian>
	</word>	<word>
		<sanskrit>karma-phala</sanskrit>
		<indonesian>dalam hasil dari pekerjaan</indonesian>
	</word>	<word>
		<sanskrit>hetuḥ</sanskrit>
		<indonesian>sebab</indonesian>
	</word>	<word>
		<sanskrit>bhūḥ</sanskrit>
		<indonesian>menjadi</indonesian>
	</word>	<word>
		<sanskrit>mā</sanskrit>
		<indonesian>jangan</indonesian>
	</word>	<word>
		<sanskrit>te</sanskrit>
		<indonesian>dari engkau</indonesian>
	</word>	<word>
		<sanskrit>sańgaḥ</sanskrit>
		<indonesian>ikatan</indonesian>
	</word>	<word>
		<sanskrit>astu</sanskrit>
		<indonesian>seharusnya ada</indonesian>
	</word>	<word>
		<sanskrit>akarmaṇi</sanskrit>
		<indonesian>dalam kebiasaan tidak melakukan tugas-tugas kewajiban yang telah ditetapkan.</indonesian>
	</word>	<word>
		<sanskrit>yoga-sthaḥ</sanskrit>
		<indonesian>mantap secara seimbang</indonesian>
	</word>	<word>
		<sanskrit>kuru</sanskrit>
		<indonesian>melaksanakan</indonesian>
	</word>	<word>
		<sanskrit>karmaṇi</sanskrit>
		<indonesian>tugas-tugas dan kewajibanmu</indonesian>
	</word>	<word>
		<sanskrit>sańgam</sanskrit>
		<indonesian>ikatan</indonesian>
	</word>	<word>
		<sanskrit>tyaktvā</sanskrit>
		<indonesian>meninggalkan</indonesian>
	</word>	<word>
		<sanskrit>dhanañjaya</sanskrit>
		<indonesian>wahai</indonesian>
	</word>	<word>
		<sanskrit>Arjuna</sanskrit>
		<indonesian></indonesian>
	</word>	<word>
		<sanskrit>siddhi-asiddhyoḥ</sanskrit>
		<indonesian>dalam kesuksesan dan kegagalan</indonesian>
	</word>	<word>
		<sanskrit>samaḥ</sanskrit>
		<indonesian>mantap secara seimbang</indonesian>
	</word>	<word>
		<sanskrit>bhūtvā</sanskrit>
		<indonesian>menjadi</indonesian>
	</word>	<word>
		<sanskrit>samatvām</sanskrit>
		<indonesian>sikap seimbang</indonesian>
	</word>	<word>
		<sanskrit>yogaḥ</sanskrit>
		<indonesian>yoga</indonesian>
	</word>	<word>
		<sanskrit>ucyate</sanskrit>
		<indonesian>disebut.</indonesian>
	</word>	<word>
		<sanskrit>dūreṇa</sanskrit>
		<indonesian>membuang itu jauh-jauh</indonesian>
	</word>	<word>
		<sanskrit>hi</sanskrit>
		<indonesian>pasti</indonesian>
	</word>	<word>
		<sanskrit>avaram</sanskrit>
		<indonesian>jijik</indonesian>
	</word>	<word>
		<sanskrit>karma</sanskrit>
		<indonesian>kegiatan</indonesian>
	</word>	<word>
		<sanskrit>buddhi-yogāt</sanskrit>
		<indonesian>berdasarkan kekuatan kesadaran Krishna</indonesian>
	</word>	<word>
		<sanskrit>dhanañjayā</sanskrit>
		<indonesian>wahai perebut kekayaan</indonesian>
	</word>	<word>
		<sanskrit>buddhau</sanskrit>
		<indonesian>dengan kesadaran seperti itu</indonesian>
	</word>	<word>
		<sanskrit>śaraṇam</sanskrit>
		<indonesian>penyerahan diri sepenuhnya</indonesian>
	</word>	<word>
		<sanskrit>anvicchā</sanskrit>
		<indonesian>usahalah untuk</indonesian>
	</word>	<word>
		<sanskrit>kṛpaṇāḥ</sanskrit>
		<indonesian>orang pelit</indonesian>
	</word>	<word>
		<sanskrit>phala-hetavaḥ</sanskrit>
		<indonesian>orang yang menginginkan hasil atau pahala.</indonesian>
	</word>	<word>
		<sanskrit>buddhi-yuktaḥ</sanskrit>
		<indonesian>orang yang tekun dalam bhakti</indonesian>
	</word>	<word>
		<sanskrit>jahāti</sanskrit>
		<indonesian>dapat menghilangkan</indonesian>
	</word>	<word>
		<sanskrit>iha</sanskrit>
		<indonesian>dalam hidup ini</indonesian>
	</word>	<word>
		<sanskrit>ubhe</sanskrit>
		<indonesian>kedua-duanya</indonesian>
	</word>	<word>
		<sanskrit>sukṛta-duṣkṛte</sanskrit>
		<indonesian>hasil yang baik atau buruk</indonesian>
	</word>	<word>
		<sanskrit>tasmāt</sanskrit>
		<indonesian>karena itu</indonesian>
	</word>	<word>
		<sanskrit>yogāya</sanskrit>
		<indonesian>demi bhakti</indonesian>
	</word>	<word>
		<sanskrit>yujyasva</sanskrit>
		<indonesian>menjadi sibuk seperti itu</indonesian>
	</word>	<word>
		<sanskrit>yogaḥ</sanskrit>
		<indonesian>kesadaran Krishna</indonesian>
	</word>	<word>
		<sanskrit>karmasu</sanskrit>
		<indonesian>dalam segala kegiatan</indonesian>
	</word>	<word>
		<sanskrit>kauśalam</sanskrit>
		<indonesian>ilmu.</indonesian>
	</word>	<word>
		<sanskrit>karma-jam</sanskrit>
		<indonesian>oleh karena kegiatan yang dimaksudkan untuk membuahkan hasil</indonesian>
	</word>	<word>
		<sanskrit>buddhi-yuktaḥ</sanskrit>
		<indonesian>dengan menekuni bhakti</indonesian>
	</word>	<word>
		<sanskrit>hi</sanskrit>
		<indonesian>pasti</indonesian>
	</word>	<word>
		<sanskrit>phalam</sanskrit>
		<indonesian>hasil</indonesian>
	</word>	<word>
		<sanskrit>tyaktvā</sanskrit>
		<indonesian>meninggalkan</indonesian>
	</word>	<word>
		<sanskrit>manīṣiṇaḥ</sanskrit>
		<indonesian>resi-resi yang mulia atau penyembah-penyembah</indonesian>
	</word>	<word>
		<sanskrit>janma-bandha</sanskrit>
		<indonesian>dari ikatan kelahiran dan kematian</indonesian>
	</word>	<word>
		<sanskrit>vinirmuktāḥ</sanskrit>
		<indonesian>sudah mencapai pembebasan</indonesian>
	</word>	<word>
		<sanskrit>padam</sanskrit>
		<indonesian>kedudukan</indonesian>
	</word>	<word>
		<sanskrit>gacchanti</sanskrit>
		<indonesian>mereka mencapai</indonesian>
	</word>	<word>
		<sanskrit>anāmayam</sanskrit>
		<indonesian>tanpa kesengsaraan.</indonesian>
	</word>	<word>
		<sanskrit>yadā</sanskrit>
		<indonesian/>
	</word>	<word>
		<sanskrit>te</sanskrit>
		<indonesian>milik engkau</indonesian>
	</word>	<word>
		<sanskrit>moha</sanskrit>
		<indonesian>dari khayalan</indonesian>
	</word>	<word>
		<sanskrit>kalilam</sanskrit>
		<indonesian>hutan yang lebat</indonesian>
	</word>	<word>
		<sanskrit>buddhiḥ</sanskrit>
		<indonesian>pengabdian rohani dengan kecerdasan</indonesian>
	</word>	<word>
		<sanskrit>vyatitariṣyāti</sanskrit>
		<indonesian>melampaui</indonesian>
	</word>	<word>
		<sanskrit>tadā</sanskrit>
		<indonesian>pada waktu itu</indonesian>
	</word>	<word>
		<sanskrit>gantā asi</sanskrit>
		<indonesian>engkau akan pergi</indonesian>
	</word>	<word>
		<sanskrit>nirvedam</sanskrit>
		<indonesian>sikap acuh</indonesian>
	</word>	<word>
		<sanskrit>śrotavyasya</sanskrit>
		<indonesian>terhadap segala sesuatu yang akan didengar</indonesian>
	</word>	<word>
		<sanskrit>śrutasya</sanskrit>
		<indonesian>terhadap segala sesuatu yang sudah didengar</indonesian>
	</word>	<word>
		<sanskrit>ca</sanskrit>
		<indonesian>juga.</indonesian>
	</word>	<word>
		<sanskrit>śruti</sanskrit>
		<indonesian>dari wahyu Veda</indonesian>
	</word>	<word>
		<sanskrit>vipratipannā</sanskrit>
		<indonesian>tanpa dipengaruhi oleh hasil atau pahala yang diharapkan</indonesian>
	</word>	<word>
		<sanskrit>te</sanskrit>
		<indonesian>milikmu</indonesian>
	</word>	<word>
		<sanskrit>yadā</sanskrit>
		<indonesian>apabila</indonesian>
	</word>	<word>
		<sanskrit>sthāsyāti</sanskrit>
		<indonesian>tetap</indonesian>
	</word>	<word>
		<sanskrit>niścalā</sanskrit>
		<indonesian>tidak bergerak</indonesian>
	</word>	<word>
		<sanskrit>samādhau</sanskrit>
		<indonesian>dalam kesadaran rohani, atau kesadaran Krishna</indonesian>
	</word>	<word>
		<sanskrit>acalā</sanskrit>
		<indonesian>tidak bergerak</indonesian>
	</word>	<word>
		<sanskrit>buddhiḥ</sanskrit>
		<indonesian>kecerdasan</indonesian>
	</word>	<word>
		<sanskrit>tadā</sanskrit>
		<indonesian>pada waktu itu</indonesian>
	</word>	<word>
		<sanskrit>yogam</sanskrit>
		<indonesian>keinsafan diri</indonesian>
	</word>	<word>
		<sanskrit>avāpsyasi</sanskrit>
		<indonesian>engkau akan mencapai.</indonesian>
	</word>	<word>
		<sanskrit>Arjunaḥ uvāca</sanskrit>
		<indonesian>Arjuna berkata</indonesian>
	</word>	<word>
		<sanskrit>sthita-prajñasya</sanskrit>
		<indonesian>milik orang yang mantap dalam kesadaran Krishna yang tetap</indonesian>
	</word>	<word>
		<sanskrit>kā</sanskrit>
		<indonesian>apa</indonesian>
	</word>	<word>
		<sanskrit>bhāṣā</sanskrit>
		<indonesian>bahasa</indonesian>
	</word>	<word>
		<sanskrit>samādhi-sthasya</sanskrit>
		<indonesian>milik orang yang mantap dalam semadi</indonesian>
	</word>	<word>
		<sanskrit>keśava</sanskrit>
		<indonesian>o Krishna</indonesian>
	</word>	<word>
		<sanskrit>sthita-dhīḥ</sanskrit>
		<indonesian>orang yang mantap dalam kesadaran Krishna</indonesian>
	</word>	<word>
		<sanskrit>kim</sanskrit>
		<indonesian>apa</indonesian>
	</word>	<word>
		<sanskrit>prabhāṣeta</sanskrit>
		<indonesian>berbicara</indonesian>
	</word>	<word>
		<sanskrit>kim</sanskrit>
		<indonesian>bagaimana</indonesian>
	</word>	<word>
		<sanskrit>āsīta</sanskrit>
		<indonesian>tetap tidak bergerak</indonesian>
	</word>	<word>
		<sanskrit>vrajeta</sanskrit>
		<indonesian>berjalan</indonesian>
	</word>	<word>
		<sanskrit>kim</sanskrit>
		<indonesian>bagaimana.</indonesian>
	</word>	<word>
		<sanskrit>Śrī-bhagavān</sanskrit>
		<indonesian></indonesian>
	</word>	<word>
		<sanskrit>uvāca</sanskrit>
		<indonesian>Kepribadian Tuhan Yang Maha Esa bersabda</indonesian>
	</word>	<word>
		<sanskrit>prajāḥāti</sanskrit>
		<indonesian>meninggalkan</indonesian>
	</word>	<word>
		<sanskrit>yadā</sanskrit>
		<indonesian>apabila</indonesian>
	</word>	<word>
		<sanskrit>kāmān</sanskrit>
		<indonesian>keinginan untuk kepuasan indera-indera</indonesian>
	</word>	<word>
		<sanskrit>sarvān</sanskrit>
		<indonesian>segala jenis</indonesian>
	</word>	<word>
		<sanskrit>pārtha</sanskrit>
		<indonesian>wahai putera</indonesian>
	</word>	<word>
		<sanskrit>Pṛthā; manaḥ-gatān</sanskrit>
		<indonesian>dari tafsiran pikiran</indonesian>
	</word>	<word>
		<sanskrit>ātmani</sanskrit>
		<indonesian>keadaan murni sang roh</indonesian>
	</word>	<word>
		<sanskrit>evā</sanskrit>
		<indonesian>pasti</indonesian>
	</word>	<word>
		<sanskrit>ātmanā</sanskrit>
		<indonesian>oleh pikiran yang sudah disucikan</indonesian>
	</word>	<word>
		<sanskrit>tuṣṭaḥ</sanskrit>
		<indonesian>puas</indonesian>
	</word>	<word>
		<sanskrit>sthita-prajñaḥ</sanskrit>
		<indonesian>mantap secara rohani</indonesian>
	</word>	<word>
		<sanskrit>tadā</sanskrit>
		<indonesian>pada waktu itu</indonesian>
	</word>	<word>
		<sanskrit>ucyate</sanskrit>
		<indonesian>dikatakan.</indonesian>
	</word>	<word>
		<sanskrit>duḥkheṣu</sanskrit>
		<indonesian>dalam tiga jenis kesengsaraan</indonesian>
	</word>	<word>
		<sanskrit>anudvigna-manāḥ</sanskrit>
		<indonesian>tanpa digoyahkan dalam pikiran</indonesian>
	</word>	<word>
		<sanskrit>sukheṣu</sanskrit>
		<indonesian>di dalam suka</indonesian>
	</word>	<word>
		<sanskrit>vigata-spṛhaḥ</sanskrit>
		<indonesian>tanpa merasa tertarik</indonesian>
	</word>	<word>
		<sanskrit>vīta</sanskrit>
		<indonesian>bebas dari</indonesian>
	</word>	<word>
		<sanskrit>rāga</sanskrit>
		<indonesian>ikatan</indonesian>
	</word>	<word>
		<sanskrit>bhaya</sanskrit>
		<indonesian>rasa takut</indonesian>
	</word>	<word>
		<sanskrit>krodhaḥ</sanskrit>
		<indonesian>dan marah</indonesian>
	</word>	<word>
		<sanskrit>sthita-dhīḥ</sanskrit>
		<indonesian>yang mantap dalam pikiran</indonesian>
	</word>	<word>
		<sanskrit>muniḥ</sanskrit>
		<indonesian>resi</indonesian>
	</word>	<word>
		<sanskrit>ucyate</sanskrit>
		<indonesian>disebut.</indonesian>
	</word>	<word>
		<sanskrit>yaḥ</sanskrit>
		<indonesian>orang yang</indonesian>
	</word>	<word>
		<sanskrit>sarvatra</sanskrit>
		<indonesian>di mana-mana</indonesian>
	</word>	<word>
		<sanskrit>anabhisnehaḥ</sanskrit>
		<indonesian>tanpa rasa kasih sayang</indonesian>
	</word>	<word>
		<sanskrit>tat</sanskrit>
		<indonesian>itu</indonesian>
	</word>	<word>
		<sanskrit>tat</sanskrit>
		<indonesian>itu</indonesian>
	</word>	<word>
		<sanskrit>prāpya</sanskrit>
		<indonesian>mencapai</indonesian>
	</word>	<word>
		<sanskrit>śubha</sanskrit>
		<indonesian>baik</indonesian>
	</word>	<word>
		<sanskrit>aśubham</sanskrit>
		<indonesian>hal-hal yang buruk</indonesian>
	</word>	<word>
		<sanskrit>na</sanskrit>
		<indonesian>tidak pernah</indonesian>
	</word>	<word>
		<sanskrit>abhinandati</sanskrit>
		<indonesian>memuji</indonesian>
	</word>	<word>
		<sanskrit>na</sanskrit>
		<indonesian>tidak pernah</indonesian>
	</word>	<word>
		<sanskrit>dveṣṭi</sanskrit>
		<indonesian>iri hati</indonesian>
	</word>	<word>
		<sanskrit>tasya</sanskrit>
		<indonesian>milik dia</indonesian>
	</word>	<word>
		<sanskrit>prajñā</sanskrit>
		<indonesian>pengetahuan sempurna</indonesian>
	</word>	<word>
		<sanskrit>pratiṣṭhitā</sanskrit>
		<indonesian>mantap.</indonesian>
	</word>	<word>
		<sanskrit>yadā</sanskrit>
		<indonesian>apabila</indonesian>
	</word>	<word>
		<sanskrit>saḿharate</sanskrit>
		<indonesian>menarik</indonesian>
	</word>	<word>
		<sanskrit>ca</sanskrit>
		<indonesian>juga</indonesian>
	</word>	<word>
		<sanskrit>ayam</sanskrit>
		<indonesian>dia</indonesian>
	</word>	<word>
		<sanskrit>kūrmaḥ</sanskrit>
		<indonesian>kura-kura</indonesian>
	</word>	<word>
		<sanskrit>ańgāni</sanskrit>
		<indonesian>anggota badan</indonesian>
	</word>	<word>
		<sanskrit>iva</sanskrit>
		<indonesian>ibarat</indonesian>
	</word>	<word>
		<sanskrit>sarvāsaḥ</sanskrit>
		<indonesian>bersama-sama</indonesian>
	</word>	<word>
		<sanskrit>indriyāṇi</sanskrit>
		<indonesian>indera-indera</indonesian>
	</word>	<word>
		<sanskrit>indriya-arthebhyaḥ</sanskrit>
		<indonesian>dari obyek-obyek indera</indonesian>
	</word>	<word>
		<sanskrit>tasya</sanskrit>
		<indonesian>milik dia</indonesian>
	</word>	<word>
		<sanskrit>prajñā</sanskrit>
		<indonesian>kesadaran</indonesian>
	</word>	<word>
		<sanskrit>pratiṣṭhitā</sanskrit>
		<indonesian>mantap.</indonesian>
	</word>	<word>
		<sanskrit>viṣayāḥ</sanskrit>
		<indonesian>obyek-obyek kenikmatan indera</indonesian>
	</word>	<word>
		<sanskrit>vinivartante</sanskrit>
		<indonesian>dilatih untuk dihindarkan</indonesian>
	</word>	<word>
		<sanskrit>nirāhārasya</sanskrit>
		<indonesian>dengan peraturan yang negatif</indonesian>
	</word>	<word>
		<sanskrit>dehinaḥ</sanskrit>
		<indonesian>untuk ia yang berada di dalam badan</indonesian>
	</word>	<word>
		<sanskrit>rasa-varjam</sanskrit>
		<indonesian>meninggalkan rasa</indonesian>
	</word>	<word>
		<sanskrit>rasaḥ</sanskrit>
		<indonesian>rasa kenikmatan</indonesian>
	</word>	<word>
		<sanskrit>api</sanskrit>
		<indonesian>walaupun ada</indonesian>
	</word>	<word>
		<sanskrit>asya</sanskrit>
		<indonesian>milik dia</indonesian>
	</word>	<word>
		<sanskrit>param</sanskrit>
		<indonesian>hal-hal yang jauh lebih tinggi</indonesian>
	</word>	<word>
		<sanskrit>dṛṣṭvā</sanskrit>
		<indonesian>dengan mengalami</indonesian>
	</word>	<word>
		<sanskrit>nivartate</sanskrit>
		<indonesian>dia berhenti dari.</indonesian>
	</word>	<word>
		<sanskrit>yatataḥ</sanskrit>
		<indonesian>sambil berusaha</indonesian>
	</word>	<word>
		<sanskrit>hi</sanskrit>
		<indonesian>pasti</indonesian>
	</word>	<word>
		<sanskrit>api</sanskrit>
		<indonesian>walaupun</indonesian>
	</word>	<word>
		<sanskrit>kaunteya</sanskrit>
		<indonesian>wahai putera</indonesian>
	</word>	<word>
		<sanskrit>Kuntī</sanskrit>
		<indonesian></indonesian>
	</word>	<word>
		<sanskrit>puruṣasya</sanskrit>
		<indonesian>milik seorang manusia</indonesian>
	</word>	<word>
		<sanskrit>vipaścitaḥ</sanskrit>
		<indonesian>penuh dengan pengetahuan untuk membedakan antara yang baik dan yang buruk</indonesian>
	</word>	<word>
		<sanskrit>indriyāṇi</sanskrit>
		<indonesian>indera-indera</indonesian>
	</word>	<word>
		<sanskrit>pramāthīni</sanskrit>
		<indonesian>menggoyahkan</indonesian>
	</word>	<word>
		<sanskrit>haranti</sanskrit>
		<indonesian>membuang</indonesian>
	</word>	<word>
		<sanskrit>prasabham</sanskrit>
		<indonesian>dengan kekuatan</indonesian>
	</word>	<word>
		<sanskrit>manaḥ</sanskrit>
		<indonesian>pikiran.</indonesian>
	</word>	<word>
		<sanskrit>tāni</sanskrit>
		<indonesian>indera-indera itu</indonesian>
	</word>	<word>
		<sanskrit>sarvāni</sanskrit>
		<indonesian>semua</indonesian>
	</word>	<word>
		<sanskrit>saḿyamya</sanskrit>
		<indonesian>menjaga di bawah pengendalian</indonesian>
	</word>	<word>
		<sanskrit>yuktaḥ</sanskrit>
		<indonesian>sibuk</indonesian>
	</word>	<word>
		<sanskrit>āsīta</sanskrit>
		<indonesian>harus mantap</indonesian>
	</word>	<word>
		<sanskrit>mat-paraḥ</sanskrit>
		<indonesian>sehubungan dengan-Ku</indonesian>
	</word>	<word>
		<sanskrit>vaśe</sanskrit>
		<indonesian>menaklukkan sepenuhnya</indonesian>
	</word>	<word>
		<sanskrit>hi</sanskrit>
		<indonesian>pasti</indonesian>
	</word>	<word>
		<sanskrit>yasya</sanskrit>
		<indonesian>orang yang</indonesian>
	</word>	<word>
		<sanskrit>indriyāṇi</sanskrit>
		<indonesian>indera-indera</indonesian>
	</word>	<word>
		<sanskrit>tasya</sanskrit>
		<indonesian>milik dia</indonesian>
	</word>	<word>
		<sanskrit>prajñā</sanskrit>
		<indonesian>kesadaran</indonesian>
	</word>	<word>
		<sanskrit>pratiṣṭhitā</sanskrit>
		<indonesian>mantap.</indonesian>
	</word>	<word>
		<sanskrit>dhyāyataḥ</sanskrit>
		<indonesian>sambil merenungkan</indonesian>
	</word>	<word>
		<sanskrit>viṣayān</sanskrit>
		<indonesian>obyek-obyek indera</indonesian>
	</word>	<word>
		<sanskrit>puḿsaḥ</sanskrit>
		<indonesian>mengenai seseorang</indonesian>
	</word>	<word>
		<sanskrit>sańgaḥ</sanskrit>
		<indonesian>ikatan</indonesian>
	</word>	<word>
		<sanskrit>teṣu</sanskrit>
		<indonesian>di dalam obyek-obyek indera</indonesian>
	</word>	<word>
		<sanskrit>upajāyate</sanskrit>
		<indonesian>berkembang</indonesian>
	</word>	<word>
		<sanskrit>sańgāt</sanskrit>
		<indonesian>dari ikatan itu</indonesian>
	</word>	<word>
		<sanskrit>sañjāyate</sanskrit>
		<indonesian>berkembang</indonesian>
	</word>	<word>
		<sanskrit>kāmaḥ</sanskrit>
		<indonesian>keinginan</indonesian>
	</word>	<word>
		<sanskrit>kāmāt</sanskrit>
		<indonesian>dari keinginan</indonesian>
	</word>	<word>
		<sanskrit>krodhaḥ</sanskrit>
		<indonesian>amarah</indonesian>
	</word>	<word>
		<sanskrit>abhijāyate</sanskrit>
		<indonesian>terwujud.</indonesian>
	</word>	<word>
		<sanskrit>krodhāt</sanskrit>
		<indonesian>dari amarah</indonesian>
	</word>	<word>
		<sanskrit>bhavati</sanskrit>
		<indonesian>terjadi</indonesian>
	</word>	<word>
		<sanskrit>sammohaḥ</sanskrit>
		<indonesian>khayalan yang sempurna</indonesian>
	</word>	<word>
		<sanskrit>sammohāt</sanskrit>
		<indonesian>dari khayalan</indonesian>
	</word>	<word>
		<sanskrit>smṛti</sanskrit>
		<indonesian>tentang ingatan</indonesian>
	</word>	<word>
		<sanskrit>vibhramaḥ</sanskrit>
		<indonesian>kebingungan</indonesian>
	</word>	<word>
		<sanskrit>smṛti-bhraḿśāt</sanskrit>
		<indonesian>sesudah ingatan dibingungkan</indonesian>
	</word>	<word>
		<sanskrit>buddhi-nāśaḥ</sanskrit>
		<indonesian>kehilangan kecerdasan</indonesian>
	</word>	<word>
		<sanskrit>buddhi-nāśāt</sanskrit>
		<indonesian>dari hilangnya kecerdasan</indonesian>
	</word>	<word>
		<sanskrit>praṇaśyati</sanskrit>
		<indonesian>seseorang jatuh.</indonesian>
	</word>	<word>
		<sanskrit>rāga</sanskrit>
		<indonesian>ikatan</indonesian>
	</word>	<word>
		<sanskrit>dveṣa</sanskrit>
		<indonesian>ketidakterikatan</indonesian>
	</word>	<word>
		<sanskrit>vimuktaiḥ</sanskrit>
		<indonesian>oleh orang yang sudah bebas dari</indonesian>
	</word>	<word>
		<sanskrit>tu</sanskrit>
		<indonesian>tetapi</indonesian>
	</word>	<word>
		<sanskrit>viṣayān</sanskrit>
		<indonesian>obyek-obyek indera</indonesian>
	</word>	<word>
		<sanskrit>indriyaiḥ</sanskrit>
		<indonesian>oleh indera-indera</indonesian>
	</word>	<word>
		<sanskrit>caran</sanskrit>
		<indonesian>bertindak terhadap</indonesian>
	</word>	<word>
		<sanskrit>ātma-vaśyaiḥ</sanskrit>
		<indonesian>di bawah pengendalian seseorang</indonesian>
	</word>	<word>
		<sanskrit>vidheya-ātmā</sanskrit>
		<indonesian>orang yang mengikuti kebebasan yang teratur</indonesian>
	</word>	<word>
		<sanskrit>prasādam</sanskrit>
		<indonesian>karunia Tuhan</indonesian>
	</word>	<word>
		<sanskrit>adhigacchati</sanskrit>
		<indonesian>mencapai.</indonesian>
	</word>	<word>
		<sanskrit>prasāde</sanskrit>
		<indonesian>dengan memperoleh karunia Tuhan yang tiada sebabnya</indonesian>
	</word>	<word>
		<sanskrit>sarva</sanskrit>
		<indonesian>dari semuanya</indonesian>
	</word>	<word>
		<sanskrit>duḥkhānām</sanskrit>
		<indonesian>kesengsaraan material</indonesian>
	</word>	<word>
		<sanskrit>hāniḥ</sanskrit>
		<indonesian>kehancuran</indonesian>
	</word>	<word>
		<sanskrit>asya</sanskrit>
		<indonesian>milik dia</indonesian>
	</word>	<word>
		<sanskrit>upajāyate</sanskrit>
		<indonesian>terjadi</indonesian>
	</word>	<word>
		<sanskrit>prasanna-cetasāḥ</sanskrit>
		<indonesian>dari orang yang berbahagia dalam pikiran</indonesian>
	</word>	<word>
		<sanskrit>hi</sanskrit>
		<indonesian>pasti</indonesian>
	</word>	<word>
		<sanskrit>āśu</sanskrit>
		<indonesian>dalam waktu yang dekat sekali</indonesian>
	</word>	<word>
		<sanskrit>buddhiḥ</sanskrit>
		<indonesian>kecerdasan</indonesian>
	</word>	<word>
		<sanskrit>pari</sanskrit>
		<indonesian>secukupnya</indonesian>
	</word>	<word>
		<sanskrit>avatiṣṭhate</sanskrit>
		<indonesian>menjadi mantap.</indonesian>
	</word>	<word>
		<sanskrit>na asti</sanskrit>
		<indonesian>tidak mungkin ada</indonesian>
	</word>	<word>
		<sanskrit>buddhiḥ</sanskrit>
		<indonesian>kecerdasan rohani</indonesian>
	</word>	<word>
		<sanskrit>ayuktasya</sanskrit>
		<indonesian>milik orang yang tidak mempunyai hubungan (dengan kesadaran Krishna)</indonesian>
	</word>	<word>
		<sanskrit>na</sanskrit>
		<indonesian>tidak</indonesian>
	</word>	<word>
		<sanskrit>ca</sanskrit>
		<indonesian>dan</indonesian>
	</word>	<word>
		<sanskrit>ayuktasya</sanskrit>
		<indonesian>milik orang yang kekurangan kesadaran Krishna</indonesian>
	</word>	<word>
		<sanskrit>bhāvanā</sanskrit>
		<indonesian>pikiran mantap (dalam kebahagiaan)</indonesian>
	</word>	<word>
		<sanskrit>na</sanskrit>
		<indonesian>tidak</indonesian>
	</word>	<word>
		<sanskrit>ca</sanskrit>
		<indonesian>dan</indonesian>
	</word>	<word>
		<sanskrit>abhāvayataḥ</sanskrit>
		<indonesian>mengenai orang yang tidak mantap</indonesian>
	</word>	<word>
		<sanskrit>śāntiḥ</sanskrit>
		<indonesian>kedamaian</indonesian>
	</word>	<word>
		<sanskrit>aśāntasya</sanskrit>
		<indonesian>milik orang yang tidak damai</indonesian>
	</word>	<word>
		<sanskrit>kutaḥ</sanskrit>
		<indonesian>mana ada</indonesian>
	</word>	<word>
		<sanskrit>sukham</sanskrit>
		<indonesian>kebahagiaan.</indonesian>
	</word>	<word>
		<sanskrit>indriyāṇām</sanskrit>
		<indonesian>di antara indera-indera</indonesian>
	</word>	<word>
		<sanskrit>hi</sanskrit>
		<indonesian>pasti</indonesian>
	</word>	<word>
		<sanskrit>caratām</sanskrit>
		<indonesian>sambil mengembara</indonesian>
	</word>	<word>
		<sanskrit>yat</sanskrit>
		<indonesian>dengan itu</indonesian>
	</word>	<word>
		<sanskrit>manaḥ</sanskrit>
		<indonesian>pikiran</indonesian>
	</word>	<word>
		<sanskrit>anuvidhīyate</sanskrit>
		<indonesian>sibuk senantiasa</indonesian>
	</word>	<word>
		<sanskrit>tat</sanskrit>
		<indonesian>itu</indonesian>
	</word>	<word>
		<sanskrit>asya</sanskrit>
		<indonesian>milik dia</indonesian>
	</word>	<word>
		<sanskrit>harati</sanskrit>
		<indonesian>melarikan</indonesian>
	</word>	<word>
		<sanskrit>prajñām</sanskrit>
		<indonesian>kecerdasan</indonesian>
	</word>	<word>
		<sanskrit>vāyuḥ</sanskrit>
		<indonesian>angin</indonesian>
	</word>	<word>
		<sanskrit>nāvam</sanskrit>
		<indonesian>sebuah perahu</indonesian>
	</word>	<word>
		<sanskrit>ivā</sanskrit>
		<indonesian>ibarat</indonesian>
	</word>	<word>
		<sanskrit>ambhasi</sanskrit>
		<indonesian>pada permukaan air.</indonesian>
	</word>	<word>
		<sanskrit>tasmāt</sanskrit>
		<indonesian>karena itu</indonesian>
	</word>	<word>
		<sanskrit>yasya</sanskrit>
		<indonesian>milik orang yang</indonesian>
	</word>	<word>
		<sanskrit>mahā-bāho</sanskrit>
		<indonesian>wahai kepribadian yang berlengan perkasa; nig‚hi</indonesian>
	</word>	<word>
		<sanskrit>tāni</sanskrit>
		<indonesian>ditaklukkan dengan cara seperti itu</indonesian>
	</word>	<word>
		<sanskrit>sarvāsaḥ</sanskrit>
		<indonesian>di berbagai sisi</indonesian>
	</word>	<word>
		<sanskrit>indriyāṇi</sanskrit>
		<indonesian>indera-indera</indonesian>
	</word>	<word>
		<sanskrit>indriya-arthebhyaḥ</sanskrit>
		<indonesian>dari obyek-obyek indera itu</indonesian>
	</word>	<word>
		<sanskrit>tasya</sanskrit>
		<indonesian>milik dia</indonesian>
	</word>	<word>
		<sanskrit>prajñā</sanskrit>
		<indonesian>kecerdasan</indonesian>
	</word>	<word>
		<sanskrit>pratiṣṭhitā</sanskrit>
		<indonesian>mantap.</indonesian>
	</word>	<word>
		<sanskrit>yā</sanskrit>
		<indonesian>apa</indonesian>
	</word>	<word>
		<sanskrit>niśā</sanskrit>
		<indonesian>menjadi malam hari</indonesian>
	</word>	<word>
		<sanskrit>sarva</sanskrit>
		<indonesian>semua</indonesian>
	</word>	<word>
		<sanskrit>bhūtānām</sanskrit>
		<indonesian>bagi para makhluk hidup</indonesian>
	</word>	<word>
		<sanskrit>tasyām</sanskrit>
		<indonesian>dalam hal tersebut</indonesian>
	</word>	<word>
		<sanskrit>jāgrati</sanskrit>
		<indonesian>sadar</indonesian>
	</word>	<word>
		<sanskrit>saḿyamī</sanskrit>
		<indonesian>orang yang mengendalikan diri</indonesian>
	</word>	<word>
		<sanskrit>yasyām</sanskrit>
		<indonesian>di dalamnya</indonesian>
	</word>	<word>
		<sanskrit>jāgrati</sanskrit>
		<indonesian>sadar</indonesian>
	</word>	<word>
		<sanskrit>bhūtāni</sanskrit>
		<indonesian>semua makhluk</indonesian>
	</word>	<word>
		<sanskrit>sa</sanskrit>
		<indonesian>itu yang</indonesian>
	</word>	<word>
		<sanskrit>niśā</sanskrit>
		<indonesian>malam hari</indonesian>
	</word>	<word>
		<sanskrit>paśyataḥ</sanskrit>
		<indonesian>bagi orang yang mawas diri</indonesian>
	</word>	<word>
		<sanskrit>muneḥ</sanskrit>
		<indonesian>resi.</indonesian>
	</word>	<word>
		<sanskrit>āpūryamāṇam</sanskrit>
		<indonesian>selalu dipenuhi</indonesian>
	</word>	<word>
		<sanskrit>acala-pratiṣṭham</sanskrit>
		<indonesian>terletak secara mantap</indonesian>
	</word>	<word>
		<sanskrit>samudram</sanskrit>
		<indonesian>lautan</indonesian>
	</word>	<word>
		<sanskrit>āpaḥ</sanskrit>
		<indonesian>air</indonesian>
	</word>	<word>
		<sanskrit>praviśanti</sanskrit>
		<indonesian>masuk</indonesian>
	</word>	<word>
		<sanskrit>yadvat</sanskrit>
		<indonesian>seperti</indonesian>
	</word>	<word>
		<sanskrit>tadvat</sanskrit>
		<indonesian>demikian</indonesian>
	</word>	<word>
		<sanskrit>kāmaḥ</sanskrit>
		<indonesian>keinginan</indonesian>
	</word>	<word>
		<sanskrit>yam</sanskrit>
		<indonesian>kepada siapa</indonesian>
	</word>	<word>
		<sanskrit>praviśanti</sanskrit>
		<indonesian>masuk</indonesian>
	</word>	<word>
		<sanskrit>sarve</sanskrit>
		<indonesian>semua</indonesian>
	</word>	<word>
		<sanskrit>saḥ</sanskrit>
		<indonesian>orang itu</indonesian>
	</word>	<word>
		<sanskrit>śāntim</sanskrit>
		<indonesian>kedamaian</indonesian>
	</word>	<word>
		<sanskrit>āpnoti</sanskrit>
		<indonesian>mencapai</indonesian>
	</word>	<word>
		<sanskrit>na</sanskrit>
		<indonesian>tidak</indonesian>
	</word>	<word>
		<sanskrit>kāma-kāmī</sanskrit>
		<indonesian>orang yang ingin memenuhi keinginan.</indonesian>
	</word>	<word>
		<sanskrit>vihāya</sanskrit>
		<indonesian>meninggalkan</indonesian>
	</word>	<word>
		<sanskrit>kāmān</sanskrit>
		<indonesian>keinginan duniawi untuk kepuasan indera-indera</indonesian>
	</word>	<word>
		<sanskrit>yaḥ</sanskrit>
		<indonesian>siapa</indonesian>
	</word>	<word>
		<sanskrit>sarvān</sanskrit>
		<indonesian>semua</indonesian>
	</word>	<word>
		<sanskrit>pumān</sanskrit>
		<indonesian>seseorang</indonesian>
	</word>	<word>
		<sanskrit>carati</sanskrit>
		<indonesian>hidup</indonesian>
	</word>	<word>
		<sanskrit>niḥspṛhaḥ</sanskrit>
		<indonesian>bebas dari keinginan</indonesian>
	</word>	<word>
		<sanskrit>nirmamaḥ</sanskrit>
		<indonesian>bebas dari rasa memiliki sesuatu</indonesian>
	</word>	<word>
		<sanskrit>nirahańkāraḥ</sanskrit>
		<indonesian>bebas dari keakuan palsu</indonesian>
	</word>	<word>
		<sanskrit>saḥ</sanskrit>
		<indonesian>dia</indonesian>
	</word>	<word>
		<sanskrit>śāntim</sanskrit>
		<indonesian>kedamaian yang sempurna</indonesian>
	</word>	<word>
		<sanskrit>adhigacchati</sanskrit>
		<indonesian>mencapai.</indonesian>
	</word>	<word>
		<sanskrit>eṣā</sanskrit>
		<indonesian>ini</indonesian>
	</word>	<word>
		<sanskrit>brahma</sanskrit>
		<indonesian>rohani</indonesian>
	</word>	<word>
		<sanskrit>sthitiḥ</sanskrit>
		<indonesian>keadaan</indonesian>
	</word>	<word>
		<sanskrit>pārtha</sanskrit>
		<indonesian>wahai putera</indonesian>
	</word>	<word>
		<sanskrit>Pṛthā</sanskrit>
		<indonesian></indonesian>
	</word>	<word>
		<sanskrit>na</sanskrit>
		<indonesian>tidak pernah</indonesian>
	</word>	<word>
		<sanskrit>enam</sanskrit>
		<indonesian>ini</indonesian>
	</word>	<word>
		<sanskrit>prāpya</sanskrit>
		<indonesian>mencapai</indonesian>
	</word>	<word>
		<sanskrit>vimuhyāti</sanskrit>
		<indonesian>seseorang dibingungkan</indonesian>
	</word>	<word>
		<sanskrit>sthitvā</sanskrit>
		<indonesian>menjadi mantap</indonesian>
	</word>	<word>
		<sanskrit>asyām</sanskrit>
		<indonesian>dalam ini</indonesian>
	</word>	<word>
		<sanskrit>anta-kāle</sanskrit>
		<indonesian>pada akhir hidup</indonesian>
	</word>	<word>
		<sanskrit>api</sanskrit>
		<indonesian>juga</indonesian>
	</word>	<word>
		<sanskrit>brahma-nirvāṇam</sanskrit>
		<indonesian>kerajaan rohani Tuhan</indonesian>
	</word>	<word>
		<sanskrit>ṛcchati</sanskrit>
		<indonesian>seseorang mencapai.</indonesian>
	</word></root>