<?xml version="1.0" encoding="UTF-8"?>
<root>	<word>
		<sanskrit>Śrī-bhagavān uvāca</sanskrit>
		<indonesian/>
	</word>	<word>
		<sanskrit>param</sanskrit>
		<indonesian>rohani</indonesian>
	</word>	<word>
		<sanskrit>bhūyaḥ</sanskrit>
		<indonesian>lagi</indonesian>
	</word>	<word>
		<sanskrit>pravakṣyāmi</sanskrit>
		<indonesian>Aku akan bersabda</indonesian>
	</word>	<word>
		<sanskrit>jñānānām</sanskrit>
		<indonesian>diantara segala pengetahuan</indonesian>
	</word>	<word>
		<sanskrit>jñānam</sanskrit>
		<indonesian>pengetahuan</indonesian>
	</word>	<word>
		<sanskrit>uttamām</sanskrit>
		<indonesian>paling utama</indonesian>
	</word>	<word>
		<sanskrit>yat</sanskrit>
		<indonesian>yang</indonesian>
	</word>	<word>
		<sanskrit>jñātvā</sanskrit>
		<indonesian>dengan mengetahui</indonesian>
	</word>	<word>
		<sanskrit>munayaḥ</sanskrit>
		<indonesian>para resi</indonesian>
	</word>	<word>
		<sanskrit>sarve</sanskrit>
		<indonesian>semua</indonesian>
	</word>	<word>
		<sanskrit>param</sanskrit>
		<indonesian>rohani</indonesian>
	</word>	<word>
		<sanskrit>siddhim</sanskrit>
		<indonesian>kesempurnaan</indonesian>
	</word>	<word>
		<sanskrit>itaḥ</sanskrit>
		<indonesian>dari dunia ini</indonesian>
	</word>	<word>
		<sanskrit>gatāḥ</sanskrit>
		<indonesian>mencapai.</indonesian>
	</word>	<word>
		<sanskrit>idam</sanskrit>
		<indonesian>ini</indonesian>
	</word>	<word>
		<sanskrit>jñānam</sanskrit>
		<indonesian>pengetahuan</indonesian>
	</word>	<word>
		<sanskrit>upāśritya</sanskrit>
		<indonesian>berlindung kepada</indonesian>
	</word>	<word>
		<sanskrit>mama</sanskrit>
		<indonesian>milik-Ku</indonesian>
	</word>	<word>
		<sanskrit>sādharmyam</sanskrit>
		<indonesian>sifat yang sama</indonesian>
	</word>	<word>
		<sanskrit>āgatāḥ</sanskrit>
		<indonesian>setelah mencapai</indonesian>
	</word>	<word>
		<sanskrit>sarge api</sanskrit>
		<indonesian>bahkan di dalam ciptaan</indonesian>
	</word>	<word>
		<sanskrit>na</sanskrit>
		<indonesian>tidak pernah</indonesian>
	</word>	<word>
		<sanskrit>upajāyante</sanskrit>
		<indonesian>dilahirkan</indonesian>
	</word>	<word>
		<sanskrit>pralaye</sanskrit>
		<indonesian>dalam peleburan</indonesian>
	</word>	<word>
		<sanskrit>na</sanskrit>
		<indonesian>tidak juga</indonesian>
	</word>	<word>
		<sanskrit>vyathanti</sanskrit>
		<indonesian>digoyahkan</indonesian>
	</word>	<word>
		<sanskrit>ca</sanskrit>
		<indonesian>juga.</indonesian>
	</word>	<word>
		<sanskrit>mama</sanskrit>
		<indonesian>milik-Ku</indonesian>
	</word>	<word>
		<sanskrit>yoniḥ</sanskrit>
		<indonesian>sumber kelahiran</indonesian>
	</word>	<word>
		<sanskrit>mahat</sanskrit>
		<indonesian>seluruh keberadaan material</indonesian>
	</word>	<word>
		<sanskrit>brahma</sanskrit>
		<indonesian>paling tama</indonesian>
	</word>	<word>
		<sanskrit>tasmin</sanskrit>
		<indonesian>dalam itu</indonesian>
	</word>	<word>
		<sanskrit>garbham</sanskrit>
		<indonesian>hamil</indonesian>
	</word>	<word>
		<sanskrit>dadhāmi</sanskrit>
		<indonesian>menciptakan</indonesian>
	</word>	<word>
		<sanskrit>aham</sanskrit>
		<indonesian>Aku</indonesian>
	</word>	<word>
		<sanskrit>sambhavaḥ</sanskrit>
		<indonesian>kemungkinan</indonesian>
	</word>	<word>
		<sanskrit>sarva-bhūtānām</sanskrit>
		<indonesian>di antara semua makhluk hidup</indonesian>
	</word>	<word>
		<sanskrit>tataḥ</sanskrit>
		<indonesian>sesudah itu</indonesian>
	</word>	<word>
		<sanskrit>bhavati</sanskrit>
		<indonesian>menjadi</indonesian>
	</word>	<word>
		<sanskrit>bhārata</sanskrit>
		<indonesian>wahai putera</indonesian>
	</word>	<word>
		<sanskrit>Bhārata</sanskrit>
		<indonesian>.</indonesian>
	</word>	<word>
		<sanskrit>sarva-yoniṣu</sanskrit>
		<indonesian>di dalam segala jenis kehidupan</indonesian>
	</word>	<word>
		<sanskrit>kaunteya</sanskrit>
		<indonesian>wahai putera</indonesian>
	</word>	<word>
		<sanskrit>Kuntī</sanskrit>
		<indonesian></indonesian>
	</word>	<word>
		<sanskrit>mūrtayaḥ</sanskrit>
		<indonesian>bentuk-bentuk</indonesian>
	</word>	<word>
		<sanskrit>sambhavānti</sanskrit>
		<indonesian>mereka muncul</indonesian>
	</word>	<word>
		<sanskrit>yaḥ</sanskrit>
		<indonesian>yang</indonesian>
	</word>	<word>
		<sanskrit>tāsām</sanskrit>
		<indonesian>dari semua</indonesian>
	</word>	<word>
		<sanskrit>brahma</sanskrit>
		<indonesian>Yang Mahakuasa</indonesian>
	</word>	<word>
		<sanskrit>mahat yoniḥ</sanskrit>
		<indonesian>sumber kelahiran dalam bahan material</indonesian>
	</word>	<word>
		<sanskrit>aham</sanskrit>
		<indonesian>Aku</indonesian>
	</word>	<word>
		<sanskrit>bīja-pradaḥ</sanskrit>
		<indonesian>yang memberi benih</indonesian>
	</word>	<word>
		<sanskrit>pitā</sanskrit>
		<indonesian>ayah.</indonesian>
	</word>	<word>
		<sanskrit>sattvām</sanskrit>
		<indonesian>sifat kebaikan</indonesian>
	</word>	<word>
		<sanskrit>rājāḥ</sanskrit>
		<indonesian>sifat nafsu</indonesian>
	</word>	<word>
		<sanskrit>tamaḥ</sanskrit>
		<indonesian>sifat kebodohan</indonesian>
	</word>	<word>
		<sanskrit>iti</sanskrit>
		<indonesian>demikian</indonesian>
	</word>	<word>
		<sanskrit>guṇāḥ</sanskrit>
		<indonesian>sifat-sifat</indonesian>
	</word>	<word>
		<sanskrit>prakṛti</sanskrit>
		<indonesian>alam material</indonesian>
	</word>	<word>
		<sanskrit>sambhavaḥ</sanskrit>
		<indonesian>dihasilkan dari</indonesian>
	</word>	<word>
		<sanskrit>nibadhnanti</sanskrit>
		<indonesian>mengikat</indonesian>
	</word>	<word>
		<sanskrit>mahā-bāho</sanskrit>
		<indonesian>wahai kepribadian yang berlengan perkasa</indonesian>
	</word>	<word>
		<sanskrit>dehe</sanskrit>
		<indonesian>dalam badan ini</indonesian>
	</word>	<word>
		<sanskrit>dehinam</sanskrit>
		<indonesian>makhluk hidup</indonesian>
	</word>	<word>
		<sanskrit>avyayām</sanskrit>
		<indonesian>kekal.</indonesian>
	</word>	<word>
		<sanskrit>tatra</sanskrit>
		<indonesian>di sana</indonesian>
	</word>	<word>
		<sanskrit>sattvām</sanskrit>
		<indonesian>sifat kebaikan</indonesian>
	</word>	<word>
		<sanskrit>nirmalatvāt</sanskrit>
		<indonesian>karena paling murni di dunia material</indonesian>
	</word>	<word>
		<sanskrit>prakāśakam</sanskrit>
		<indonesian>menerangi</indonesian>
	</word>	<word>
		<sanskrit>anāmayam</sanskrit>
		<indonesian>tanpa reaksi dosa apa pun</indonesian>
	</word>	<word>
		<sanskrit>sukha</sanskrit>
		<indonesian>dengan kebahagiaan</indonesian>
	</word>	<word>
		<sanskrit>sańgena</sanskrit>
		<indonesian>oleh pergaulan</indonesian>
	</word>	<word>
		<sanskrit>badhnāti</sanskrit>
		<indonesian>mengikat</indonesian>
	</word>	<word>
		<sanskrit>jñāna</sanskrit>
		<indonesian>dengan pengetahuan</indonesian>
	</word>	<word>
		<sanskrit>sańgena</sanskrit>
		<indonesian>oleh pergaulan</indonesian>
	</word>	<word>
		<sanskrit>ca</sanskrit>
		<indonesian>juga</indonesian>
	</word>	<word>
		<sanskrit>anagha</sanskrit>
		<indonesian>wahai kepribadian yang tidak berdosa.</indonesian>
	</word>	<word>
		<sanskrit>rājāḥ</sanskrit>
		<indonesian>nafsu</indonesian>
	</word>	<word>
		<sanskrit>rāga-ātmakam</sanskrit>
		<indonesian>dilahirkan dari keinginan atau hawa nafsu</indonesian>
	</word>	<word>
		<sanskrit>viddhi</sanskrit>
		<indonesian>mengetahui</indonesian>
	</word>	<word>
		<sanskrit>tṛṣṇā</sanskrit>
		<indonesian>dengan hasrat</indonesian>
	</word>	<word>
		<sanskrit>sańga</sanskrit>
		<indonesian>pergaulan</indonesian>
	</word>	<word>
		<sanskrit>samudbhavam</sanskrit>
		<indonesian>dihasilkan dari</indonesian>
	</word>	<word>
		<sanskrit>tat</sanskrit>
		<indonesian>itu</indonesian>
	</word>	<word>
		<sanskrit>nibadhnāti</sanskrit>
		<indonesian>mengikat</indonesian>
	</word>	<word>
		<sanskrit>kaunteya</sanskrit>
		<indonesian>wahai putera</indonesian>
	</word>	<word>
		<sanskrit>Kuntī</sanskrit>
		<indonesian></indonesian>
	</word>	<word>
		<sanskrit>karma-sańgena</sanskrit>
		<indonesian>oleh pergaulan dengan kegiatan yang dimaksudkan untuk dapat membuahkan hasil atau pahala</indonesian>
	</word>	<word>
		<sanskrit>dehinam</sanskrit>
		<indonesian>makhluk yang berada di dalam badan.</indonesian>
	</word>	<word>
		<sanskrit>tamaḥ</sanskrit>
		<indonesian>sifat kebodohan</indonesian>
	</word>	<word>
		<sanskrit>tu</sanskrit>
		<indonesian>tetapi</indonesian>
	</word>	<word>
		<sanskrit>ajñāna-jam</sanskrit>
		<indonesian>dihasilkan dari kebodohan</indonesian>
	</word>	<word>
		<sanskrit>viddhi</sanskrit>
		<indonesian>ketahuilah</indonesian>
	</word>	<word>
		<sanskrit>mohanam</sanskrit>
		<indonesian>khayalan</indonesian>
	</word>	<word>
		<sanskrit>sarva-dehinam</sanskrit>
		<indonesian>terhadap semua makhluk yang mempunyai badan</indonesian>
	</word>	<word>
		<sanskrit>pramāda</sanskrit>
		<indonesian>dengan goncangan jiwa</indonesian>
	</word>	<word>
		<sanskrit>ālasya</sanskrit>
		<indonesian>sifat malas</indonesian>
	</word>	<word>
		<sanskrit>nidrābhiḥ</sanskrit>
		<indonesian>dan kecenderungan untuk tidur</indonesian>
	</word>	<word>
		<sanskrit>tat</sanskrit>
		<indonesian>itu</indonesian>
	</word>	<word>
		<sanskrit>nibadhnāti</sanskrit>
		<indonesian>mengikat</indonesian>
	</word>	<word>
		<sanskrit>bhārata</sanskrit>
		<indonesian>wahai putera</indonesian>
	</word>	<word>
		<sanskrit>Bhārata</sanskrit>
		<indonesian>.</indonesian>
	</word>	<word>
		<sanskrit>sattvām</sanskrit>
		<indonesian>sifat kebaikan</indonesian>
	</word>	<word>
		<sanskrit>sukhe</sanskrit>
		<indonesian>dalam kebahagiaan</indonesian>
	</word>	<word>
		<sanskrit>sañjayati</sanskrit>
		<indonesian>mengikat</indonesian>
	</word>	<word>
		<sanskrit>rājāḥ</sanskrit>
		<indonesian>sifat nafsu</indonesian>
	</word>	<word>
		<sanskrit>karmaṇi</sanskrit>
		<indonesian>dalam kegiatan untuk membuahkan hasil</indonesian>
	</word>	<word>
		<sanskrit>bhārata</sanskrit>
		<indonesian>wahai putera</indonesian>
	</word>	<word>
		<sanskrit>Bhārata</sanskrit>
		<indonesian></indonesian>
	</word>	<word>
		<sanskrit>jñānam</sanskrit>
		<indonesian>pengetahuan</indonesian>
	</word>	<word>
		<sanskrit>āvṛtya</sanskrit>
		<indonesian>menutupi</indonesian>
	</word>	<word>
		<sanskrit>tu</sanskrit>
		<indonesian>tetapi</indonesian>
	</word>	<word>
		<sanskrit>tamaḥ</sanskrit>
		<indonesian>sifat kebodohan</indonesian>
	</word>	<word>
		<sanskrit>pramāde</sanskrit>
		<indonesian>dalam keadaan gila</indonesian>
	</word>	<word>
		<sanskrit>sañjayati</sanskrit>
		<indonesian>mengikat</indonesian>
	</word>	<word>
		<sanskrit>uta</sanskrit>
		<indonesian>dikatakan.</indonesian>
	</word>	<word>
		<sanskrit>rājāḥ</sanskrit>
		<indonesian>sifat nafsu</indonesian>
	</word>	<word>
		<sanskrit>tamaḥ</sanskrit>
		<indonesian>sifat kebodohan</indonesian>
	</word>	<word>
		<sanskrit>ca</sanskrit>
		<indonesian>juga</indonesian>
	</word>	<word>
		<sanskrit>abhibhūya</sanskrit>
		<indonesian>mengatasi</indonesian>
	</word>	<word>
		<sanskrit>sattvām</sanskrit>
		<indonesian>sifat kebaikan</indonesian>
	</word>	<word>
		<sanskrit>bhavati</sanskrit>
		<indonesian>menonjol</indonesian>
	</word>	<word>
		<sanskrit>bhārata</sanskrit>
		<indonesian>wahai putera</indonesian>
	</word>	<word>
		<sanskrit>Bhārata</sanskrit>
		<indonesian></indonesian>
	</word>	<word>
		<sanskrit>rājāḥ</sanskrit>
		<indonesian>sifat nafsu</indonesian>
	</word>	<word>
		<sanskrit>sattvām</sanskrit>
		<indonesian>sifat kebaikan</indonesian>
	</word>	<word>
		<sanskrit>tamaḥ</sanskrit>
		<indonesian>sifat kebodohan</indonesian>
	</word>	<word>
		<sanskrit>ca</sanskrit>
		<indonesian>juga</indonesian>
	</word>	<word>
		<sanskrit>evā</sanskrit>
		<indonesian>seperti itu</indonesian>
	</word>	<word>
		<sanskrit>tamaḥ</sanskrit>
		<indonesian>sifat kebodohan</indonesian>
	</word>	<word>
		<sanskrit>sattvām</sanskrit>
		<indonesian>sifat kebaikan</indonesian>
	</word>	<word>
		<sanskrit>rājāḥ</sanskrit>
		<indonesian>sifat nafsu</indonesian>
	</word>	<word>
		<sanskrit>tathā</sanskrit>
		<indonesian>demikian.</indonesian>
	</word>	<word>
		<sanskrit>sarva-dvāreṣu</sanskrit>
		<indonesian>di semua pintu gerbang</indonesian>
	</word>	<word>
		<sanskrit>dehe asmin</sanskrit>
		<indonesian>dalam badan ini</indonesian>
	</word>	<word>
		<sanskrit>prakāśaḥ</sanskrit>
		<indonesian>sifat terang</indonesian>
	</word>	<word>
		<sanskrit>upajāyate</sanskrit>
		<indonesian>berkembang</indonesian>
	</word>	<word>
		<sanskrit>jñānam</sanskrit>
		<indonesian>pengetahuan</indonesian>
	</word>	<word>
		<sanskrit>yadā</sanskrit>
		<indonesian>apabila</indonesian>
	</word>	<word>
		<sanskrit>tadā</sanskrit>
		<indonesian>pada waktu itu</indonesian>
	</word>	<word>
		<sanskrit>vidyāt</sanskrit>
		<indonesian>mengetahui</indonesian>
	</word>	<word>
		<sanskrit>vivṛddham</sanskrit>
		<indonesian>meningkat</indonesian>
	</word>	<word>
		<sanskrit>sattvām</sanskrit>
		<indonesian>sifat kebaikan</indonesian>
	</word>	<word>
		<sanskrit>iti uta</sanskrit>
		<indonesian>dinyatakan demikian.</indonesian>
	</word>	<word>
		<sanskrit>lobhāḥ</sanskrit>
		<indonesian>loba</indonesian>
	</word>	<word>
		<sanskrit>pravṛttiḥ</sanskrit>
		<indonesian>kegiatan</indonesian>
	</word>	<word>
		<sanskrit>ārambhaḥ</sanskrit>
		<indonesian>usaha</indonesian>
	</word>	<word>
		<sanskrit>karmaṇām</sanskrit>
		<indonesian>di dalam kegiatan</indonesian>
	</word>	<word>
		<sanskrit>aśamaḥ</sanskrit>
		<indonesian>tidak dapat dikendalikan</indonesian>
	</word>	<word>
		<sanskrit>spṛhā</sanskrit>
		<indonesian>keinginan</indonesian>
	</word>	<word>
		<sanskrit>rājāsi</sanskrit>
		<indonesian>dari sifat nafsu</indonesian>
	</word>	<word>
		<sanskrit>etāni</sanskrit>
		<indonesian>semua ini</indonesian>
	</word>	<word>
		<sanskrit>jāyante</sanskrit>
		<indonesian>berkembang</indonesian>
	</word>	<word>
		<sanskrit>vivṛddhe</sanskrit>
		<indonesian>bila ada kelebihan</indonesian>
	</word>	<word>
		<sanskrit>bhārata-ṛṣabha</sanskrit>
		<indonesian>wahai yang paling utama di antara para putera keturunan</indonesian>
	</word>	<word>
		<sanskrit>Bhārata</sanskrit>
		<indonesian>.</indonesian>
	</word>	<word>
		<sanskrit>aprakāśaḥ</sanskrit>
		<indonesian>kegelapan</indonesian>
	</word>	<word>
		<sanskrit>apravṛttiḥ</sanskrit>
		<indonesian>tidak melakukan kegiatan</indonesian>
	</word>	<word>
		<sanskrit>ca</sanskrit>
		<indonesian>dan</indonesian>
	</word>	<word>
		<sanskrit>pramādaḥ</sanskrit>
		<indonesian>kegilaan</indonesian>
	</word>	<word>
		<sanskrit>mohaḥ</sanskrit>
		<indonesian>khayalan</indonesian>
	</word>	<word>
		<sanskrit>evā</sanskrit>
		<indonesian>pasti</indonesian>
	</word>	<word>
		<sanskrit>ca</sanskrit>
		<indonesian>juga</indonesian>
	</word>	<word>
		<sanskrit>tamasi</sanskrit>
		<indonesian>sifat kebodohan</indonesian>
	</word>	<word>
		<sanskrit>etāni</sanskrit>
		<indonesian>ini</indonesian>
	</word>	<word>
		<sanskrit>jāyante</sanskrit>
		<indonesian>diwujudkan</indonesian>
	</word>	<word>
		<sanskrit>vivṛddhe</sanskrit>
		<indonesian>dikembangkan</indonesian>
	</word>	<word>
		<sanskrit>kuru-nandana</sanskrit>
		<indonesian>wahai putera Kuru.</indonesian>
	</word>	<word>
		<sanskrit>yadā</sanskrit>
		<indonesian>apabila</indonesian>
	</word>	<word>
		<sanskrit>sattve</sanskrit>
		<indonesian>sifat kebaikan</indonesian>
	</word>	<word>
		<sanskrit>pravṛddhe</sanskrit>
		<indonesian>dikembangkan</indonesian>
	</word>	<word>
		<sanskrit>tu</sanskrit>
		<indonesian>tetapi</indonesian>
	</word>	<word>
		<sanskrit>pralayam</sanskrit>
		<indonesian>peleburan</indonesian>
	</word>	<word>
		<sanskrit>yāti</sanskrit>
		<indonesian>pergi</indonesian>
	</word>	<word>
		<sanskrit>deha-bhṛt</sanskrit>
		<indonesian>dia yang berada di dalam badan</indonesian>
	</word>	<word>
		<sanskrit>tadā</sanskrit>
		<indonesian>pada waktu itu</indonesian>
	</word>	<word>
		<sanskrit>uttama-vidām</sanskrit>
		<indonesian>milik para resi yang mulia</indonesian>
	</word>	<word>
		<sanskrit>lokān</sanskrit>
		<indonesian>planet-planet</indonesian>
	</word>	<word>
		<sanskrit>amalān</sanskrit>
		<indonesian>murni</indonesian>
	</word>	<word>
		<sanskrit>pratipadyate</sanskrit>
		<indonesian>mencapai.</indonesian>
	</word>	<word>
		<sanskrit>rājāsi</sanskrit>
		<indonesian>dalam nafsu</indonesian>
	</word>	<word>
		<sanskrit>pralayam</sanskrit>
		<indonesian>peleburan</indonesian>
	</word>	<word>
		<sanskrit>gatvā</sanskrit>
		<indonesian>dengan mencapai</indonesian>
	</word>	<word>
		<sanskrit>karma-sańgiṣu</sanskrit>
		<indonesian>dalam pergaulan orang yang sibuk dalam kegiatan untuk membuahkan hasil</indonesian>
	</word>	<word>
		<sanskrit>jāyate</sanskrit>
		<indonesian>dilahirkan</indonesian>
	</word>	<word>
		<sanskrit>tathā</sanskrit>
		<indonesian>seperti itu pula</indonesian>
	</word>	<word>
		<sanskrit>pralīnaḥ</sanskrit>
		<indonesian>dengan dilebur</indonesian>
	</word>	<word>
		<sanskrit>tamasi</sanskrit>
		<indonesian>dalam kebodohan</indonesian>
	</word>	<word>
		<sanskrit>mūḍha-yoniṣu</sanskrit>
		<indonesian>dalam jenis kehidupan sebagai binatang</indonesian>
	</word>	<word>
		<sanskrit>jāyate</sanskrit>
		<indonesian>dilahirkan.</indonesian>
	</word>	<word>
		<sanskrit>karmaṇaḥ</sanskrit>
		<indonesian>tentang pekerjaan</indonesian>
	</word>	<word>
		<sanskrit>su-kṛtasya</sanskrit>
		<indonesian>saleh</indonesian>
	</word>	<word>
		<sanskrit>āhuḥ</sanskrit>
		<indonesian>dikatakan</indonesian>
	</word>	<word>
		<sanskrit>sāttvikam</sanskrit>
		<indonesian>dalam sifat kebaikan</indonesian>
	</word>	<word>
		<sanskrit>nirmalam</sanskrit>
		<indonesian>disucikan</indonesian>
	</word>	<word>
		<sanskrit>phalam</sanskrit>
		<indonesian>hasil</indonesian>
	</word>	<word>
		<sanskrit>rājā saḥ</sanskrit>
		<indonesian>dari sifat nafsu</indonesian>
	</word>	<word>
		<sanskrit>tu</sanskrit>
		<indonesian>tetapi</indonesian>
	</word>	<word>
		<sanskrit>phalam</sanskrit>
		<indonesian>hasil</indonesian>
	</word>	<word>
		<sanskrit>duḥkham</sanskrit>
		<indonesian>dukacita</indonesian>
	</word>	<word>
		<sanskrit>ajñānām</sanskrit>
		<indonesian>hal-hal yang tidak-tidak</indonesian>
	</word>	<word>
		<sanskrit>tamasaḥ</sanskrit>
		<indonesian>dari sifat kebodohan</indonesian>
	</word>	<word>
		<sanskrit>phalam</sanskrit>
		<indonesian>hasil.</indonesian>
	</word>	<word>
		<sanskrit>sattvāt</sanskrit>
		<indonesian>dari sifat kebaikan</indonesian>
	</word>	<word>
		<sanskrit>sañjāyate</sanskrit>
		<indonesian>berkembang</indonesian>
	</word>	<word>
		<sanskrit>jñānam</sanskrit>
		<indonesian>pengetahuan</indonesian>
	</word>	<word>
		<sanskrit>rājā saḥ</sanskrit>
		<indonesian>dari sifat kebodohan</indonesian>
	</word>	<word>
		<sanskrit>lobhāḥ</sanskrit>
		<indonesian>loba</indonesian>
	</word>	<word>
		<sanskrit>evā</sanskrit>
		<indonesian>pasti</indonesian>
	</word>	<word>
		<sanskrit>ca</sanskrit>
		<indonesian>juga</indonesian>
	</word>	<word>
		<sanskrit>pramāda</sanskrit>
		<indonesian>sifat gila</indonesian>
	</word>	<word>
		<sanskrit>mohau</sanskrit>
		<indonesian>dan khayalan</indonesian>
	</word>	<word>
		<sanskrit>tamasaḥ</sanskrit>
		<indonesian>dari sifat kebodohan</indonesian>
	</word>	<word>
		<sanskrit>bhavataḥ</sanskrit>
		<indonesian>berkembang</indonesian>
	</word>	<word>
		<sanskrit>ajñānām</sanskrit>
		<indonesian>hal-hal yang tidaktidak</indonesian>
	</word>	<word>
		<sanskrit>evā</sanskrit>
		<indonesian>pasti</indonesian>
	</word>	<word>
		<sanskrit>ca</sanskrit>
		<indonesian>juga.</indonesian>
	</word>	<word>
		<sanskrit>ūrdhvam</sanskrit>
		<indonesian>ke atas</indonesian>
	</word>	<word>
		<sanskrit>gacchanti</sanskrit>
		<indonesian>pergi</indonesian>
	</word>	<word>
		<sanskrit>sattva-sthāḥ</sanskrit>
		<indonesian>orang yang berada dalam sifat kebaikan</indonesian>
	</word>	<word>
		<sanskrit>madhye</sanskrit>
		<indonesian>di tengah</indonesian>
	</word>	<word>
		<sanskrit>tiṣṭhanti</sanskrit>
		<indonesian>tinggal</indonesian>
	</word>	<word>
		<sanskrit>rājasāḥ</sanskrit>
		<indonesian>orang yang berada dalam sifat kebaikan</indonesian>
	</word>	<word>
		<sanskrit>jaghanya</sanskrit>
		<indonesian>dari yang jijik</indonesian>
	</word>	<word>
		<sanskrit>guṇa</sanskrit>
		<indonesian>sifat</indonesian>
	</word>	<word>
		<sanskrit>vṛtti-sthāḥ</sanskrit>
		<indonesian>yang pencahariannya</indonesian>
	</word>	<word>
		<sanskrit>adhaḥ</sanskrit>
		<indonesian>ke bawah</indonesian>
	</word>	<word>
		<sanskrit>gacchanti</sanskrit>
		<indonesian>pergi</indonesian>
	</word>	<word>
		<sanskrit>tamasaḥ</sanskrit>
		<indonesian>orang yang berada dalam sifat kebodohan.</indonesian>
	</word>	<word>
		<sanskrit>na</sanskrit>
		<indonesian>tidak ada</indonesian>
	</word>	<word>
		<sanskrit>anyam</sanskrit>
		<indonesian>lain</indonesian>
	</word>	<word>
		<sanskrit>guṇebhyaḥ</sanskrit>
		<indonesian>pada sifat-sifat</indonesian>
	</word>	<word>
		<sanskrit>kartāram</sanskrit>
		<indonesian>pelaku</indonesian>
	</word>	<word>
		<sanskrit>yadā</sanskrit>
		<indonesian>bila</indonesian>
	</word>	<word>
		<sanskrit>draṣṭā</sanskrit>
		<indonesian>orang yang melihat</indonesian>
	</word>	<word>
		<sanskrit>anupaśyāti</sanskrit>
		<indonesian>melihat dengan sebenarnya</indonesian>
	</word>	<word>
		<sanskrit>guṇebhyaḥ</sanskrit>
		<indonesian>pada sifat-sifat alam</indonesian>
	</word>	<word>
		<sanskrit>ca</sanskrit>
		<indonesian>dan</indonesian>
	</word>	<word>
		<sanskrit>param</sanskrit>
		<indonesian>rohani</indonesian>
	</word>	<word>
		<sanskrit>vetti</sanskrit>
		<indonesian>mengetahui</indonesian>
	</word>	<word>
		<sanskrit>mat-bhāvam</sanskrit>
		<indonesian>kepada alam rohani-Ku</indonesian>
	</word>	<word>
		<sanskrit>saḥ</sanskrit>
		<indonesian>dia</indonesian>
	</word>	<word>
		<sanskrit>adhigacchati</sanskrit>
		<indonesian>diangkat.</indonesian>
	</word>	<word>
		<sanskrit>guṇān</sanskrit>
		<indonesian>sifat-sifat</indonesian>
	</word>	<word>
		<sanskrit>etān</sanskrit>
		<indonesian>semua ini</indonesian>
	</word>	<word>
		<sanskrit>atītya</sanskrit>
		<indonesian>melampaui</indonesian>
	</word>	<word>
		<sanskrit>trīn</sanskrit>
		<indonesian>tiga</indonesian>
	</word>	<word>
		<sanskrit>dehī</sanskrit>
		<indonesian>dia yang berada di dalam badan</indonesian>
	</word>	<word>
		<sanskrit>deha</sanskrit>
		<indonesian>badan</indonesian>
	</word>	<word>
		<sanskrit>samudbhavān</sanskrit>
		<indonesian>dihasilkan dari</indonesian>
	</word>	<word>
		<sanskrit>janma</sanskrit>
		<indonesian>dari kelahiran</indonesian>
	</word>	<word>
		<sanskrit>mṛtyu</sanskrit>
		<indonesian>kematian</indonesian>
	</word>	<word>
		<sanskrit>jarā</sanskrit>
		<indonesian>dan usia tua</indonesian>
	</word>	<word>
		<sanskrit>duḥkhaiḥ</sanskrit>
		<indonesian>dukacita</indonesian>
	</word>	<word>
		<sanskrit>vimuktaḥ</sanskrit>
		<indonesian>dengan dibebaskan dari</indonesian>
	</word>	<word>
		<sanskrit>amṛtam</sanskrit>
		<indonesian>minuman kekekalan</indonesian>
	</word>	<word>
		<sanskrit>aśnute</sanskrit>
		<indonesian>dia menikmati.</indonesian>
	</word>	<word>
		<sanskrit>Arjunaḥ uvāca</sanskrit>
		<indonesian>Arjuna berkata</indonesian>
	</word>	<word>
		<sanskrit>kaiḥ</sanskrit>
		<indonesian>oleh yang mana</indonesian>
	</word>	<word>
		<sanskrit>lińgaiḥ</sanskrit>
		<indonesian>tandatan da</indonesian>
	</word>	<word>
		<sanskrit>trīn</sanskrit>
		<indonesian>tiga</indonesian>
	</word>	<word>
		<sanskrit>guṇān</sanskrit>
		<indonesian>sifat-sifat</indonesian>
	</word>	<word>
		<sanskrit>etān</sanskrit>
		<indonesian>semua ini</indonesian>
	</word>	<word>
		<sanskrit>atītaḥ</sanskrit>
		<indonesian>sesudah melampaui</indonesian>
	</word>	<word>
		<sanskrit>bhavati</sanskrit>
		<indonesian>adalah</indonesian>
	</word>	<word>
		<sanskrit>prabho</sanskrit>
		<indonesian>o Tuhan yang hamba hormati</indonesian>
	</word>	<word>
		<sanskrit>kim</sanskrit>
		<indonesian>apa</indonesian>
	</word>	<word>
		<sanskrit>ācāraḥ</sanskrit>
		<indonesian>tingkah laku</indonesian>
	</word>	<word>
		<sanskrit>katham</sanskrit>
		<indonesian>bagaimana</indonesian>
	</word>	<word>
		<sanskrit>ca</sanskrit>
		<indonesian>juga</indonesian>
	</word>	<word>
		<sanskrit>etān</sanskrit>
		<indonesian>ini</indonesian>
	</word>	<word>
		<sanskrit>trīn</sanskrit>
		<indonesian>tiga</indonesian>
	</word>	<word>
		<sanskrit>guṇān</sanskrit>
		<indonesian>sifat-sifat</indonesian>
	</word>	<word>
		<sanskrit>ativartate</sanskrit>
		<indonesian>melampaui.</indonesian>
	</word>	<word>
		<sanskrit>Śrī-bhagavān uvāca</sanskrit>
		<indonesian>Kepribadian Tuhan Yang Maha Esa bersabda</indonesian>
	</word>	<word>
		<sanskrit>prakāśam</sanskrit>
		<indonesian>penerangan</indonesian>
	</word>	<word>
		<sanskrit>ca</sanskrit>
		<indonesian>dan</indonesian>
	</word>	<word>
		<sanskrit>pravṛttim</sanskrit>
		<indonesian>ikatan</indonesian>
	</word>	<word>
		<sanskrit>ca</sanskrit>
		<indonesian>dan</indonesian>
	</word>	<word>
		<sanskrit>moham</sanskrit>
		<indonesian>khayalan</indonesian>
	</word>	<word>
		<sanskrit>eva</sanskrit>
		<indonesian></indonesian>
	</word>	<word>
		<sanskrit>ca</sanskrit>
		<indonesian>juga</indonesian>
	</word>	<word>
		<sanskrit>pāṇḍava</sanskrit>
		<indonesian>wahai putera</indonesian>
	</word>	<word>
		<sanskrit>Pāṇḍu</sanskrit>
		<indonesian></indonesian>
	</word>	<word>
		<sanskrit>na dveṣṭi</sanskrit>
		<indonesian>tidak benci</indonesian>
	</word>	<word>
		<sanskrit>sampravṛttāni</sanskrit>
		<indonesian>walaupun sudah berkembang</indonesian>
	</word>	<word>
		<sanskrit>na nivṛttāni</sanskrit>
		<indonesian>tidak juga menghentikan pengembangan</indonesian>
	</word>	<word>
		<sanskrit>kāńkṣati</sanskrit>
		<indonesian>menginginkan</indonesian>
	</word>	<word>
		<sanskrit>udāsīna-vat</sanskrit>
		<indonesian>seolah-olah netral</indonesian>
	</word>	<word>
		<sanskrit>aśinaḥ</sanskrit>
		<indonesian>mantap</indonesian>
	</word>	<word>
		<sanskrit>guṇaiḥ</sanskrit>
		<indonesian>oleh sifat-sifat</indonesian>
	</word>	<word>
		<sanskrit>yaḥ</sanskrit>
		<indonesian>orang yang</indonesian>
	</word>	<word>
		<sanskrit>na</sanskrit>
		<indonesian>tidak pernah</indonesian>
	</word>	<word>
		<sanskrit>vicālyate</sanskrit>
		<indonesian>digoyahkan</indonesian>
	</word>	<word>
		<sanskrit>guṇāḥ</sanskrit>
		<indonesian>sifat-sifat</indonesian>
	</word>	<word>
		<sanskrit>vartante</sanskrit>
		<indonesian>bertindak; iti</indonesian>
	</word>	<word>
		<sanskrit>evam</sanskrit>
		<indonesian>dengan mengetahui demikian</indonesian>
	</word>	<word>
		<sanskrit>yaḥ</sanskrit>
		<indonesian>orang yang</indonesian>
	</word>	<word>
		<sanskrit>avatiṣṭhati</sanskrit>
		<indonesian>tetap</indonesian>
	</word>	<word>
		<sanskrit>na</sanskrit>
		<indonesian>tidak pernah</indonesian>
	</word>	<word>
		<sanskrit>ińgate</sanskrit>
		<indonesian>berkedip</indonesian>
	</word>	<word>
		<sanskrit>sama</sanskrit>
		<indonesian>merata</indonesian>
	</word>	<word>
		<sanskrit>duḥkha</sanskrit>
		<indonesian>dalam dukacita</indonesian>
	</word>	<word>
		<sanskrit>sukhaḥ</sanskrit>
		<indonesian>dan kebahagiaan</indonesian>
	</word>	<word>
		<sanskrit>sva-sthaḥ</sanskrit>
		<indonesian>dengan menjadi mantap dalam Diri-Nya</indonesian>
	</word>	<word>
		<sanskrit>sama</sanskrit>
		<indonesian>dengan cara yang sama</indonesian>
	</word>	<word>
		<sanskrit>loṣṭa</sanskrit>
		<indonesian>segumpal tanah</indonesian>
	</word>	<word>
		<sanskrit>aśma</sanskrit>
		<indonesian>batu</indonesian>
	</word>	<word>
		<sanskrit>kāñcanaḥ</sanskrit>
		<indonesian>emas</indonesian>
	</word>	<word>
		<sanskrit>tulya</sanskrit>
		<indonesian>bersikap yang sama</indonesian>
	</word>	<word>
		<sanskrit>priya</sanskrit>
		<indonesian>kepada yang dicintai</indonesian>
	</word>	<word>
		<sanskrit>apriyaḥ</sanskrit>
		<indonesian>dan yang tidak diinginkan</indonesian>
	</word>	<word>
		<sanskrit>dhīraḥ</sanskrit>
		<indonesian>mantap</indonesian>
	</word>	<word>
		<sanskrit>tulya</sanskrit>
		<indonesian>sama</indonesian>
	</word>	<word>
		<sanskrit>nindā</sanskrit>
		<indonesian>dalam penghinaan</indonesian>
	</word>	<word>
		<sanskrit>ātma-saḿstutiḥ</sanskrit>
		<indonesian>dan pujian terhadap Diri-Nya</indonesian>
	</word>	<word>
		<sanskrit>māna</sanskrit>
		<indonesian>dalam penghormatan</indonesian>
	</word>	<word>
		<sanskrit>apamānayoḥ</sanskrit>
		<indonesian>dan tidak dihormati</indonesian>
	</word>	<word>
		<sanskrit>tulyaḥ</sanskrit>
		<indonesian>sama</indonesian>
	</word>	<word>
		<sanskrit>tulyaḥ</sanskrit>
		<indonesian>sama</indonesian>
	</word>	<word>
		<sanskrit>mitra</sanskrit>
		<indonesian>tentang kawan</indonesian>
	</word>	<word>
		<sanskrit>ari</sanskrit>
		<indonesian>dan musuh</indonesian>
	</word>	<word>
		<sanskrit>pakṣayoḥ</sanskrit>
		<indonesian>kepada pihak-pihak</indonesian>
	</word>	<word>
		<sanskrit>sarva</sanskrit>
		<indonesian>dari semua</indonesian>
	</word>	<word>
		<sanskrit>ārambha</sanskrit>
		<indonesian>usaha-usaha</indonesian>
	</word>	<word>
		<sanskrit>parityāgī</sanskrit>
		<indonesian>orang yang melepaskan ikatan</indonesian>
	</word>	<word>
		<sanskrit>guṇa-atītaḥ</sanskrit>
		<indonesian>melampaui sifat-sifat alam material</indonesian>
	</word>	<word>
		<sanskrit>saḥ</sanskrit>
		<indonesian>dia</indonesian>
	</word>	<word>
		<sanskrit>ucyate</sanskrit>
		<indonesian>dikatakan sebagai.</indonesian>
	</word>	<word>
		<sanskrit>mām</sanskrit>
		<indonesian>kepada-Ku</indonesian>
	</word>	<word>
		<sanskrit>ca</sanskrit>
		<indonesian>juga</indonesian>
	</word>	<word>
		<sanskrit>yaḥ</sanskrit>
		<indonesian>orang yang</indonesian>
	</word>	<word>
		<sanskrit>avyabhicāreṇa</sanskrit>
		<indonesian>tidak pernah gagal</indonesian>
	</word>	<word>
		<sanskrit>bhakti-yogena</sanskrit>
		<indonesian>oleh bhakti</indonesian>
	</word>	<word>
		<sanskrit>sevate</sanskrit>
		<indonesian>mengabdikan diri</indonesian>
	</word>	<word>
		<sanskrit>saḥ</sanskrit>
		<indonesian>dia</indonesian>
	</word>	<word>
		<sanskrit>guṇān</sanskrit>
		<indonesian>sifat-sifat alam material</indonesian>
	</word>	<word>
		<sanskrit>samatītya</sanskrit>
		<indonesian>melampaui</indonesian>
	</word>	<word>
		<sanskrit>etān</sanskrit>
		<indonesian>semua ini</indonesian>
	</word>	<word>
		<sanskrit>brahma-bhūyāya</sanskrit>
		<indonesian>diangkat sampai tingkat Brahman</indonesian>
	</word>	<word>
		<sanskrit>kalpate</sanskrit>
		<indonesian>menjadi.</indonesian>
	</word>	<word>
		<sanskrit>brahmaṇaḥ</sanskrit>
		<indonesian>dari brahmajyoti yang tidak bersifat pribadi</indonesian>
	</word>	<word>
		<sanskrit>hi</sanskrit>
		<indonesian>pasti</indonesian>
	</word>	<word>
		<sanskrit>prātiṣṭha</sanskrit>
		<indonesian>sandaran</indonesian>
	</word>	<word>
		<sanskrit>aham</sanskrit>
		<indonesian>Aku adalah</indonesian>
	</word>	<word>
		<sanskrit>amṛtasya</sanskrit>
		<indonesian>dari yang tidak mati</indonesian>
	</word>	<word>
		<sanskrit>avyayāsya</sanskrit>
		<indonesian>dari yang tidak dapat dimusnahkan</indonesian>
	</word>	<word>
		<sanskrit>ca</sanskrit>
		<indonesian>juga</indonesian>
	</word>	<word>
		<sanskrit>śāśvatasya</sanskrit>
		<indonesian>dari yang bersifat kekal</indonesian>
	</word>	<word>
		<sanskrit>ca</sanskrit>
		<indonesian>dan</indonesian>
	</word>	<word>
		<sanskrit>dharmasya</sanskrit>
		<indonesian>dari kedudukan dasar</indonesian>
	</word>	<word>
		<sanskrit>sukhasya</sanskrit>
		<indonesian>dari kebahagiaan</indonesian>
	</word>	<word>
		<sanskrit>aikāntikasya</sanskrit>
		<indonesian>paling tinggi</indonesian>
	</word>	<word>
		<sanskrit>ca</sanskrit>
		<indonesian>juga.</indonesian>
	</word></root>