<?xml version="1.0" encoding="UTF-8"?>
<root>	<word>
		<sanskrit>Śrī-bhagavān</sanskrit>
		<indonesian/>
	</word>	<word>
		<sanskrit>uvāca</sanskrit>
		<indonesian>Kepribadian Tuhan Yang Maha Esa bersabda</indonesian>
	</word>	<word>
		<sanskrit>abhayam</sanskrit>
		<indonesian>kebebasan dari rasaan takut</indonesian>
	</word>	<word>
		<sanskrit>sattva-saḿśuddhiḥ</sanskrit>
		<indonesian>penyucian kehidupan</indonesian>
	</word>	<word>
		<sanskrit>jñāna</sanskrit>
		<indonesian>dalam pengetahuan</indonesian>
	</word>	<word>
		<sanskrit>yoga</sanskrit>
		<indonesian>tentang hubungan</indonesian>
	</word>	<word>
		<sanskrit>vyavasthitiḥ</sanskrit>
		<indonesian>keadaan</indonesian>
	</word>	<word>
		<sanskrit>dānam</sanskrit>
		<indonesian>kedermawanan</indonesian>
	</word>	<word>
		<sanskrit>damaḥ</sanskrit>
		<indonesian>mengendalikan pikiran</indonesian>
	</word>	<word>
		<sanskrit>ca</sanskrit>
		<indonesian>dan</indonesian>
	</word>	<word>
		<sanskrit>yajñaḥ</sanskrit>
		<indonesian>pelaksanaan korban suci</indonesian>
	</word>	<word>
		<sanskrit>ca</sanskrit>
		<indonesian>dan</indonesian>
	</word>	<word>
		<sanskrit>svādhyāyaḥ</sanskrit>
		<indonesian>mempelajari tentang kesusasteraan Veda</indonesian>
	</word>	<word>
		<sanskrit>tapaḥ</sanskrit>
		<indonesian>pertapaan</indonesian>
	</word>	<word>
		<sanskrit>ārjavam</sanskrit>
		<indonesian>kesederhanaan</indonesian>
	</word>	<word>
		<sanskrit>ahiḿsā</sanskrit>
		<indonesian>tidak melakukan kekerasan</indonesian>
	</word>	<word>
		<sanskrit>satyam</sanskrit>
		<indonesian>kejujuran</indonesian>
	</word>	<word>
		<sanskrit>akrodhaḥ</sanskrit>
		<indonesian>kebebasan dari amarah</indonesian>
	</word>	<word>
		<sanskrit>tyāgaḥ</sanskrit>
		<indonesian>pelepasan ikatan</indonesian>
	</word>	<word>
		<sanskrit>śāntiḥ</sanskrit>
		<indonesian>ketenangan</indonesian>
	</word>	<word>
		<sanskrit>apaiśunam</sanskrit>
		<indonesian>tidak mencari-cari kesalahan</indonesian>
	</word>	<word>
		<sanskrit>dayā</sanskrit>
		<indonesian>karunia</indonesian>
	</word>	<word>
		<sanskrit>bhūteṣu</sanskrit>
		<indonesian>terhadap semua makhluk hidup</indonesian>
	</word>	<word>
		<sanskrit>aloluptvām</sanskrit>
		<indonesian>kebebasan dari loba</indonesian>
	</word>	<word>
		<sanskrit>mārdavam</sanskrit>
		<indonesian>sifat lembut</indonesian>
	</word>	<word>
		<sanskrit>hrīḥ</sanskrit>
		<indonesian>sifat sopan dan rendah hati</indonesian>
	</word>	<word>
		<sanskrit>acāpalam</sanskrit>
		<indonesian>ketabahan hati</indonesian>
	</word>	<word>
		<sanskrit>tejaḥ</sanskrit>
		<indonesian>sifat giat</indonesian>
	</word>	<word>
		<sanskrit>kṣamā</sanskrit>
		<indonesian>sifat mengampuni</indonesian>
	</word>	<word>
		<sanskrit>dhṛtiḥ</sanskrit>
		<indonesian>sifat ulet</indonesian>
	</word>	<word>
		<sanskrit>śaucam</sanskrit>
		<indonesian>kebersihan</indonesian>
	</word>	<word>
		<sanskrit>adrohaḥ</sanskrit>
		<indonesian>kebebasan dari rasa iri</indonesian>
	</word>	<word>
		<sanskrit>na</sanskrit>
		<indonesian>tidak</indonesian>
	</word>	<word>
		<sanskrit>ati-mānitā</sanskrit>
		<indonesian>mengharapkan penghormatan</indonesian>
	</word>	<word>
		<sanskrit>bhavānti</sanskrit>
		<indonesian>adalah</indonesian>
	</word>	<word>
		<sanskrit>sampadam</sanskrit>
		<indonesian>sifat-sifat</indonesian>
	</word>	<word>
		<sanskrit>daivīm</sanskrit>
		<indonesian>sifat rohani</indonesian>
	</word>	<word>
		<sanskrit>abhijātasya</sanskrit>
		<indonesian>milik orang yang dilahirkan dari</indonesian>
	</word>	<word>
		<sanskrit>bhārata</sanskrit>
		<indonesian>wahai putera</indonesian>
	</word>	<word>
		<sanskrit>Bhārata</sanskrit>
		<indonesian>.</indonesian>
	</word>	<word>
		<sanskrit>dambhaḥ</sanskrit>
		<indonesian>sikap bangga</indonesian>
	</word>	<word>
		<sanskrit>darpaḥ</sanskrit>
		<indonesian>sikap sombong</indonesian>
	</word>	<word>
		<sanskrit>abhimānaḥ</sanskrit>
		<indonesian>sikap tidak peduli</indonesian>
	</word>	<word>
		<sanskrit>ca</sanskrit>
		<indonesian>dan</indonesian>
	</word>	<word>
		<sanskrit>krodhaḥ</sanskrit>
		<indonesian>amarah</indonesian>
	</word>	<word>
		<sanskrit>pāruṣyam</sanskrit>
		<indonesian>sikap kasar</indonesian>
	</word>	<word>
		<sanskrit>evā</sanskrit>
		<indonesian>pasti</indonesian>
	</word>	<word>
		<sanskrit>ca</sanskrit>
		<indonesian>dan</indonesian>
	</word>	<word>
		<sanskrit>ajñānām</sanskrit>
		<indonesian>kebodohan</indonesian>
	</word>	<word>
		<sanskrit>ca</sanskrit>
		<indonesian>dan</indonesian>
	</word>	<word>
		<sanskrit>abhijātasyā</sanskrit>
		<indonesian>milik orang yang dilahirkan dari</indonesian>
	</word>	<word>
		<sanskrit>pārtha</sanskrit>
		<indonesian>wahai putera</indonesian>
	</word>	<word>
		<sanskrit>Pṛthā</sanskrit>
		<indonesian></indonesian>
	</word>	<word>
		<sanskrit>sampadam</sanskrit>
		<indonesian>sifat-sifat</indonesian>
	</word>	<word>
		<sanskrit>āsurīm</sanskrit>
		<indonesian>sifat jahat.</indonesian>
	</word>	<word>
		<sanskrit>daivī</sanskrit>
		<indonesian>rohani</indonesian>
	</word>	<word>
		<sanskrit>sampat</sanskrit>
		<indonesian>harta</indonesian>
	</word>	<word>
		<sanskrit>vimokṣāya</sanskrit>
		<indonesian>dimaksudkan untuk pembebasan</indonesian>
	</word>	<word>
		<sanskrit>nibandhāya</sanskrit>
		<indonesian>untuk ikatan</indonesian>
	</word>	<word>
		<sanskrit>āsurī</sanskrit>
		<indonesian>sifat-sifat jahat</indonesian>
	</word>	<word>
		<sanskrit>matā</sanskrit>
		<indonesian>dianggap</indonesian>
	</word>	<word>
		<sanskrit>mā</sanskrit>
		<indonesian>jangan</indonesian>
	</word>	<word>
		<sanskrit>śucaḥ</sanskrit>
		<indonesian>khawatir</indonesian>
	</word>	<word>
		<sanskrit>sampadam</sanskrit>
		<indonesian>harta</indonesian>
	</word>	<word>
		<sanskrit>daivīm</sanskrit>
		<indonesian>rohani</indonesian>
	</word>	<word>
		<sanskrit>abhijātaḥ</sanskrit>
		<indonesian>dilahirkan dari</indonesian>
	</word>	<word>
		<sanskrit>asi</sanskrit>
		<indonesian>engkau adalah</indonesian>
	</word>	<word>
		<sanskrit>pāṇḍava</sanskrit>
		<indonesian>wahai putera Pandu.</indonesian>
	</word>	<word>
		<sanskrit>dvau</sanskrit>
		<indonesian>dua</indonesian>
	</word>	<word>
		<sanskrit>bhūta-sargau</sanskrit>
		<indonesian>makhluk-makhluk yang diciptakan</indonesian>
	</word>	<word>
		<sanskrit>loke</sanskrit>
		<indonesian>didunia</indonesian>
	</word>	<word>
		<sanskrit>asmin</sanskrit>
		<indonesian>ini</indonesian>
	</word>	<word>
		<sanskrit>daivaḥ</sanskrit>
		<indonesian>suci</indonesian>
	</word>	<word>
		<sanskrit>aśūrāḥ</sanskrit>
		<indonesian>jahat</indonesian>
	</word>	<word>
		<sanskrit>evā</sanskrit>
		<indonesian>pasti</indonesian>
	</word>	<word>
		<sanskrit>ca</sanskrit>
		<indonesian>dan</indonesian>
	</word>	<word>
		<sanskrit>daivaḥ</sanskrit>
		<indonesian>yang suci</indonesian>
	</word>	<word>
		<sanskrit>vistaraśaḥ</sanskrit>
		<indonesian>secara panjang lebar</indonesian>
	</word>	<word>
		<sanskrit>proktāḥ</sanskrit>
		<indonesian>dikatakan</indonesian>
	</word>	<word>
		<sanskrit>āsuram</sanskrit>
		<indonesian>jahat</indonesian>
	</word>	<word>
		<sanskrit>pārtha</sanskrit>
		<indonesian>wahai putera</indonesian>
	</word>	<word>
		<sanskrit>Pṛthā</sanskrit>
		<indonesian></indonesian>
	</word>	<word>
		<sanskrit>me</sanskrit>
		<indonesian>dari-Ku</indonesian>
	</word>	<word>
		<sanskrit>śṛṇu</sanskrit>
		<indonesian>dengarlah.</indonesian>
	</word>	<word>
		<sanskrit>pravṛttim</sanskrit>
		<indonesian>bertindak sebagaimana mestinya</indonesian>
	</word>	<word>
		<sanskrit>ca</sanskrit>
		<indonesian>juga</indonesian>
	</word>	<word>
		<sanskrit>nivṛttim</sanskrit>
		<indonesian>tidak bertindak dengan cara yang tidak pantas</indonesian>
	</word>	<word>
		<sanskrit>ca</sanskrit>
		<indonesian>dan</indonesian>
	</word>	<word>
		<sanskrit>janaḥ</sanskrit>
		<indonesian>orang</indonesian>
	</word>	<word>
		<sanskrit>na</sanskrit>
		<indonesian>tidak pernah</indonesian>
	</word>	<word>
		<sanskrit>viduḥ</sanskrit>
		<indonesian>mengetahui</indonesian>
	</word>	<word>
		<sanskrit>aśūrāḥ</sanskrit>
		<indonesian>bersifat jahat</indonesian>
	</word>	<word>
		<sanskrit>na</sanskrit>
		<indonesian>tidak pernah</indonesian>
	</word>	<word>
		<sanskrit>śaucam</sanskrit>
		<indonesian>kebersihan</indonesian>
	</word>	<word>
		<sanskrit>na</sanskrit>
		<indonesian>tidak juga</indonesian>
	</word>	<word>
		<sanskrit>api</sanskrit>
		<indonesian>juga</indonesian>
	</word>	<word>
		<sanskrit>ca</sanskrit>
		<indonesian>dan</indonesian>
	</word>	<word>
		<sanskrit>ācāraḥ</sanskrit>
		<indonesian>tingkah laku</indonesian>
	</word>	<word>
		<sanskrit>na</sanskrit>
		<indonesian>tidak pernah</indonesian>
	</word>	<word>
		<sanskrit>satyam</sanskrit>
		<indonesian>kebenaran</indonesian>
	</word>	<word>
		<sanskrit>teṣu</sanskrit>
		<indonesian>dalam mereka</indonesian>
	</word>	<word>
		<sanskrit>vidyāte</sanskrit>
		<indonesian>ada.</indonesian>
	</word>	<word>
		<sanskrit>asatyam</sanskrit>
		<indonesian>tidak nyata</indonesian>
	</word>	<word>
		<sanskrit>apratiṣṭham</sanskrit>
		<indonesian>tanpa dasar</indonesian>
	</word>	<word>
		<sanskrit>te</sanskrit>
		<indonesian>mereka</indonesian>
	</word>	<word>
		<sanskrit>jagat</sanskrit>
		<indonesian>manifestasi alam semesta</indonesian>
	</word>	<word>
		<sanskrit>āhuḥ</sanskrit>
		<indonesian>mengatakan</indonesian>
	</word>	<word>
		<sanskrit>anīśvaram</sanskrit>
		<indonesian>tanpa pengendali</indonesian>
	</word>	<word>
		<sanskrit>aparaspara</sanskrit>
		<indonesian>tanpa sebab</indonesian>
	</word>	<word>
		<sanskrit>sambhūtam</sanskrit>
		<indonesian>bangkit</indonesian>
	</word>	<word>
		<sanskrit>kim</sanskrit>
		<indonesian></indonesian>
	</word>	<word>
		<sanskrit>anyat</sanskrit>
		<indonesian>tidak ada sebab lain</indonesian>
	</word>	<word>
		<sanskrit>kāma-haitukam</sanskrit>
		<indonesian>disebabkan oleh nafsu birahi belaka.</indonesian>
	</word>	<word>
		<sanskrit>etām</sanskrit>
		<indonesian>ini</indonesian>
	</word>	<word>
		<sanskrit>dṛṣṭim</sanskrit>
		<indonesian>penglihatan</indonesian>
	</word>	<word>
		<sanskrit>avaṣṭabhya</sanskrit>
		<indonesian>menerima</indonesian>
	</word>	<word>
		<sanskrit>naṣṭa</sanskrit>
		<indonesian>setelah kehilangan</indonesian>
	</word>	<word>
		<sanskrit>ātmanāḥ</sanskrit>
		<indonesian>Diri-Nya</indonesian>
	</word>	<word>
		<sanskrit>alpa-buddhayaḥ</sanskrit>
		<indonesian>orang yang kurang cerdas</indonesian>
	</word>	<word>
		<sanskrit>prabhavānti</sanskrit>
		<indonesian>berkembang</indonesian>
	</word>	<word>
		<sanskrit>ugra-karmaṇaḥ</sanskrit>
		<indonesian>sibuk dalam kegiatan yang menyakitkan</indonesian>
	</word>	<word>
		<sanskrit>kṣayāya</sanskrit>
		<indonesian>untuk peleburan</indonesian>
	</word>	<word>
		<sanskrit>jagataḥ</sanskrit>
		<indonesian>dunia</indonesian>
	</word>	<word>
		<sanskrit>ahitāḥ</sanskrit>
		<indonesian>tidak menguntungkan.</indonesian>
	</word>	<word>
		<sanskrit>kāmam</sanskrit>
		<indonesian>hawa nafsu</indonesian>
	</word>	<word>
		<sanskrit>āśritya</sanskrit>
		<indonesian>berlindung kepada</indonesian>
	</word>	<word>
		<sanskrit>duṣpūram</sanskrit>
		<indonesian>tidak dapat dipuaskan</indonesian>
	</word>	<word>
		<sanskrit>dambha</sanskrit>
		<indonesian>dari rasa bangga</indonesian>
	</word>	<word>
		<sanskrit>māna</sanskrit>
		<indonesian>dan kemasyhuran palsu</indonesian>
	</word>	<word>
		<sanskrit>mada-anvitāḥ</sanskrit>
		<indonesian>terlena dalam rasa sombong</indonesian>
	</word>	<word>
		<sanskrit>mohāt</sanskrit>
		<indonesian>oleh khayalan</indonesian>
	</word>	<word>
		<sanskrit>gṛhītvā</sanskrit>
		<indonesian>menerima</indonesian>
	</word>	<word>
		<sanskrit>asat</sanskrit>
		<indonesian>tidak kekal</indonesian>
	</word>	<word>
		<sanskrit>grāhān</sanskrit>
		<indonesian>hal-hal</indonesian>
	</word>	<word>
		<sanskrit>pravartante</sanskrit>
		<indonesian>mereka berkembang</indonesian>
	</word>	<word>
		<sanskrit>aśuci</sanskrit>
		<indonesian>kepada yang tidak bersih</indonesian>
	</word>	<word>
		<sanskrit>vratāḥ</sanskrit>
		<indonesian>bertekad.</indonesian>
	</word>	<word>
		<sanskrit>cintām</sanskrit>
		<indonesian>rasa takut dan kecemasan</indonesian>
	</word>	<word>
		<sanskrit>aparimeyām</sanskrit>
		<indonesian>tidak dapat diukur</indonesian>
	</word>	<word>
		<sanskrit>ca</sanskrit>
		<indonesian>dan</indonesian>
	</word>	<word>
		<sanskrit>pralaya-antām</sanskrit>
		<indonesian>sampai titik kematian</indonesian>
	</word>	<word>
		<sanskrit>upāśritāḥ</sanskrit>
		<indonesian>setelah berlindung kepada</indonesian>
	</word>	<word>
		<sanskrit>kāma-upabhoga</sanskrit>
		<indonesian>kepuasan indera-indera</indonesian>
	</word>	<word>
		<sanskrit>paramaḥ</sanskrit>
		<indonesian>tujuan hidup tertinggi</indonesian>
	</word>	<word>
		<sanskrit>etāvat</sanskrit>
		<indonesian>demikian</indonesian>
	</word>	<word>
		<sanskrit>iti</sanskrit>
		<indonesian>dengan cara seperti ini</indonesian>
	</word>	<word>
		<sanskrit>niścitāḥ</sanskrit>
		<indonesian>setelah menentukan</indonesian>
	</word>	<word>
		<sanskrit>āśā-pāśa</sanskrit>
		<indonesian>ikatan dalam jaringan harapan</indonesian>
	</word>	<word>
		<sanskrit>śataiḥ</sanskrit>
		<indonesian>oleh beratus-ratus</indonesian>
	</word>	<word>
		<sanskrit>baddhāḥ</sanskrit>
		<indonesian>dengan diikat</indonesian>
	</word>	<word>
		<sanskrit>kāma</sanskrit>
		<indonesian>tentang nafsu</indonesian>
	</word>	<word>
		<sanskrit>krodha</sanskrit>
		<indonesian>dan amarah</indonesian>
	</word>	<word>
		<sanskrit>parāyaṇāḥ</sanskrit>
		<indonesian>selalu mantap dalam sikap mental</indonesian>
	</word>	<word>
		<sanskrit>īhante</sanskrit>
		<indonesian>mereka menginginkan</indonesian>
	</word>	<word>
		<sanskrit>kāma</sanskrit>
		<indonesian>hawa nafsu</indonesian>
	</word>	<word>
		<sanskrit>bhoga</sanskrit>
		<indonesian>kenikmatan indera</indonesian>
	</word>	<word>
		<sanskrit>artham</sanskrit>
		<indonesian>dengan tujuan</indonesian>
	</word>	<word>
		<sanskrit>anyāyena</sanskrit>
		<indonesian>dengan cara yang melanggar hukum</indonesian>
	</word>	<word>
		<sanskrit>artha</sanskrit>
		<indonesian>kekayaan</indonesian>
	</word>	<word>
		<sanskrit>sañcayān</sanskrit>
		<indonesian>mengumpulkan.</indonesian>
	</word>	<word>
		<sanskrit>idam</sanskrit>
		<indonesian>ini</indonesian>
	</word>	<word>
		<sanskrit>adya</sanskrit>
		<indonesian>hari ini</indonesian>
	</word>	<word>
		<sanskrit>mayā</sanskrit>
		<indonesian>oleh-Ku</indonesian>
	</word>	<word>
		<sanskrit>labdham</sanskrit>
		<indonesian>didapatkan</indonesian>
	</word>	<word>
		<sanskrit>imām</sanskrit>
		<indonesian>ini</indonesian>
	</word>	<word>
		<sanskrit>prāpsye</sanskrit>
		<indonesian>akan kudapatkan</indonesian>
	</word>	<word>
		<sanskrit>manaḥ-ratham</sanskrit>
		<indonesian>menurut kehendakku</indonesian>
	</word>	<word>
		<sanskrit>idam</sanskrit>
		<indonesian>ini</indonesian>
	</word>	<word>
		<sanskrit>asti</sanskrit>
		<indonesian>ada</indonesian>
	</word>	<word>
		<sanskrit>idam</sanskrit>
		<indonesian>ini</indonesian>
	</word>	<word>
		<sanskrit>api</sanskrit>
		<indonesian>juga</indonesian>
	</word>	<word>
		<sanskrit>me</sanskrit>
		<indonesian>milikku</indonesian>
	</word>	<word>
		<sanskrit>bhaviṣyati</sanskrit>
		<indonesian>akan meningkat pada masa yang akan datang</indonesian>
	</word>	<word>
		<sanskrit>punaḥ</sanskrit>
		<indonesian>lagi</indonesian>
	</word>	<word>
		<sanskrit>dhanam</sanskrit>
		<indonesian>kekayaan</indonesian>
	</word>	<word>
		<sanskrit>asau</sanskrit>
		<indonesian>itu</indonesian>
	</word>	<word>
		<sanskrit>mayā</sanskrit>
		<indonesian>oleh-Ku</indonesian>
	</word>	<word>
		<sanskrit>hataḥ</sanskrit>
		<indonesian>sudah dibunuh</indonesian>
	</word>	<word>
		<sanskrit>śatruḥ</sanskrit>
		<indonesian>musuh</indonesian>
	</word>	<word>
		<sanskrit>haniṣye</sanskrit>
		<indonesian>akan kubunuh</indonesian>
	</word>	<word>
		<sanskrit>ca</sanskrit>
		<indonesian>juga</indonesian>
	</word>	<word>
		<sanskrit>aparān</sanskrit>
		<indonesian>orang lain</indonesian>
	</word>	<word>
		<sanskrit>api</sanskrit>
		<indonesian>pasti</indonesian>
	</word>	<word>
		<sanskrit>īśvaraḥ</sanskrit>
		<indonesian>penguasa</indonesian>
	</word>	<word>
		<sanskrit>aham</sanskrit>
		<indonesian>aku adalah</indonesian>
	</word>	<word>
		<sanskrit>aham</sanskrit>
		<indonesian>aku adalah</indonesian>
	</word>	<word>
		<sanskrit>bhogī</sanskrit>
		<indonesian>yang menikmati</indonesian>
	</word>	<word>
		<sanskrit>siddhaḥ</sanskrit>
		<indonesian>sempurna</indonesian>
	</word>	<word>
		<sanskrit>aham</sanskrit>
		<indonesian>aku adalah</indonesian>
	</word>	<word>
		<sanskrit>bala-vān</sanskrit>
		<indonesian>perkasa</indonesian>
	</word>	<word>
		<sanskrit>sukhī</sanskrit>
		<indonesian>bahagia</indonesian>
	</word>	<word>
		<sanskrit>āḍhyaḥ</sanskrit>
		<indonesian>kaya</indonesian>
	</word>	<word>
		<sanskrit>abhijana-vān</sanskrit>
		<indonesian>diiringi oleh sanak keluarga yang bersifat bangsawan</indonesian>
	</word>	<word>
		<sanskrit>asmi</sanskrit>
		<indonesian>Aku adalah</indonesian>
	</word>	<word>
		<sanskrit>kaḥ</sanskrit>
		<indonesian>siapa</indonesian>
	</word>	<word>
		<sanskrit>anyaḥ</sanskrit>
		<indonesian>lain</indonesian>
	</word>	<word>
		<sanskrit>asti</sanskrit>
		<indonesian>ada</indonesian>
	</word>	<word>
		<sanskrit>sadṛśaḥ</sanskrit>
		<indonesian>seperti</indonesian>
	</word>	<word>
		<sanskrit>mayā</sanskrit>
		<indonesian>aku</indonesian>
	</word>	<word>
		<sanskrit>yakṣye</sanskrit>
		<indonesian>aku akan mengorbankan</indonesian>
	</word>	<word>
		<sanskrit>dāsyāmi</sanskrit>
		<indonesian>aku akan memberi sumbangan</indonesian>
	</word>	<word>
		<sanskrit>modiṣye</sanskrit>
		<indonesian>aku akan bersenang hati</indonesian>
	</word>	<word>
		<sanskrit>iti</sanskrit>
		<indonesian>demikian</indonesian>
	</word>	<word>
		<sanskrit>ajñāna</sanskrit>
		<indonesian>oleh kebodohan</indonesian>
	</word>	<word>
		<sanskrit>vimohitāḥ</sanskrit>
		<indonesian>dikhayalkan.</indonesian>
	</word>	<word>
		<sanskrit>aneka</sanskrit>
		<indonesian>banyak</indonesian>
	</word>	<word>
		<sanskrit>citta</sanskrit>
		<indonesian>oleh kecemasan</indonesian>
	</word>	<word>
		<sanskrit>vibhrāntāḥ</sanskrit>
		<indonesian>dibingungkan</indonesian>
	</word>	<word>
		<sanskrit>moha</sanskrit>
		<indonesian>dari khayalan-khayalan</indonesian>
	</word>	<word>
		<sanskrit>jāla</sanskrit>
		<indonesian>oleh jala</indonesian>
	</word>	<word>
		<sanskrit>samāvṛtaḥ</sanskrit>
		<indonesian>dikelilingi</indonesian>
	</word>	<word>
		<sanskrit>prasaktāḥ</sanskrit>
		<indonesian>terikat</indonesian>
	</word>	<word>
		<sanskrit>kāma-bhogeṣu</sanskrit>
		<indonesian>pada kepuasan indera-indera</indonesian>
	</word>	<word>
		<sanskrit>patanti</sanskrit>
		<indonesian>mereka meluncur</indonesian>
	</word>	<word>
		<sanskrit>narake</sanskrit>
		<indonesian>ke dalam neraka</indonesian>
	</word>	<word>
		<sanskrit>aśucau</sanskrit>
		<indonesian>tidak suci.</indonesian>
	</word>	<word>
		<sanskrit>ātma-sambhāvitāḥ</sanskrit>
		<indonesian>malas dalam diri sendiri</indonesian>
	</word>	<word>
		<sanskrit>stabdhāḥ</sanskrit>
		<indonesian>tidak sopan</indonesian>
	</word>	<word>
		<sanskrit>dhana-māna</sanskrit>
		<indonesian>dari kekayaan dan penghormatan</indonesian>
	</word>	<word>
		<sanskrit>mada</sanskrit>
		<indonesian>dalam khayalan</indonesian>
	</word>	<word>
		<sanskrit>anvitāḥ</sanskrit>
		<indonesian>terlena</indonesian>
	</word>	<word>
		<sanskrit>yajante</sanskrit>
		<indonesian>mereka melakukan korban suci</indonesian>
	</word>	<word>
		<sanskrit>nāma</sanskrit>
		<indonesian>hanya dalam nama saja</indonesian>
	</word>	<word>
		<sanskrit>yajñaiḥ</sanskrit>
		<indonesian>dengan korban suci</indonesian>
	</word>	<word>
		<sanskrit>te</sanskrit>
		<indonesian>mereka</indonesian>
	</word>	<word>
		<sanskrit>dambhena</sanskrit>
		<indonesian>dari rasa bangga</indonesian>
	</word>	<word>
		<sanskrit>avidhi-pūrvakam</sanskrit>
		<indonesian>tanpa mengikuti aturan dan peraturan sama sekali.</indonesian>
	</word>	<word>
		<sanskrit>ahańkāram</sanskrit>
		<indonesian>keakuan palsu</indonesian>
	</word>	<word>
		<sanskrit>balam</sanskrit>
		<indonesian>kekuatan</indonesian>
	</word>	<word>
		<sanskrit>darpam</sanskrit>
		<indonesian>rasa bangga</indonesian>
	</word>	<word>
		<sanskrit>kāmam</sanskrit>
		<indonesian>hawa nafsu</indonesian>
	</word>	<word>
		<sanskrit>krodham</sanskrit>
		<indonesian>amarah</indonesian>
	</word>	<word>
		<sanskrit>ca</sanskrit>
		<indonesian>juga</indonesian>
	</word>	<word>
		<sanskrit>samśritāh</sanskrit>
		<indonesian>setelah berlindung kepada</indonesian>
	</word>	<word>
		<sanskrit>mām</sanskrit>
		<indonesian>Aku</indonesian>
	</word>	<word>
		<sanskrit>ātmā</sanskrit>
		<indonesian>dalam milik mereka sendiri</indonesian>
	</word>	<word>
		<sanskrit>parā</sanskrit>
		<indonesian>dan di dalam yang lain</indonesian>
	</word>	<word>
		<sanskrit>deheṣu</sanskrit>
		<indonesian>badan-badan</indonesian>
	</word>	<word>
		<sanskrit>pradviṣantaḥ</sanskrit>
		<indonesian>menghina</indonesian>
	</word>	<word>
		<sanskrit>abhyasūyakāḥ</sanskrit>
		<indonesian>iri.</indonesian>
	</word>	<word>
		<sanskrit>tān</sanskrit>
		<indonesian>itu</indonesian>
	</word>	<word>
		<sanskrit>aham</sanskrit>
		<indonesian>Aku</indonesian>
	</word>	<word>
		<sanskrit>dviṣataḥ</sanskrit>
		<indonesian>iri</indonesian>
	</word>	<word>
		<sanskrit>krūrān</sanskrit>
		<indonesian>nakal</indonesian>
	</word>	<word>
		<sanskrit>saḿsāreṣu</sanskrit>
		<indonesian>ke dalam lautan kehidupan material</indonesian>
	</word>	<word>
		<sanskrit>nara-adhamān</sanskrit>
		<indonesian>manusia yang paling rendah</indonesian>
	</word>	<word>
		<sanskrit>kṣipāmi</sanskrit>
		<indonesian>Aku tempatkan</indonesian>
	</word>	<word>
		<sanskrit>ajasram</sanskrit>
		<indonesian>untuk selamanya</indonesian>
	</word>	<word>
		<sanskrit>aśubhān</sanskrit>
		<indonesian>tidak menguntungkan</indonesian>
	</word>	<word>
		<sanskrit>āsurīṣu</sanskrit>
		<indonesian>jahat</indonesian>
	</word>	<word>
		<sanskrit>evā</sanskrit>
		<indonesian>pasti</indonesian>
	</word>	<word>
		<sanskrit>yoniṣu</sanskrit>
		<indonesian>ke dalam kandungan-kandungan.</indonesian>
	</word>	<word>
		<sanskrit>āsurīm</sanskrit>
		<indonesian>jahat</indonesian>
	</word>	<word>
		<sanskrit>yonim</sanskrit>
		<indonesian>jenis-jenis kehidupan</indonesian>
	</word>	<word>
		<sanskrit>āpannāḥ</sanskrit>
		<indonesian>memperoleh</indonesian>
	</word>	<word>
		<sanskrit>mūḍhāḥ</sanskrit>
		<indonesian>orang bodoh</indonesian>
	</word>	<word>
		<sanskrit>janmāni</sanskrit>
		<indonesian></indonesian>
	</word>	<word>
		<sanskrit>janmāni</sanskrit>
		<indonesian>dalam banyak penjelmaan</indonesian>
	</word>	<word>
		<sanskrit>mām</sanskrit>
		<indonesian>Aku</indonesian>
	</word>	<word>
		<sanskrit>aprāpya</sanskrit>
		<indonesian>tanpa memperoleh</indonesian>
	</word>	<word>
		<sanskrit>evā</sanskrit>
		<indonesian>pasti</indonesian>
	</word>	<word>
		<sanskrit>kaunteya</sanskrit>
		<indonesian>wahai putera</indonesian>
	</word>	<word>
		<sanskrit>Kuntī</sanskrit>
		<indonesian></indonesian>
	</word>	<word>
		<sanskrit>tataḥ</sanskrit>
		<indonesian>sesudah itu</indonesian>
	</word>	<word>
		<sanskrit>yānti</sanskrit>
		<indonesian>pergi</indonesian>
	</word>	<word>
		<sanskrit>adhamām</sanskrit>
		<indonesian>terkutuk</indonesian>
	</word>	<word>
		<sanskrit>gatim</sanskrit>
		<indonesian>tujuan.</indonesian>
	</word>	<word>
		<sanskrit>tri-vidham</sanskrit>
		<indonesian>tiga jenis</indonesian>
	</word>	<word>
		<sanskrit>narakasya</sanskrit>
		<indonesian>tentang neraka</indonesian>
	</word>	<word>
		<sanskrit>idam</sanskrit>
		<indonesian>ini</indonesian>
	</word>	<word>
		<sanskrit>dvāram</sanskrit>
		<indonesian>pintu gerbang</indonesian>
	</word>	<word>
		<sanskrit>nāśanam</sanskrit>
		<indonesian>yang menghancurkan</indonesian>
	</word>	<word>
		<sanskrit>ātmanāḥ</sanskrit>
		<indonesian>tentang sang diri</indonesian>
	</word>	<word>
		<sanskrit>kāmaḥ</sanskrit>
		<indonesian>hawa nafsu</indonesian>
	</word>	<word>
		<sanskrit>krodhaḥ</sanskrit>
		<indonesian>amarah</indonesian>
	</word>	<word>
		<sanskrit>tathā</sanskrit>
		<indonesian>dan</indonesian>
	</word>	<word>
		<sanskrit>lobhaḥ</sanskrit>
		<indonesian>loba</indonesian>
	</word>	<word>
		<sanskrit>tasmāt</sanskrit>
		<indonesian>karena itu</indonesian>
	</word>	<word>
		<sanskrit>etat</sanskrit>
		<indonesian>ini</indonesian>
	</word>	<word>
		<sanskrit>trayam</sanskrit>
		<indonesian>tiga</indonesian>
	</word>	<word>
		<sanskrit>tyajet</sanskrit>
		<indonesian>orang harus meninggalkan.</indonesian>
	</word>	<word>
		<sanskrit>etaiḥ</sanskrit>
		<indonesian>dari yang ini</indonesian>
	</word>	<word>
		<sanskrit>vimuktaḥ</sanskrit>
		<indonesian>dengan dibebaskan</indonesian>
	</word>	<word>
		<sanskrit>kaunteya</sanskrit>
		<indonesian>wahai putera</indonesian>
	</word>	<word>
		<sanskrit>Kuntī</sanskrit>
		<indonesian></indonesian>
	</word>	<word>
		<sanskrit>tamaḥ-dvāraiḥ</sanskrit>
		<indonesian>dari gerbang kebodohan</indonesian>
	</word>	<word>
		<sanskrit>tribhiḥ</sanskrit>
		<indonesian>dari tiga jenis</indonesian>
	</word>	<word>
		<sanskrit>naraḥ</sanskrit>
		<indonesian>seseorang</indonesian>
	</word>	<word>
		<sanskrit>ācarati</sanskrit>
		<indonesian>melakukan</indonesian>
	</word>	<word>
		<sanskrit>ātmanāḥ</sanskrit>
		<indonesian>bagi sang diri</indonesian>
	</word>	<word>
		<sanskrit>śreyaḥ</sanskrit>
		<indonesian>berkat</indonesian>
	</word>	<word>
		<sanskrit>tataḥ</sanskrit>
		<indonesian>sesudah itu</indonesian>
	</word>	<word>
		<sanskrit>yāti</sanskrit>
		<indonesian>ia pergi</indonesian>
	</word>	<word>
		<sanskrit>param</sanskrit>
		<indonesian>kepada Yang Mahakuasa</indonesian>
	</word>	<word>
		<sanskrit>gatim</sanskrit>
		<indonesian>tujuan.</indonesian>
	</word>	<word>
		<sanskrit>yaḥ</sanskrit>
		<indonesian>siapa pun yang</indonesian>
	</word>	<word>
		<sanskrit>śāstra-vidhim</sanskrit>
		<indonesian>aturan Kitab Suci</indonesian>
	</word>	<word>
		<sanskrit>utsṛjya</sanskrit>
		<indonesian>meninggalkan</indonesian>
	</word>	<word>
		<sanskrit>vartate</sanskrit>
		<indonesian>tetap</indonesian>
	</word>	<word>
		<sanskrit>kāma-kārataḥ</sanskrit>
		<indonesian>bertindak seenaknya dalam hawa nafsu</indonesian>
	</word>	<word>
		<sanskrit>na</sanskrit>
		<indonesian>tidak pernah</indonesian>
	</word>	<word>
		<sanskrit>saḥ</sanskrit>
		<indonesian>dia</indonesian>
	</word>	<word>
		<sanskrit>siddhim</sanskrit>
		<indonesian>kesempurnaan</indonesian>
	</word>	<word>
		<sanskrit>avāpnoti</sanskrit>
		<indonesian>memperoleh</indonesian>
	</word>	<word>
		<sanskrit>na</sanskrit>
		<indonesian>tidak pernah</indonesian>
	</word>	<word>
		<sanskrit>sukham</sanskrit>
		<indonesian>kebahagiaan</indonesian>
	</word>	<word>
		<sanskrit>na</sanskrit>
		<indonesian>tidak pernah</indonesian>
	</word>	<word>
		<sanskrit>param</sanskrit>
		<indonesian>paling utama</indonesian>
	</word>	<word>
		<sanskrit>gatim</sanskrit>
		<indonesian>tingkat kesempurnaan.</indonesian>
	</word>	<word>
		<sanskrit>tasmāt</sanskrit>
		<indonesian>karena itu</indonesian>
	</word>	<word>
		<sanskrit>śastram</sanskrit>
		<indonesian>Kitab Suci</indonesian>
	</word>	<word>
		<sanskrit>pramāṇam</sanskrit>
		<indonesian>bukti</indonesian>
	</word>	<word>
		<sanskrit>te</sanskrit>
		<indonesian>milikmu</indonesian>
	</word>	<word>
		<sanskrit>kārya</sanskrit>
		<indonesian>kewajiban</indonesian>
	</word>	<word>
		<sanskrit>akārya</sanskrit>
		<indonesian>dan kegiatan terlarang</indonesian>
	</word>	<word>
		<sanskrit>vyavasthitau</sanskrit>
		<indonesian>alam menentukan</indonesian>
	</word>	<word>
		<sanskrit>jñātvā</sanskrit>
		<indonesian>mengetahui</indonesian>
	</word>	<word>
		<sanskrit>śastra</sanskrit>
		<indonesian>dari Kitab Suci</indonesian>
	</word>	<word>
		<sanskrit>vidhāna</sanskrit>
		<indonesian>peraturan</indonesian>
	</word>	<word>
		<sanskrit>uktam</sanskrit>
		<indonesian>sebagaimana dimaklumkan</indonesian>
	</word>	<word>
		<sanskrit>karma</sanskrit>
		<indonesian>pekerjaan</indonesian>
	</word>	<word>
		<sanskrit>kartum</sanskrit>
		<indonesian>melakukan</indonesian>
	</word>	<word>
		<sanskrit>iha</sanskrit>
		<indonesian>di dunia ini</indonesian>
	</word>	<word>
		<sanskrit>arhasi</sanskrit>
		<indonesian>engkau harus.</indonesian>
	</word></root>