<?xml version="1.0" encoding="UTF-8"?>
<root>	<word>
		<sanskrit>Arjunaḥ uvāca</sanskrit>
		<indonesian/>
	</word>	<word>
		<sanskrit>ye</sanskrit>
		<indonesian>orang yang</indonesian>
	</word>	<word>
		<sanskrit>śāstra-vidhim</sanskrit>
		<indonesian>peraturan Kitab Suci</indonesian>
	</word>	<word>
		<sanskrit>utsṛjya</sanskrit>
		<indonesian>meninggalkan</indonesian>
	</word>	<word>
		<sanskrit>yajante</sanskrit>
		<indonesian>menyembah</indonesian>
	</word>	<word>
		<sanskrit>śraddhayā</sanskrit>
		<indonesian>kepercayaan sepenuhnya</indonesian>
	</word>	<word>
		<sanskrit>anvitāḥ</sanskrit>
		<indonesian>memiliki</indonesian>
	</word>	<word>
		<sanskrit>teṣām</sanskrit>
		<indonesian>mengenai mereka</indonesian>
	</word>	<word>
		<sanskrit>niṣṭhā</sanskrit>
		<indonesian>keyakinan</indonesian>
	</word>	<word>
		<sanskrit>tu</sanskrit>
		<indonesian>tetapi</indonesian>
	</word>	<word>
		<sanskrit>kā</sanskrit>
		<indonesian>apakah</indonesian>
	</word>	<word>
		<sanskrit>kṛṣṇa</sanskrit>
		<indonesian>o Krishna</indonesian>
	</word>	<word>
		<sanskrit>sattvām</sanskrit>
		<indonesian>dalam kebaikan</indonesian>
	</word>	<word>
		<sanskrit>aho</sanskrit>
		<indonesian>atau hal lain</indonesian>
	</word>	<word>
		<sanskrit>rājāḥ</sanskrit>
		<indonesian>dalam nafsu</indonesian>
	</word>	<word>
		<sanskrit>tamaḥ</sanskrit>
		<indonesian>dalam kebodohan.</indonesian>
	</word>	<word>
		<sanskrit>Śrī-bhagavān uvāca</sanskrit>
		<indonesian>Kepribadian Tuhan Yang Maha Esa bersabda</indonesian>
	</word>	<word>
		<sanskrit>tri-vidhā</sanskrit>
		<indonesian>dari tiga jenis</indonesian>
	</word>	<word>
		<sanskrit>bhavati</sanskrit>
		<indonesian>menjadi</indonesian>
	</word>	<word>
		<sanskrit>śraddhā</sanskrit>
		<indonesian>kepercayaan</indonesian>
	</word>	<word>
		<sanskrit>dehinam</sanskrit>
		<indonesian>milik dia yang berada di dalam badan</indonesian>
	</word>	<word>
		<sanskrit>sa</sanskrit>
		<indonesian>itu</indonesian>
	</word>	<word>
		<sanskrit>sva-bhāva-jā</sanskrit>
		<indonesian>menurut sifatnya dalam alam material</indonesian>
	</word>	<word>
		<sanskrit>sāttvikī</sanskrit>
		<indonesian>dalam sifat kebaikan</indonesian>
	</word>	<word>
		<sanskrit>rājāsi</sanskrit>
		<indonesian>dalam sifat nafsu</indonesian>
	</word>	<word>
		<sanskrit>ca</sanskrit>
		<indonesian>juga</indonesian>
	</word>	<word>
		<sanskrit>evā</sanskrit>
		<indonesian>pasti</indonesian>
	</word>	<word>
		<sanskrit>tamasi</sanskrit>
		<indonesian>dalam sifat kebodohan</indonesian>
	</word>	<word>
		<sanskrit>ca</sanskrit>
		<indonesian>juga</indonesian>
	</word>	<word>
		<sanskrit>iti</sanskrit>
		<indonesian>demikian</indonesian>
	</word>	<word>
		<sanskrit>tam</sanskrit>
		<indonesian>itu</indonesian>
	</word>	<word>
		<sanskrit>śṛṇu</sanskrit>
		<indonesian>dengarlah dari-Ku.</indonesian>
	</word>	<word>
		<sanskrit>sattva-anurūpā</sanskrit>
		<indonesian>menurut keadaan hidup</indonesian>
	</word>	<word>
		<sanskrit>sarvasya</sanskrit>
		<indonesian>milik setiap orang</indonesian>
	</word>	<word>
		<sanskrit>śraddhā</sanskrit>
		<indonesian>kepercayaan</indonesian>
	</word>	<word>
		<sanskrit>bhavati</sanskrit>
		<indonesian>menjadi</indonesian>
	</word>	<word>
		<sanskrit>Bhārata</sanskrit>
		<indonesian>wahai putera</indonesian>
	</word>	<word>
		<sanskrit>Bhārata</sanskrit>
		<indonesian></indonesian>
	</word>	<word>
		<sanskrit>śraddhā</sanskrit>
		<indonesian>kepercayaan</indonesian>
	</word>	<word>
		<sanskrit>mayāḥ</sanskrit>
		<indonesian>penuh</indonesian>
	</word>	<word>
		<sanskrit>ayam</sanskrit>
		<indonesian>ini</indonesian>
	</word>	<word>
		<sanskrit>puruṣaḥ</sanskrit>
		<indonesian>makhluk hidup</indonesian>
	</word>	<word>
		<sanskrit>yaḥ</sanskrit>
		<indonesian>yang</indonesian>
	</word>	<word>
		<sanskrit>yat</sanskrit>
		<indonesian>yang mempunyai</indonesian>
	</word>	<word>
		<sanskrit>śraddhaḥ</sanskrit>
		<indonesian>kepercayaan</indonesian>
	</word>	<word>
		<sanskrit>saḥ</sanskrit>
		<indonesian>demikian</indonesian>
	</word>	<word>
		<sanskrit>evā</sanskrit>
		<indonesian>pasti</indonesian>
	</word>	<word>
		<sanskrit>saḥ</sanskrit>
		<indonesian>dia.</indonesian>
	</word>	<word>
		<sanskrit>yajante</sanskrit>
		<indonesian>menyembah</indonesian>
	</word>	<word>
		<sanskrit>sāttvikāḥ</sanskrit>
		<indonesian>orang yang berada dalam sifat kebaikan</indonesian>
	</word>	<word>
		<sanskrit>devān</sanskrit>
		<indonesian>para dewa</indonesian>
	</word>	<word>
		<sanskrit>yakṣa-rakṣāḿsi</sanskrit>
		<indonesian>para raksasa atau orang jahat</indonesian>
	</word>	<word>
		<sanskrit>rājasāḥ</sanskrit>
		<indonesian>orang yang berada dalam sifat nafsu</indonesian>
	</word>	<word>
		<sanskrit>pretān</sanskrit>
		<indonesian>arwah orang yang sudah meninggal</indonesian>
	</word>	<word>
		<sanskrit>bhūta-gaṇān</sanskrit>
		<indonesian>hantu-hantu</indonesian>
	</word>	<word>
		<sanskrit>ca</sanskrit>
		<indonesian>dan</indonesian>
	</word>	<word>
		<sanskrit>anye</sanskrit>
		<indonesian>orang lain</indonesian>
	</word>	<word>
		<sanskrit>yajante</sanskrit>
		<indonesian>menyembah</indonesian>
	</word>	<word>
		<sanskrit>tamasaḥ</sanskrit>
		<indonesian>dalam sifat kebodohan</indonesian>
	</word>	<word>
		<sanskrit>janaḥ</sanskrit>
		<indonesian>orang.</indonesian>
	</word>	<word>
		<sanskrit>aśastra</sanskrit>
		<indonesian>tidak tercantum dalam Kitab Suci</indonesian>
	</word>	<word>
		<sanskrit>vihitam</sanskrit>
		<indonesian>diatur</indonesian>
	</word>	<word>
		<sanskrit>ghoram</sanskrit>
		<indonesian>menyakiti orang lain</indonesian>
	</word>	<word>
		<sanskrit>tapyante</sanskrit>
		<indonesian>menjalani</indonesian>
	</word>	<word>
		<sanskrit>ye</sanskrit>
		<indonesian>orang yang</indonesian>
	</word>	<word>
		<sanskrit>tapaḥ</sanskrit>
		<indonesian>pertapaan</indonesian>
	</word>	<word>
		<sanskrit>janaḥ</sanskrit>
		<indonesian>orang</indonesian>
	</word>	<word>
		<sanskrit>dambha</sanskrit>
		<indonesian>dengan rasa bangga</indonesian>
	</word>	<word>
		<sanskrit>ahańkāra</sanskrit>
		<indonesian>dan keakuan palsu</indonesian>
	</word>	<word>
		<sanskrit>saḿyuktāḥ</sanskrit>
		<indonesian>sibuk</indonesian>
	</word>	<word>
		<sanskrit>kāma</sanskrit>
		<indonesian>nafsu</indonesian>
	</word>	<word>
		<sanskrit>rāga</sanskrit>
		<indonesian>dan ikatan</indonesian>
	</word>	<word>
		<sanskrit>bala</sanskrit>
		<indonesian>oleh kekuatan</indonesian>
	</word>	<word>
		<sanskrit>anvitāḥ</sanskrit>
		<indonesian>didorong</indonesian>
	</word>	<word>
		<sanskrit>karṣayantaḥ</sanskrit>
		<indonesian>menyiksa</indonesian>
	</word>	<word>
		<sanskrit>śarīra-stham</sanskrit>
		<indonesian>berada di dalam badan</indonesian>
	</word>	<word>
		<sanskrit>bhūta-grāmam</sanskrit>
		<indonesian>gabungan unsur-unsur material</indonesian>
	</word>	<word>
		<sanskrit>acetasāḥ</sanskrit>
		<indonesian>karena pikiran sesat</indonesian>
	</word>	<word>
		<sanskrit>mām</sanskrit>
		<indonesian>Aku</indonesian>
	</word>	<word>
		<sanskrit>ca</sanskrit>
		<indonesian>juga</indonesian>
	</word>	<word>
		<sanskrit>evā</sanskrit>
		<indonesian>pasti</indonesian>
	</word>	<word>
		<sanskrit>antaḥ</sanskrit>
		<indonesian>di dalam</indonesian>
	</word>	<word>
		<sanskrit>śarīra-stham</sanskrit>
		<indonesian>bersemayam di dalam badan</indonesian>
	</word>	<word>
		<sanskrit>tān</sanskrit>
		<indonesian>mereka</indonesian>
	</word>	<word>
		<sanskrit>viddhi</sanskrit>
		<indonesian>memahami</indonesian>
	</word>	<word>
		<sanskrit>āsura-niścayān</sanskrit>
		<indonesian>orang jahat.</indonesian>
	</word>	<word>
		<sanskrit>āhārāḥ</sanskrit>
		<indonesian>makan</indonesian>
	</word>	<word>
		<sanskrit>tu</sanskrit>
		<indonesian>pasti</indonesian>
	</word>	<word>
		<sanskrit>api</sanskrit>
		<indonesian>juga</indonesian>
	</word>	<word>
		<sanskrit>sarvasya</sanskrit>
		<indonesian>milik setiap orang</indonesian>
	</word>	<word>
		<sanskrit>tri-vidhaḥ</sanskrit>
		<indonesian>terdiri dari tiga jenis</indonesian>
	</word>	<word>
		<sanskrit>bhavati</sanskrit>
		<indonesian>ada</indonesian>
	</word>	<word>
		<sanskrit>priyaḥ</sanskrit>
		<indonesian>disukai</indonesian>
	</word>	<word>
		<sanskrit>yajñaḥ</sanskrit>
		<indonesian>korban suci</indonesian>
	</word>	<word>
		<sanskrit>tapaḥ</sanskrit>
		<indonesian>pertapaan</indonesian>
	</word>	<word>
		<sanskrit>tathā</sanskrit>
		<indonesian>juga</indonesian>
	</word>	<word>
		<sanskrit>dānam</sanskrit>
		<indonesian>kedermawanan</indonesian>
	</word>	<word>
		<sanskrit>teṣām</sanskrit>
		<indonesian>antara mereka</indonesian>
	</word>	<word>
		<sanskrit>bhedam</sanskrit>
		<indonesian>perbedaan</indonesian>
	</word>	<word>
		<sanskrit>imām</sanskrit>
		<indonesian>ini</indonesian>
	</word>	<word>
		<sanskrit>śṛṇu</sanskrit>
		<indonesian>dengarlah.</indonesian>
	</word>	<word>
		<sanskrit>āyuḥ</sanskrit>
		<indonesian>usia hidup</indonesian>
	</word>	<word>
		<sanskrit>sattva</sanskrit>
		<indonesian>kehidupan</indonesian>
	</word>	<word>
		<sanskrit>bala</sanskrit>
		<indonesian>kekuatan</indonesian>
	</word>	<word>
		<sanskrit>ārogya</sanskrit>
		<indonesian>kesehatan</indonesian>
	</word>	<word>
		<sanskrit>sukha</sanskrit>
		<indonesian>kebahagiaan</indonesian>
	</word>	<word>
		<sanskrit>prīti</sanskrit>
		<indonesian>dan kepuasan</indonesian>
	</word>	<word>
		<sanskrit>vivardhanāḥ</sanskrit>
		<indonesian>meningkatkan</indonesian>
	</word>	<word>
		<sanskrit>rasyāḥ</sanskrit>
		<indonesian>penuh sari</indonesian>
	</word>	<word>
		<sanskrit>snigdhāḥ</sanskrit>
		<indonesian>berlemak</indonesian>
	</word>	<word>
		<sanskrit>sthiraḥ</sanskrit>
		<indonesian>tahan lama</indonesian>
	</word>	<word>
		<sanskrit>hṛdyāḥ</sanskrit>
		<indonesian>menyenangkan</indonesian>
	</word>	<word>
		<sanskrit>āhārāḥ</sanskrit>
		<indonesian>makanan</indonesian>
	</word>	<word>
		<sanskrit>sāttvika</sanskrit>
		<indonesian>kepada orang dalam sifat kebaikan</indonesian>
	</word>	<word>
		<sanskrit>priyaḥ</sanskrit>
		<indonesian>enak.</indonesian>
	</word>	<word>
		<sanskrit>kaṭu</sanskrit>
		<indonesian>pahit</indonesian>
	</word>	<word>
		<sanskrit>amla</sanskrit>
		<indonesian>asam</indonesian>
	</word>	<word>
		<sanskrit>lavaṇa</sanskrit>
		<indonesian>asin</indonesian>
	</word>	<word>
		<sanskrit>ati-uṣṇa</sanskrit>
		<indonesian>panas sekali atau menyebabkan badan menjadi panas sekali</indonesian>
	</word>	<word>
		<sanskrit>tīkṣṇa</sanskrit>
		<indonesian>pedas</indonesian>
	</word>	<word>
		<sanskrit>rūkṣa</sanskrit>
		<indonesian>kering</indonesian>
	</word>	<word>
		<sanskrit>vidāhinaḥ</sanskrit>
		<indonesian>berisi terlalu banyak bumbu yang keras sekali</indonesian>
	</word>	<word>
		<sanskrit>āhārāḥ</sanskrit>
		<indonesian>makanan</indonesian>
	</word>	<word>
		<sanskrit>rājasasya</sanskrit>
		<indonesian>kepada orang dalam sifat nafsu</indonesian>
	</word>	<word>
		<sanskrit>iṣṭāḥ</sanskrit>
		<indonesian>enak</indonesian>
	</word>	<word>
		<sanskrit>duḥkha</sanskrit>
		<indonesian>dukacita</indonesian>
	</word>	<word>
		<sanskrit>śoka</sanskrit>
		<indonesian>kesengsaraan</indonesian>
	</word>	<word>
		<sanskrit>āmayā</sanskrit>
		<indonesian>penyakit</indonesian>
	</word>	<word>
		<sanskrit>pradāḥ</sanskrit>
		<indonesian>menyebabkan.</indonesian>
	</word>	<word>
		<sanskrit>yāta-yāmam</sanskrit>
		<indonesian>makanan yang dimasak lebih dari tiga jam sebelum dimakan</indonesian>
	</word>	<word>
		<sanskrit>gata-rasam</sanskrit>
		<indonesian>hambar</indonesian>
	</word>	<word>
		<sanskrit>pūti</sanskrit>
		<indonesian>berbau busuk</indonesian>
	</word>	<word>
		<sanskrit>paryuṣitam</sanskrit>
		<indonesian>basi</indonesian>
	</word>	<word>
		<sanskrit>ca</sanskrit>
		<indonesian>juga</indonesian>
	</word>	<word>
		<sanskrit>yat</sanskrit>
		<indonesian>itu yang</indonesian>
	</word>	<word>
		<sanskrit>ucchiṣṭam</sanskrit>
		<indonesian>sisa orang lain</indonesian>
	</word>	<word>
		<sanskrit>api</sanskrit>
		<indonesian>juga</indonesian>
	</word>	<word>
		<sanskrit>ca</sanskrit>
		<indonesian>dan</indonesian>
	</word>	<word>
		<sanskrit>amedhyam</sanskrit>
		<indonesian>haram</indonesian>
	</word>	<word>
		<sanskrit>bhojanam</sanskrit>
		<indonesian>makanan</indonesian>
	</word>	<word>
		<sanskrit>tāmasa</sanskrit>
		<indonesian>bagi orang dalam sifat kegelapan</indonesian>
	</word>	<word>
		<sanskrit>priyam</sanskrit>
		<indonesian>disukai.</indonesian>
	</word>	<word>
		<sanskrit>aphala-ākāńkṣibhiḥ</sanskrit>
		<indonesian>orang yang bebas dari keinginan untuk memperoleh hasil</indonesian>
	</word>	<word>
		<sanskrit>yajñaḥ</sanskrit>
		<indonesian>korban suci</indonesian>
	</word>	<word>
		<sanskrit>vidhi-dṛṣṭaḥ</sanskrit>
		<indonesian>menurut aturan Kitab Suci</indonesian>
	</word>	<word>
		<sanskrit>yaḥ</sanskrit>
		<indonesian>yang</indonesian>
	</word>	<word>
		<sanskrit>ijyate</sanskrit>
		<indonesian>dilakukan</indonesian>
	</word>	<word>
		<sanskrit>yaṣṭavyam</sanskrit>
		<indonesian>harus dilakukan</indonesian>
	</word>	<word>
		<sanskrit>evā</sanskrit>
		<indonesian>pasti</indonesian>
	</word>	<word>
		<sanskrit>iti</sanskrit>
		<indonesian>demikian</indonesian>
	</word>	<word>
		<sanskrit>manaḥ</sanskrit>
		<indonesian>pikiran</indonesian>
	</word>	<word>
		<sanskrit>samādhāya</sanskrit>
		<indonesian>memusatkan</indonesian>
	</word>	<word>
		<sanskrit>saḥ</sanskrit>
		<indonesian>itu</indonesian>
	</word>	<word>
		<sanskrit>sāttvikaḥ</sanskrit>
		<indonesian>dalam kebaikan.</indonesian>
	</word>	<word>
		<sanskrit>abhisandhāya</sanskrit>
		<indonesian>menginginkan</indonesian>
	</word>	<word>
		<sanskrit>tu</sanskrit>
		<indonesian>tetapi</indonesian>
	</word>	<word>
		<sanskrit>phalam</sanskrit>
		<indonesian>hasil</indonesian>
	</word>	<word>
		<sanskrit>dambha</sanskrit>
		<indonesian>merasa bangga</indonesian>
	</word>	<word>
		<sanskrit>artham</sanskrit>
		<indonesian>demi</indonesian>
	</word>	<word>
		<sanskrit>api</sanskrit>
		<indonesian>juga</indonesian>
	</word>	<word>
		<sanskrit>ca</sanskrit>
		<indonesian>dan</indonesian>
	</word>	<word>
		<sanskrit>evā</sanskrit>
		<indonesian>pasti</indonesian>
	</word>	<word>
		<sanskrit>yat</sanskrit>
		<indonesian>itu yang</indonesian>
	</word>	<word>
		<sanskrit>ijyate</sanskrit>
		<indonesian>dilakukan</indonesian>
	</word>	<word>
		<sanskrit>bhārata-śreṣṭha</sanskrit>
		<indonesian>yang paling utama di antara</indonesian>
	</word>	<word>
		<sanskrit>Bhārata</sanskrit>
		<indonesian></indonesian>
	</word>	<word>
		<sanskrit>tam</sanskrit>
		<indonesian>itu</indonesian>
	</word>	<word>
		<sanskrit>yajñām</sanskrit>
		<indonesian>korban suci</indonesian>
	</word>	<word>
		<sanskrit>viddhi</sanskrit>
		<indonesian>ketahuilah</indonesian>
	</word>	<word>
		<sanskrit>rājasam</sanskrit>
		<indonesian>dalam sifat nafsu.</indonesian>
	</word>	<word>
		<sanskrit>vidhi-hīnam</sanskrit>
		<indonesian>tanpa petunjuk dari Kitab Suci</indonesian>
	</word>	<word>
		<sanskrit>asṛṣṭa-annam</sanskrit>
		<indonesian>tanpa membagikan</indonesian>
	</word>	<word>
		<sanskrit>prasādam</sanskrit>
		<indonesian></indonesian>
	</word>	<word>
		<sanskrit>mantra-hīnam</sanskrit>
		<indonesian>tanpa ucapan dari mantra-mantra Veda</indonesian>
	</word>	<word>
		<sanskrit>adakṣiṇam</sanskrit>
		<indonesian>tanpa sumbangan pada para pendeta</indonesian>
	</word>	<word>
		<sanskrit>śraddhā</sanskrit>
		<indonesian>kepercayaan</indonesian>
	</word>	<word>
		<sanskrit>virahitam</sanskrit>
		<indonesian>tanpa</indonesian>
	</word>	<word>
		<sanskrit>yajñām</sanskrit>
		<indonesian>korban suci</indonesian>
	</word>	<word>
		<sanskrit>tāmasam</sanskrit>
		<indonesian>dalam sifat kebodohan</indonesian>
	</word>	<word>
		<sanskrit>paricakṣate</sanskrit>
		<indonesian>harus dianggap.</indonesian>
	</word>	<word>
		<sanskrit>deva</sanskrit>
		<indonesian>terhadap Tuhan Yang Maha Esa</indonesian>
	</word>	<word>
		<sanskrit>dvija</sanskrit>
		<indonesian>para</indonesian>
	</word>	<word>
		<sanskrit>brahmaṇā</sanskrit>
		<indonesian></indonesian>
	</word>	<word>
		<sanskrit>guru</sanskrit>
		<indonesian>guru-guru kerohanian</indonesian>
	</word>	<word>
		<sanskrit>prajñā</sanskrit>
		<indonesian>dan tujuan-tujuan yang pantas disembah</indonesian>
	</word>	<word>
		<sanskrit>pūjanam</sanskrit>
		<indonesian>menyembah</indonesian>
	</word>	<word>
		<sanskrit>śaucam</sanskrit>
		<indonesian>kebersihan</indonesian>
	</word>	<word>
		<sanskrit>ārjavam</sanskrit>
		<indonesian>kesederhanaan</indonesian>
	</word>	<word>
		<sanskrit>brahmācāryam</sanskrit>
		<indonesian>berpantang melakukan hubungan suami isteri</indonesian>
	</word>	<word>
		<sanskrit>ahiḿsā</sanskrit>
		<indonesian>tidak melakukan kekerasan</indonesian>
	</word>	<word>
		<sanskrit>ca</sanskrit>
		<indonesian>juga</indonesian>
	</word>	<word>
		<sanskrit>śārīram</sanskrit>
		<indonesian>mengenai badan</indonesian>
	</word>	<word>
		<sanskrit>tapaḥ</sanskrit>
		<indonesian>pertapaan</indonesian>
	</word>	<word>
		<sanskrit>ucyate</sanskrit>
		<indonesian>dikatakan sebagai.</indonesian>
	</word>	<word>
		<sanskrit>anudvega-karam</sanskrit>
		<indonesian>tidak dengan mengganggu</indonesian>
	</word>	<word>
		<sanskrit>vākyam</sanskrit>
		<indonesian>kata-kata</indonesian>
	</word>	<word>
		<sanskrit>satyam</sanskrit>
		<indonesian>jujur</indonesian>
	</word>	<word>
		<sanskrit>priya</sanskrit>
		<indonesian>disukai</indonesian>
	</word>	<word>
		<sanskrit>hitam</sanskrit>
		<indonesian>bermanfaat</indonesian>
	</word>	<word>
		<sanskrit>ca</sanskrit>
		<indonesian>juga</indonesian>
	</word>	<word>
		<sanskrit>yat</sanskrit>
		<indonesian>yang</indonesian>
	</word>	<word>
		<sanskrit>svādhyāya</sanskrit>
		<indonesian>mengenai pelajaran Veda</indonesian>
	</word>	<word>
		<sanskrit>abhyāsanam</sanskrit>
		<indonesian>latihan</indonesian>
	</word>	<word>
		<sanskrit>ca</sanskrit>
		<indonesian>juga</indonesian>
	</word>	<word>
		<sanskrit>evā</sanskrit>
		<indonesian>pasti</indonesian>
	</word>	<word>
		<sanskrit>vakmayam</sanskrit>
		<indonesian>mengenai suara</indonesian>
	</word>	<word>
		<sanskrit>tapaḥ</sanskrit>
		<indonesian>pertapaan</indonesian>
	</word>	<word>
		<sanskrit>ucyate</sanskrit>
		<indonesian>dikatakan sebagai.</indonesian>
	</word>	<word>
		<sanskrit>manaḥ-prasadāḥ</sanskrit>
		<indonesian>kepuasan pikiran</indonesian>
	</word>	<word>
		<sanskrit>saumyatvām</sanskrit>
		<indonesian>tanpa penipuan terhadap orang lain</indonesian>
	</word>	<word>
		<sanskrit>maunam</sanskrit>
		<indonesian>sikap serius atau diam</indonesian>
	</word>	<word>
		<sanskrit>ātmā</sanskrit>
		<indonesian>terhadap sang diri</indonesian>
	</word>	<word>
		<sanskrit>vinigrahaḥ</sanskrit>
		<indonesian>pengendalian</indonesian>
	</word>	<word>
		<sanskrit>bhava</sanskrit>
		<indonesian>terhadap sifat seseorang</indonesian>
	</word>	<word>
		<sanskrit>saḿśuddhiḥ</sanskrit>
		<indonesian>penyucian</indonesian>
	</word>	<word>
		<sanskrit>iti</sanskrit>
		<indonesian>demikian</indonesian>
	</word>	<word>
		<sanskrit>etat</sanskrit>
		<indonesian>ini</indonesian>
	</word>	<word>
		<sanskrit>tapaḥ</sanskrit>
		<indonesian>pertapaan</indonesian>
	</word>	<word>
		<sanskrit>mānasam</sanskrit>
		<indonesian>mengenai pikiran</indonesian>
	</word>	<word>
		<sanskrit>ucyate</sanskrit>
		<indonesian>dikatakan sebagai.</indonesian>
	</word>	<word>
		<sanskrit>śraddhayā</sanskrit>
		<indonesian>dengan keyakinan</indonesian>
	</word>	<word>
		<sanskrit>parayā</sanskrit>
		<indonesian>rohani</indonesian>
	</word>	<word>
		<sanskrit>taptam</sanskrit>
		<indonesian>dilakukan</indonesian>
	</word>	<word>
		<sanskrit>tapaḥ</sanskrit>
		<indonesian>pertapaan</indonesian>
	</word>	<word>
		<sanskrit>tat</sanskrit>
		<indonesian>itu</indonesian>
	</word>	<word>
		<sanskrit>tri-vidham</sanskrit>
		<indonesian>terdiri dari tiga jenis</indonesian>
	</word>	<word>
		<sanskrit>naraiḥ</sanskrit>
		<indonesian>oleh manusia</indonesian>
	</word>	<word>
		<sanskrit>aphala-ākāńkṣibhiḥ</sanskrit>
		<indonesian>orang yang tidak mengharapkan pamrih</indonesian>
	</word>	<word>
		<sanskrit>yuktaiḥ</sanskrit>
		<indonesian>tekun</indonesian>
	</word>	<word>
		<sanskrit>sāttvikam</sanskrit>
		<indonesian>dalam sifat kebaikan</indonesian>
	</word>	<word>
		<sanskrit>paricakṣate</sanskrit>
		<indonesian>disebut.</indonesian>
	</word>	<word>
		<sanskrit>sat-kāra</sanskrit>
		<indonesian>pujian</indonesian>
	</word>	<word>
		<sanskrit>māna</sanskrit>
		<indonesian>penghormatan</indonesian>
	</word>	<word>
		<sanskrit>pūjā</sanskrit>
		<indonesian>dan pujaan</indonesian>
	</word>	<word>
		<sanskrit>artham</sanskrit>
		<indonesian>demi</indonesian>
	</word>	<word>
		<sanskrit>tapaḥ</sanskrit>
		<indonesian>pertapaan</indonesian>
	</word>	<word>
		<sanskrit>dambhena</sanskrit>
		<indonesian>dengan rasa bangga</indonesian>
	</word>	<word>
		<sanskrit>ca</sanskrit>
		<indonesian>juga</indonesian>
	</word>	<word>
		<sanskrit>evā</sanskrit>
		<indonesian>pasti</indonesian>
	</word>	<word>
		<sanskrit>yat</sanskrit>
		<indonesian>yang</indonesian>
	</word>	<word>
		<sanskrit>kriyate</sanskrit>
		<indonesian>dilakukan</indonesian>
	</word>	<word>
		<sanskrit>tat</sanskrit>
		<indonesian>itu</indonesian>
	</word>	<word>
		<sanskrit>iha</sanskrit>
		<indonesian>di dunia ini</indonesian>
	</word>	<word>
		<sanskrit>proktām</sanskrit>
		<indonesian>dikatakan</indonesian>
	</word>	<word>
		<sanskrit>rājasam</sanskrit>
		<indonesian>dalam sifat nafsu</indonesian>
	</word>	<word>
		<sanskrit>calam</sanskrit>
		<indonesian>berkedip-kedip</indonesian>
	</word>	<word>
		<sanskrit>adhruvam</sanskrit>
		<indonesian>sementara.</indonesian>
	</word>	<word>
		<sanskrit>mūḍha</sanskrit>
		<indonesian>bodoh</indonesian>
	</word>	<word>
		<sanskrit>grāheṇa</sanskrit>
		<indonesian>dengan usaha</indonesian>
	</word>	<word>
		<sanskrit>ātmanāḥ</sanskrit>
		<indonesian>dari diri sendiri</indonesian>
	</word>	<word>
		<sanskrit>yat</sanskrit>
		<indonesian>yang</indonesian>
	</word>	<word>
		<sanskrit>pīḍayā</sanskrit>
		<indonesian>oleh siksaan</indonesian>
	</word>	<word>
		<sanskrit>kriyate</sanskrit>
		<indonesian>dilakukan</indonesian>
	</word>	<word>
		<sanskrit>tapaḥ</sanskrit>
		<indonesian>pertapaan</indonesian>
	</word>	<word>
		<sanskrit>parasya</sanskrit>
		<indonesian>kepada orang lain</indonesian>
	</word>	<word>
		<sanskrit>utsādana-artham</sanskrit>
		<indonesian>untuk menghancurkan</indonesian>
	</word>	<word>
		<sanskrit>vā</sanskrit>
		<indonesian>atau</indonesian>
	</word>	<word>
		<sanskrit>tat</sanskrit>
		<indonesian>itu</indonesian>
	</word>	<word>
		<sanskrit>tāmasam</sanskrit>
		<indonesian>dalam sifat kegelapan</indonesian>
	</word>	<word>
		<sanskrit>udāhṛtam</sanskrit>
		<indonesian>dikatakan sebagai.</indonesian>
	</word>	<word>
		<sanskrit>dātavyam</sanskrit>
		<indonesian>patut diberikan</indonesian>
	</word>	<word>
		<sanskrit>iti</sanskrit>
		<indonesian>demikian</indonesian>
	</word>	<word>
		<sanskrit>yat</sanskrit>
		<indonesian>itu yang</indonesian>
	</word>	<word>
		<sanskrit>dānam</sanskrit>
		<indonesian>kedermawanan</indonesian>
	</word>	<word>
		<sanskrit>dīyate</sanskrit>
		<indonesian>diberikan</indonesian>
	</word>	<word>
		<sanskrit>anupakāriṇe</sanskrit>
		<indonesian>tidak mempedulikan pamrih</indonesian>
	</word>	<word>
		<sanskrit>deśe</sanskrit>
		<indonesian>di tempat yang tepat</indonesian>
	</word>	<word>
		<sanskrit>kāle</sanskrit>
		<indonesian>pada waktu yang tepat</indonesian>
	</word>	<word>
		<sanskrit>ca</sanskrit>
		<indonesian>juga</indonesian>
	</word>	<word>
		<sanskrit>pātre</sanskrit>
		<indonesian>kepada orang yang cocok</indonesian>
	</word>	<word>
		<sanskrit>ca</sanskrit>
		<indonesian>dan</indonesian>
	</word>	<word>
		<sanskrit>tat</sanskrit>
		<indonesian>itu</indonesian>
	</word>	<word>
		<sanskrit>dānam</sanskrit>
		<indonesian>kedermawanan</indonesian>
	</word>	<word>
		<sanskrit>sāttvikam</sanskrit>
		<indonesian>dalam sifat kebaikan</indonesian>
	</word>	<word>
		<sanskrit>smṛtam</sanskrit>
		<indonesian>dianggap.</indonesian>
	</word>	<word>
		<sanskrit>yat</sanskrit>
		<indonesian>itu yang</indonesian>
	</word>	<word>
		<sanskrit>tu</sanskrit>
		<indonesian>tetapi</indonesian>
	</word>	<word>
		<sanskrit>prati</sanskrit>
		<indonesian>-</indonesian>
	</word>	<word>
		<sanskrit>upakāra-artham</sanskrit>
		<indonesian>untuk memperoleh pamrih</indonesian>
	</word>	<word>
		<sanskrit>phalam</sanskrit>
		<indonesian>hasil</indonesian>
	</word>	<word>
		<sanskrit>uddiśya</sanskrit>
		<indonesian>menginginkan</indonesian>
	</word>	<word>
		<sanskrit>vā</sanskrit>
		<indonesian>atau</indonesian>
	</word>	<word>
		<sanskrit>punaḥ</sanskrit>
		<indonesian>lagi</indonesian>
	</word>	<word>
		<sanskrit>dīyate</sanskrit>
		<indonesian>diberikan</indonesian>
	</word>	<word>
		<sanskrit>ca</sanskrit>
		<indonesian>juga</indonesian>
	</word>	<word>
		<sanskrit>parikliṣṭam</sanskrit>
		<indonesian>dengan rasa kesal</indonesian>
	</word>	<word>
		<sanskrit>tat</sanskrit>
		<indonesian>itu</indonesian>
	</word>	<word>
		<sanskrit>dānam</sanskrit>
		<indonesian>kedermawanan</indonesian>
	</word>	<word>
		<sanskrit>rājasam</sanskrit>
		<indonesian>dalam sifat nafsu</indonesian>
	</word>	<word>
		<sanskrit>smṛtam</sanskrit>
		<indonesian>dimengerti sebagai.</indonesian>
	</word>	<word>
		<sanskrit>adeśa</sanskrit>
		<indonesian>di tempat yang tidak suci</indonesian>
	</word>	<word>
		<sanskrit>kāle</sanskrit>
		<indonesian>dan pada waktu yang tidak suci</indonesian>
	</word>	<word>
		<sanskrit>yat</sanskrit>
		<indonesian>itu yang</indonesian>
	</word>	<word>
		<sanskrit>dānam</sanskrit>
		<indonesian>sumbangan</indonesian>
	</word>	<word>
		<sanskrit>upātrebhyaḥ</sanskrit>
		<indonesian>kepada orang yang tidak patut menerima</indonesian>
	</word>	<word>
		<sanskrit>ca</sanskrit>
		<indonesian>juga</indonesian>
	</word>	<word>
		<sanskrit>dīyate</sanskrit>
		<indonesian>diberikan</indonesian>
	</word>	<word>
		<sanskrit>asat-kṛtam</sanskrit>
		<indonesian>tanpa rasa hormat</indonesian>
	</word>	<word>
		<sanskrit>avajñātam</sanskrit>
		<indonesian>tanpa perhatian yang benar</indonesian>
	</word>	<word>
		<sanskrit>tat</sanskrit>
		<indonesian>itu</indonesian>
	</word>	<word>
		<sanskrit>tāmasam</sanskrit>
		<indonesian>dalam sifat kegelapan</indonesian>
	</word>	<word>
		<sanskrit>udāhṛtam</sanskrit>
		<indonesian>dikatakan sebagai.</indonesian>
	</word>	<word>
		<sanskrit>oḿ</sanskrit>
		<indonesian>menunjukkan Yang Mahakuasa</indonesian>
	</word>	<word>
		<sanskrit>tat</sanskrit>
		<indonesian>itu</indonesian>
	</word>	<word>
		<sanskrit>sat</sanskrit>
		<indonesian>kekal</indonesian>
	</word>	<word>
		<sanskrit>iti</sanskrit>
		<indonesian>demikian</indonesian>
	</word>	<word>
		<sanskrit>nirdeśaḥ</sanskrit>
		<indonesian>sebutan</indonesian>
	</word>	<word>
		<sanskrit>brahmaṇaḥ</sanskrit>
		<indonesian>tentang Yang Mahakuasa</indonesian>
	</word>	<word>
		<sanskrit>tri-vidhaḥ</sanskrit>
		<indonesian>tiga jenis</indonesian>
	</word>	<word>
		<sanskrit>smṛtaḥ</sanskrit>
		<indonesian>dianggap</indonesian>
	</word>	<word>
		<sanskrit>brahmaṇaḥ</sanskrit>
		<indonesian>para</indonesian>
	</word>	<word>
		<sanskrit>brahmaṇā</sanskrit>
		<indonesian></indonesian>
	</word>	<word>
		<sanskrit>tena</sanskrit>
		<indonesian>dengan itu</indonesian>
	</word>	<word>
		<sanskrit>vedāḥ</sanskrit>
		<indonesian>kesusasteraan Veda</indonesian>
	</word>	<word>
		<sanskrit>ca</sanskrit>
		<indonesian>juga</indonesian>
	</word>	<word>
		<sanskrit>yajñaḥ</sanskrit>
		<indonesian>korban suci</indonesian>
	</word>	<word>
		<sanskrit>ca</sanskrit>
		<indonesian>juga</indonesian>
	</word>	<word>
		<sanskrit>vihitāḥ</sanskrit>
		<indonesian>digunakan</indonesian>
	</word>	<word>
		<sanskrit>purā</sanskrit>
		<indonesian>dahulu kala.</indonesian>
	</word>	<word>
		<sanskrit>tasmāt</sanskrit>
		<indonesian>karena itu</indonesian>
	</word>	<word>
		<sanskrit>oḿ</sanskrit>
		<indonesian>mulai dengan kata</indonesian>
	</word>	<word>
		<sanskrit>oḿ</sanskrit>
		<indonesian></indonesian>
	</word>	<word>
		<sanskrit>iti</sanskrit>
		<indonesian>demikian</indonesian>
	</word>	<word>
		<sanskrit>udāhṛtya</sanskrit>
		<indonesian>menunjukkan</indonesian>
	</word>	<word>
		<sanskrit>yajñā</sanskrit>
		<indonesian>mengenai korban suci</indonesian>
	</word>	<word>
		<sanskrit>dāna</sanskrit>
		<indonesian>kedermawanan</indonesian>
	</word>	<word>
		<sanskrit>tapaḥ</sanskrit>
		<indonesian>dan pertapaan</indonesian>
	</word>	<word>
		<sanskrit>kriyāḥ</sanskrit>
		<indonesian>berbagai pelaksanaan</indonesian>
	</word>	<word>
		<sanskrit>pravartante</sanskrit>
		<indonesian>mulai</indonesian>
	</word>	<word>
		<sanskrit>vidhāna-uktāḥ</sanskrit>
		<indonesian>menurut aturan Kitab Suci</indonesian>
	</word>	<word>
		<sanskrit>satatam</sanskrit>
		<indonesian>selalu</indonesian>
	</word>	<word>
		<sanskrit>brahma-vādinām</sanskrit>
		<indonesian>para rohaniwan.</indonesian>
	</word>	<word>
		<sanskrit>tat</sanskrit>
		<indonesian>itu</indonesian>
	</word>	<word>
		<sanskrit>iti</sanskrit>
		<indonesian>demikian</indonesian>
	</word>	<word>
		<sanskrit>anabhisandhāya</sanskrit>
		<indonesian>tanpa menginginkan</indonesian>
	</word>	<word>
		<sanskrit>phalam</sanskrit>
		<indonesian>buah atau hasil yang diharapkan</indonesian>
	</word>	<word>
		<sanskrit>yajñā</sanskrit>
		<indonesian>dari korban suci</indonesian>
	</word>	<word>
		<sanskrit>tapaḥ</sanskrit>
		<indonesian>dan per tapaan</indonesian>
	</word>	<word>
		<sanskrit>kriyāḥ</sanskrit>
		<indonesian>kegiatan</indonesian>
	</word>	<word>
		<sanskrit>dāna</sanskrit>
		<indonesian>dari kedermawanan</indonesian>
	</word>	<word>
		<sanskrit>kriyāḥ</sanskrit>
		<indonesian>kegiatan</indonesian>
	</word>	<word>
		<sanskrit>ca</sanskrit>
		<indonesian>juga</indonesian>
	</word>	<word>
		<sanskrit>vividhāḥ</sanskrit>
		<indonesian>berbagai</indonesian>
	</word>	<word>
		<sanskrit>kriyante</sanskrit>
		<indonesian>dilakukan</indonesian>
	</word>	<word>
		<sanskrit>mokṣa-kāńkṣibhiḥ</sanskrit>
		<indonesian>oleh orang yang sungguh-sungguh menginginkan pembebasan.</indonesian>
	</word>	<word>
		<sanskrit>sat-bhāve</sanskrit>
		<indonesian>dalam pengertian sifat Yang Mahakuasa</indonesian>
	</word>	<word>
		<sanskrit>sādhu-bhāve</sanskrit>
		<indonesian>dalam pengertian sifat seorang penyembah</indonesian>
	</word>	<word>
		<sanskrit>ca</sanskrit>
		<indonesian>juga</indonesian>
	</word>	<word>
		<sanskrit>sat</sanskrit>
		<indonesian>kata</indonesian>
	</word>	<word>
		<sanskrit>sat</sanskrit>
		<indonesian></indonesian>
	</word>	<word>
		<sanskrit>iti</sanskrit>
		<indonesian>demikian</indonesian>
	</word>	<word>
		<sanskrit>etat</sanskrit>
		<indonesian>ini</indonesian>
	</word>	<word>
		<sanskrit>prayujyate</sanskrit>
		<indonesian>digunakan</indonesian>
	</word>	<word>
		<sanskrit>praśaste</sanskrit>
		<indonesian>dalam yang dapat dipercaya</indonesian>
	</word>	<word>
		<sanskrit>karmaṇi</sanskrit>
		<indonesian>kegiatan</indonesian>
	</word>	<word>
		<sanskrit>tathā</sanskrit>
		<indonesian>juga</indonesian>
	</word>	<word>
		<sanskrit>sat</sanskrit>
		<indonesian>-</indonesian>
	</word>	<word>
		<sanskrit>śabdaḥ</sanskrit>
		<indonesian>suara</indonesian>
	</word>	<word>
		<sanskrit>sat</sanskrit>
		<indonesian></indonesian>
	</word>	<word>
		<sanskrit>pārtha</sanskrit>
		<indonesian>wahai putera</indonesian>
	</word>	<word>
		<sanskrit>Pṛthā</sanskrit>
		<indonesian></indonesian>
	</word>	<word>
		<sanskrit>yujyate</sanskrit>
		<indonesian>digunakan</indonesian>
	</word>	<word>
		<sanskrit>yajñe</sanskrit>
		<indonesian>dalam korban suci</indonesian>
	</word>	<word>
		<sanskrit>tapasi</sanskrit>
		<indonesian>dalam pertapaan</indonesian>
	</word>	<word>
		<sanskrit>dāne</sanskrit>
		<indonesian>dalam kedermawanan</indonesian>
	</word>	<word>
		<sanskrit>ca</sanskrit>
		<indonesian>juga</indonesian>
	</word>	<word>
		<sanskrit>sthitiḥ</sanskrit>
		<indonesian>keadaan</indonesian>
	</word>	<word>
		<sanskrit>sat</sanskrit>
		<indonesian>Yang Mahakuasa</indonesian>
	</word>	<word>
		<sanskrit>iti</sanskrit>
		<indonesian>demikian</indonesian>
	</word>	<word>
		<sanskrit>ca</sanskrit>
		<indonesian>dan</indonesian>
	</word>	<word>
		<sanskrit>ucyate</sanskrit>
		<indonesian>diucapkan</indonesian>
	</word>	<word>
		<sanskrit>karma</sanskrit>
		<indonesian>pekerjaan</indonesian>
	</word>	<word>
		<sanskrit>ca</sanskrit>
		<indonesian>juga</indonesian>
	</word>	<word>
		<sanskrit>evā</sanskrit>
		<indonesian>pasti</indonesian>
	</word>	<word>
		<sanskrit>tat</sanskrit>
		<indonesian>untuk itu</indonesian>
	</word>	<word>
		<sanskrit>arthīyam</sanskrit>
		<indonesian>dimaksudkan</indonesian>
	</word>	<word>
		<sanskrit>sat</sanskrit>
		<indonesian>Yang Mahakuasa</indonesian>
	</word>	<word>
		<sanskrit>iti</sanskrit>
		<indonesian>demikian</indonesian>
	</word>	<word>
		<sanskrit>evā</sanskrit>
		<indonesian>pasti</indonesian>
	</word>	<word>
		<sanskrit>abhidhīyate</sanskrit>
		<indonesian>ditunjukkan.</indonesian>
	</word>	<word>
		<sanskrit>aśraddhayā</sanskrit>
		<indonesian>tanpa keyakinan</indonesian>
	</word>	<word>
		<sanskrit>hutam</sanskrit>
		<indonesian>dipersembahkan dalam korban suci</indonesian>
	</word>	<word>
		<sanskrit>dattam</sanskrit>
		<indonesian>diberikan</indonesian>
	</word>	<word>
		<sanskrit>tapaḥ</sanskrit>
		<indonesian>pertapaan</indonesian>
	</word>	<word>
		<sanskrit>taptam</sanskrit>
		<indonesian>dilaksanakan</indonesian>
	</word>	<word>
		<sanskrit>kṛtam</sanskrit>
		<indonesian>dilakukan</indonesian>
	</word>	<word>
		<sanskrit>ca</sanskrit>
		<indonesian>juga</indonesian>
	</word>	<word>
		<sanskrit>yat</sanskrit>
		<indonesian>itu yang</indonesian>
	</word>	<word>
		<sanskrit>asat</sanskrit>
		<indonesian>palsu</indonesian>
	</word>	<word>
		<sanskrit>iti</sanskrit>
		<indonesian>demikian</indonesian>
	</word>	<word>
		<sanskrit>ucyate</sanskrit>
		<indonesian>dikatakan sebagai</indonesian>
	</word>	<word>
		<sanskrit>pārtha</sanskrit>
		<indonesian>wahai putera</indonesian>
	</word>	<word>
		<sanskrit>Pṛthā</sanskrit>
		<indonesian></indonesian>
	</word>	<word>
		<sanskrit>na</sanskrit>
		<indonesian>tidak pernah</indonesian>
	</word>	<word>
		<sanskrit>ca</sanskrit>
		<indonesian>juga</indonesian>
	</word>	<word>
		<sanskrit>tat</sanskrit>
		<indonesian>itu</indonesian>
	</word>	<word>
		<sanskrit>pretya</sanskrit>
		<indonesian>sesudah meninggal</indonesian>
	</word>	<word>
		<sanskrit>na u</sanskrit>
		<indonesian>tidak juga</indonesian>
	</word>	<word>
		<sanskrit>iha</sanskrit>
		<indonesian>dalam hidup ini.</indonesian>
	</word></root>