<?xml version="1.0" encoding="UTF-8"?>
<root>	<word>
		<sanskrit>Arjunaḥ
uvāca</sanskrit>
		<indonesian/>
	</word>	<word>
		<sanskrit>sannyāsam</sanskrit>
		<indonesian>melepaskan ikatan</indonesian>
	</word>	<word>
		<sanskrit>karmaṇām</sanskrit>
		<indonesian>dari segala kegiatan</indonesian>
	</word>	<word>
		<sanskrit>kṛṣṇa</sanskrit>
		<indonesian>o Krishna</indonesian>
	</word>	<word>
		<sanskrit>punaḥ</sanskrit>
		<indonesian>lagi</indonesian>
	</word>	<word>
		<sanskrit>yogam</sanskrit>
		<indonesian>bhakti</indonesian>
	</word>	<word>
		<sanskrit>ca</sanskrit>
		<indonesian>juga</indonesian>
	</word>	<word>
		<sanskrit>śaḿsasi</sanskrit>
		<indonesian>Anda memuji</indonesian>
	</word>	<word>
		<sanskrit>yat</sanskrit>
		<indonesian>yang</indonesian>
	</word>	<word>
		<sanskrit>śreyaḥ</sanskrit>
		<indonesian>lebih bermanfaat</indonesian>
	</word>	<word>
		<sanskrit>etayoḥ</sanskrit>
		<indonesian>di antara keduanya</indonesian>
	</word>	<word>
		<sanskrit>ekam</sanskrit>
		<indonesian>satu</indonesian>
	</word>	<word>
		<sanskrit>tat</sanskrit>
		<indonesian>itu</indonesian>
	</word>	<word>
		<sanskrit>me</sanskrit>
		<indonesian>kepada hamba</indonesian>
	</word>	<word>
		<sanskrit>brūhi</sanskrit>
		<indonesian>mohon memberitahukan</indonesian>
	</word>	<word>
		<sanskrit>su-niścitam</sanskrit>
		<indonesian>secara pasti.</indonesian>
	</word></root>